bin_id,phase_center,bin_count,acc_H_x,acc_H_y,acc_H_z,acc_H_std_x,acc_H_std_y,acc_H_std_z,omega_H_x,omega_H_y,omega_H_z,omega_H_std_x,omega_H_std_y,omega_H_std_z,alpha_H_x,alpha_H_y,alpha_H_z,orientation_quat_w,orientation_quat_x,orientation_quat_y,orientation_quat_z,orientation_R_00,orientation_R_01,orientation_R_02,orientation_R_10,orientation_R_11,orientation_R_12,orientation_R_20,orientation_R_21,orientation_R_22,orientation_dispersion_rad,left_foot_z_mean,left_foot_z_std,right_foot_z_mean,right_foot_z_std
0,0.0,20,-0.3011558790950736,2.123858632613031,-2.465515999184124,0.0004666122999919759,0.00420634765741047,0.004386475247810272,-0.5430673028524184,0.02933694385706224,-0.004320594894312383,0.0021204075535653016,0.000350740643282432,0.0007494815639358702,-12.662680344130488,-0.8474454273342579,1.9635793721806079,0.9999098638978362,0.009105629376677967,0.009442980795576613,0.002860368360869507,0.9998052968130691,-0.005548252510158194,0.018936350192539492,0.005892189643500628,0.9998178116129894,-0.01815559645447648,-0.01883216837584008,0.01826363806847634,0.9996558352546979,0.0002749581839448848,0.047645520465020984,8.277449799257584e-05,0.036193858132293456,2.0562153374415145e-05
1,0.0025,20,-0.6021353987714367,1.6205236359144313,-1.3972021108282733,0.0049840653272693975,0.0027326039912789826,0.013510821550031783,-0.5517995739298047,0.02139748638388769,-0.010005372131776399,0.002228019728876118,0.00030954850087771846,0.0007014534725911799,-4.362981404614848,-3.911249410526737,-2.8423886187320084,0.9999140836699787,0.008561714460851588,0.009474747545867988,0.002958290529990712,0.9998029553521645,-0.0057538325628977245,0.01899852309828198,0.006078312895203229,0.999835891125262,-0.017065899627654854,-0.018897210943041896,0.01717801585141083,0.9996738524088659,0.0002054079605476687,0.046804884327246936,8.428446133249394e-05,0.036367370527573856,2.2007088499178215e-05
2,0.005,20,-0.654693279813132,2.285481798705408,-1.974257310539611,0.0037793524910500038,0.006503562022077819,0.014070059773512519,-0.5692215833916203,0.013551156931324752,-0.036326042714250814,0.002362695742711213,0.0003003445758251742,0.0008518580624426403,-8.711004730907787,-3.9231647262814713,-13.160335291237203,0.9999184818648558,0.008010121259700437,0.009497740349944146,0.002942874569553113,0.9998022648350259,-0.005733113240020074,0.019041077788033888,0.006037425447604884,0.9998543548933455,-0.015963035262017995,-0.018946786659417052,0.01607483789619427,0.9996912617712999,0.00020960483671837656,0.04588084080735034,8.588350834702976e-05,0.036577984432190194,2.3635658951487322e-05
3,0.0075,20,-0.6349344432594043,2.559870302183004,-2.417038303711385,0.0031853492087467556,0.00691373411066774,0.014219377196530679,-0.5929781149672979,0.00567578581422121,-0.06611551317236415,0.002509241410981188,0.0003151254944440886,0.0010263939145943827,-11.878265787838703,-3.9376855585517694,-14.89473522905667,0.9999228561557649,0.007441331538810541,0.009512744538905204,0.002901036636215222,0.9998021833555457,-0.005660050706277669,0.01906719652927712,0.005943200650109681,0.9998724211427297,-0.014826321330942178,-0.018980846227611866,0.01493670861261546,0.999708268552534,0.00021406294955735256,0.044898840842705526,8.755663330555139e-05,0.03682008210045577,2.54163183428128e-05
4,0.01,20,-0.611304339045337,2.632057884917795,-2.7567154694188893,0.002655490266347764,0.006467518778175303,0.014219347722233554,-0.6213646136386703,-0.0022711144211337007,-0.09112540837010066,0.0026619716494183363,0.0003490437639453495,0.0011830502673732513,-14.193249335686236,-3.973450117677455,-12.504947598868252,0.9999272277938971,0.006849044096925094,0.009519721362120348,0.00282924310688898,0.9998027405772594,-0.005527672450453776,0.01907681240359069,0.005788476416052185,0.999890171956801,-0.013643224141666363,-0.018999301960390676,0.013750958565839496,0.9997249310002919,0.00021880742359495122,0.04387911367704521,8.929677310889172e-05,0.03708907122071513,2.7323000646125374e-05
5,0.0125,20,-0.5823383227833046,2.6346697928248894,-3.0135168645487265,0.0023707154828142237,0.005575419819502528,0.014176541811208613,-0.6532594647116114,-0.010320654506374441,-0.10955308666092056,0.0028177505621512573,0.00039910848339364164,0.0013003022695205267,-15.947425536470556,-4.02477004262037,-9.21383914540996,0.9999315651179236,0.006228584256057393,0.009518653691284582,0.00273222453147952,0.99980386036203,-0.005345499630991008,0.01907004034808496,0.0055826505770725995,0.9999074793745496,-0.012404301809012683,-0.019001968785281813,0.012508330205500625,0.9997411999401412,0.00022386205431789897,0.0428376162062219,9.110110627217916e-05,0.03738105753298061,2.933316820169391e-05
6,0.015,20,-0.5268440287351639,2.637751911929078,-3.1984586613193864,0.0018930191631622124,0.00502959948228338,0.014062388369405607,-0.6878155354727709,-0.01848200793695977,-0.1229080058793682,0.0029748307915841905,0.00046259657408739396,0.0013959723569868475,-17.27803538057966,-4.0806767152926655,-6.6774596092238125,0.9999358115441402,0.005576381811598878,0.009509498165619265,0.0026165248118429013,0.9998054464850942,-0.005126656537094636,0.01904695701397274,0.005338770907527405,0.9999241155276005,-0.01110228406872518,-0.01898859404849131,0.011201811420319249,0.9997569468210588,0.0002292465509864516,0.04178681048331896,9.296926583778565e-05,0.03769265312788568,3.142687126170718e-05
7,0.0175,20,-0.5063957209479146,2.561292374233531,-3.3257308023847245,0.001217528888382059,0.004564366685154919,0.01394641431938603,-0.724186695623997,-0.026917918314855176,-0.12838745759706172,0.0031316562075695185,0.0005350161873296528,0.0014761748239856597,-18.185580075613153,-4.217955188947704,-2.7397258588467506,0.9999398996558282,0.004889728151525041,0.009492182985757904,0.0024871865755263507,0.9998074247302068,-0.004881245800784509,0.01900754833701993,0.005066902578244058,0.9999398089230854,-0.009731650894171223,-0.01895890167215414,0.00982608621454969,0.9997719780415382,0.00023497247746251084,0.04073622695658817,9.490273548752197e-05,0.03802087249614085,3.358617189964248e-05
8,0.02,20,-0.5810703805798134,2.1168208953471273,-2.7854743495762113,0.08237574835123851,0.38110720075122295,0.6105518195067251,-0.7590560676945894,-0.03426295670140553,-0.12715326088230955,0.00043588510614749477,0.0008587701440326025,0.0007168507449950294,-17.4346860352962,-3.672519193275176,0.617098357376087,0.9999437443378963,0.004166733830090216,0.009466482159508264,0.0023520638215689875,0.999809707022606,-0.004624974386390853,0.018951500080364905,0.004782751632254727,0.9999542122499369,-0.008288467315029774,-0.01891229838478145,0.008377530395849403,0.9997860480894258,0.00024104628502699723,0.03969290198477407,9.690387713407245e-05,0.03836310765512253,3.579443107793661e-05
9,0.0225,20,-0.5665675334577338,1.6213692534186415,-1.9432891022036753,0.0872757305771442,0.041173325101202536,0.16861593196617597,-0.7895466598340636,-0.04178953713237017,-0.12321302373056182,0.0014266047412010137,0.0009131592100465664,0.0019869306977176385,-15.245296069737126,-3.763290215482319,1.9701185758738533,0.9999472334991607,0.0034088409456533436,0.009433506968965152,0.002217874443877307,0.9998121799584354,-0.004371200179173376,0.018881139154056727,0.004499829478441035,0.9999669216727168,-0.006775477478044235,-0.0188508976291903,0.006859166814134661,0.9997987774993474,0.0002419300609651512,0.038706779847493974,5.429411068907352e-05,0.03871814946011638,3.9172083699285875e-05
10,0.025,20,-0.4008662809519466,1.5242218867280601,-1.5841905966901944,0.08029281365126831,0.0027810727288717463,0.13348014942672723,-0.8165257206088177,-0.0524909359612023,-0.12065855389588187,0.0027201817124096095,0.0024372090635570633,0.004875951839580622,-13.489530387376949,-5.350699414416068,1.2772349173399706,0.999950272085766,0.0026204034509351424,0.00939306997121914,0.0020873614619090416,0.9998148263172862,-0.004125288057619662,0.018796145205238708,0.004223742589489493,0.9999775528157633,-0.005201332822940276,-0.018774266288526166,0.005279759752008027,0.9998098074445402,0.00023900724124280978,0.03781575176705634,2.2578399472924716e-05,0.03908547168165215,4.292525983888787e-05
11,0.0275,20,-0.7882984201090195,0.9180978100520131,-1.8824421084167837,0.09610762186361028,0.024858349936657916,0.11299435847603179,-0.8353389701521085,-0.0519639568813131,-0.12497793008712636,0.0033194818223348404,0.0020280903326646265,0.005523107410530763,-9.406624771645458,0.2634895399446013,-2.159688095622229,0.9999528144343545,0.0018049400640445074,0.009341987270067974,0.001959175853419239,0.9998177778076426,-0.0038844433629937137,0.018690165316209456,0.003951890271399872,0.9999858076426812,-0.003573104602088324,-0.018676020536248075,0.0036463149856181924,0.9998189389304222,0.00023366865557698351,0.03699933317917888,7.059368738574889e-06,0.03946384617441338,4.694205580702131e-05
12,0.03,20,-0.643217029352715,1.0171831802838738,-1.3931027932187487,0.0848351715868577,0.06450948300295158,0.07181911629073323,-0.8537691632025673,-0.05401884766055872,-0.14209860805759403,0.004051905024357693,0.0013964268646777624,0.004263251137682002,-9.21509652522936,-1.0274453896228064,-8.560338985233841,0.9999546938074657,0.0009707016437445552,0.009291501151565032,0.0018264931116871634,0.9998206638585269,-0.0036347821695958083,0.01858570633778146,0.0036708592713585227,0.9999914433224636,-0.001907373604196847,-0.018578614418318245,0.0019752570555991145,0.9998254514893385,0.00022778230689081376,0.03620302049813199,2.1965455459177166e-05,0.039887877247722456,5.060715584301393e-05
13,0.0325,20,-0.5357650956466532,0.8632405976568739,-0.8972635161172828,0.08187209127802147,0.05479342474437311,0.05752231470006355,-0.8707232707294009,-0.05818203150665789,-0.15903748076476942,0.004401111183381738,0.0006754761293548745,0.002403408467198835,-8.477053763416833,-2.081591923049589,-8.469436353587705,0.999955907292107,0.00011818771516640925,0.009238981786991673,0.0016765198545321237,0.999823660993434,-0.0033507079961680648,0.0184775451186351,0.003355075732759539,0.9999943506256826,-0.00020538633509691132,-0.018476752542430946,0.0002673436807031202,0.9998292544944073,0.0002207663095522435,0.03542774029045107,3.6246720016012536e-05,0.04035210039591623,5.3853823095826056e-05
14,0.035,20,-1.0399447650286249,-1.7570047195957514,3.871031657347075,0.06807579981272205,0.09673876188751931,0.07655157613222668,-0.8696988508485435,-0.04565546679521944,-0.16263424269251525,0.004434921548958427,0.00035616815616578036,0.0003225414528815797,0.5122099404286602,6.263282355719232,-1.7983809638729102,0.9999564202778035,-0.0007511301689616894,0.009182314871629144,0.0015094509824326696,0.9998268133026598,-0.0030325646293983444,0.01836156182945289,0.0030049761745143994,0.9999943147224019,0.0015299153782431588,-0.018366097006138785,-0.0014744743614272119,0.999830241794135,0.0002128750931586682,0.03467387744408609,4.729976724061768e-05,0.04085187935710142,5.6812082758118186e-05
15,0.0375,20,-0.8993362227908117,-2.552067211258144,5.007322489436804,0.05608965775778694,0.04343121301642512,0.016303240236627204,-0.8613928839844256,-0.03449954523556621,-0.14587536172596274,0.004320974858579763,0.0012716398923379568,0.0009357435736719739,4.152983432059012,5.577960779826606,8.37944048327626,0.9999560392618309,-0.0016193664454950598,0.00913809620498161,0.0013388031429897027,0.9998294056077857,-0.0027070844291706532,0.018271052949280196,0.0026478927236904416,0.9999911705169191,0.003263058737741842,-0.01827972500082772,-0.003214122290061156,0.9998277457001274,0.00020433681205123735,0.034020364870237345,5.670937848682033e-05,0.041389990677476764,5.9587964454420485e-05
16,0.04,20,-0.7587254752074,-2.969052895160419,5.812052583229677,0.06731476179569397,0.05129271185934931,0.0031390005586512315,-0.8478371284242969,-0.025339359873368668,-0.12079599714885661,0.004127707363175458,0.0022844638535496637,0.002889361428436066,6.777877780064235,4.580092681098774,12.53968228855306,0.9999547730650167,-0.002479432383117396,0.00910494366136959,0.0011850065282231843,0.9998313915209027,-0.002415056052340874,0.018203187458228614,0.0023247556836990366,0.9999848963491712,0.004980219327336073,-0.018214940032469745,-0.004937061656624764,0.9998219048319616,0.0001956109723452357,0.03345582323604797,6.379275232493082e-05,0.04196422619391006,6.210776739080252e-05
17,0.0425,20,-0.9782550494159651,-4.189985650533594,8.348950780687792,0.09682270811207314,0.00903475992635514,0.17573884327069908,-0.8207595324032851,-0.0098590937893619,-0.08803932078122476,0.0028354207321721224,0.002537124602598357,0.004604712002975926,13.53879801050592,7.740133042003383,16.378338183815924,0.9999526783904835,-0.003326158456223945,0.009080836834085745,0.0010564336301874437,0.9998328447007554,-0.002173175880546,0.018153786497237024,0.0020523586716448636,0.9999756412358182,0.006671188716948125,-0.018167841959846973,-0.006632815511261033,0.9998129501446336,0.00018674358874353782,0.032969230493949356,6.898516707446378e-05,0.0425719612255626,6.436083362017852e-05
18,0.045,20,-0.7951410928770581,-4.488647641404221,8.968655931904774,0.06649469967427035,0.004075792830657317,0.08586601745734564,-0.7878629192543152,0.003141876086898155,-0.04638525184081841,0.0021549649763084495,0.003483255050653456,0.005784369925724081,16.44830657448497,6.500484938130027,20.827034470203177,0.9999497912406964,-0.0041460877827290965,0.009072022950610872,0.0009609127793432549,0.9998335500924281,-0.001996955873249942,0.01813516685371889,0.001846502259169279,0.9999637732054568,0.008309194071186597,-0.018151102968657705,-0.008274324380035648,0.999801016711363,0.0001803004602831923,0.032584079308331584,6.980508177496386e-05,0.043213082784876504,6.615733295187405e-05
19,0.0475,20,-0.552680441939805,-4.425961792118938,9.03326310961271,0.055071568691959734,0.015123272408803543,0.05739350924733754,-0.7521825983489647,0.01190627462223006,-0.0024908339733599504,0.0016019644613722718,0.0046879234101313404,0.007167237137124215,17.840160452675327,4.382199267665953,21.947208933729232,0.9999462305225822,-0.004933486740260327,0.009075979550258568,0.0009073959807784645,0.9998336064554747,-0.0019042468306736831,0.01814202982708352,0.001725141931609385,0.9999496746822355,0.009882913953243975,-0.018159936331240866,-0.009849971923781847,0.9997865746075739,0.00017584055213222646,0.032290721657964004,6.858170621291265e-05,0.043885025755409646,6.755763542997295e-05
20,0.05,20,-0.34401478442247535,-4.256258532633009,8.97902608290728,0.0446638241567401,0.03501775641949456,0.023717386228050467,-0.7150690253175729,0.016895395897606563,0.03895044111223513,0.0012085184811175226,0.006120707205018721,0.008729401564907717,18.556786515695848,2.494560637688247,20.720637542797544,0.9999421320967098,-0.005685596366475698,0.009088443199980313,0.0008981380988402565,0.9998331870963123,-0.0018995186902126808,0.018165621640233595,0.0016928258116737655,0.9999337346838258,0.011386860060064126,-0.018186047443079036,-0.011354209351675935,0.9997701483883165,0.0001739616501890222,0.032074396401403915,6.619091840622436e-05,0.04458453309594211,6.861504995409421e-05
21,0.0525,20,-2.2175540032616197,-4.496955633449842,1.7739190148492454,0.05891301823850325,0.04331859975496553,0.008705030384338973,-0.6646169181986041,0.07691554631653194,0.05495447566043008,0.0022834042104980332,0.006496058562853236,0.008994029483359808,25.226053559484335,30.01007520946269,8.002017274097481,0.9999376225734394,-0.006400964524039913,0.009105626918313847,0.0009306845676112711,0.9998324427693202,-0.0019778226175525475,0.018198203307678223,0.0017446834380594682,0.9999163229587952,0.012818079429593399,-0.01822203242327963,-0.012784181563788195,0.999752230423173,0.0001755982465827234,0.0319224037511618,6.345093909199993e-05,0.04530835701542558,6.93903074224742e-05
22,0.055,20,-1.7631192722477596,-3.3443273435780347,1.965217248798584,0.04752803522774171,0.009265918950795605,0.021136940753361897,-0.6218966360957409,0.1207101006747241,0.026762331148584655,0.0029441722058229946,0.006625822705848262,0.006975331110217157,21.360141051431643,21.897277179096086,-14.09607225592272,0.9999323915229672,-0.007065966744740427,0.009182807149225498,0.000980076518364747,0.9998294310057566,-0.0020897913336475134,0.018350522251066374,0.0018302496938883454,0.9998982231279607,0.014148977758299357,-0.018378223003410635,-0.014112978343660845,0.9997314963336447,0.00017817537394897027,0.031823027648797436,6.062799152325776e-05,0.04616069666140209,7.235909157076948e-05
23,0.0575,20,-1.4090939068905248,-3.0430163880932617,2.122693386470423,0.03573575119794379,0.02730126006485434,0.033220788836732684,-0.582677742720558,0.15201994462020707,-0.00664737416400295,0.003220599885837317,0.006580730657857472,0.004523342149281112,19.609446687591472,15.654921972741482,-16.704852656293806,0.9999266611629903,-0.0076879380793950965,0.009303974484902701,0.0010019791943867635,0.9998248641929566,-0.002146868180260286,0.018591177976462248,0.0018607546613314708,0.9998797832915628,0.015393393287632659,-0.018621990592475397,-0.015356103732196747,0.9997086633337433,0.0001811658831433019,0.03176709251986559,5.778063142146758e-05,0.04710889175294721,7.688742670553885e-05
24,0.06,20,-1.101023922956034,-2.9157800535901695,2.2945988004988944,0.033108172532957884,0.028003007330089848,0.030187388189214792,-0.5459332417436145,0.17309765484748632,-0.03712540233207152,0.003607961939889324,0.006452238437409917,0.0022005873589720604,18.372250488471686,10.53885511363961,-15.239014084034284,0.9999205921104273,-0.008270342354165608,0.009456673411291704,0.0009910796485696075,0.9998191781782447,-0.002138421751338467,0.018895451817639637,0.001825582044766797,0.9998612383969502,0.016558115880588642,-0.0189282380896153,-0.01652062661434424,0.9996843455306741,0.00018397927177603765,0.03174667391524816,5.4949540279408965e-05,0.04812768436259862,8.254799199679227e-05
25,0.0625,20,-0.865343905096106,-2.895643596014472,2.4170809112983904,0.02925470951459811,0.031718361209188,0.032949870929888866,-0.5111171360629287,0.18571497146908314,-0.06034577310972171,0.003904464619986747,0.00622168542177662,8.922863516477774e-05,17.408052840342883,6.3086583107984,-11.6101853888251,0.9999143118826258,-0.008815690885061267,0.009630657155570157,0.0009502259025533388,0.999812695026972,-0.002070090751976357,0.01924291004972306,0.0017304871659623178,0.9998427613299063,0.017648173569987612,-0.01927641764103462,-0.017611568370436276,0.9996590680739418,0.00018579723941198218,0.03175498494576183,5.2159125027194476e-05,0.04919530880157427,8.903518825107783e-05
26,0.065,20,-0.6801803171374228,-2.9095390886999812,2.5065488091899697,0.02657958569426075,0.03182142058621907,0.03410727981365313,-0.4778888643060412,0.19142978299792707,-0.07541621657407993,0.004136895335367586,0.005913116604839883,0.0020104438591098633,16.61413587844382,2.8574057644219906,-7.535221732179105,0.9999079248613831,-0.009325988481996075,0.009817417105422914,0.0008866000307635081,0.9998056645235271,-0.0019561510315818063,0.01961648948741407,0.001589922556189305,0.9998244797584382,0.018667667825243085,-0.019649563174114218,-0.01863285133601234,0.9996332885204237,0.00018644826487773634,0.0317862354603369,4.943252337629103e-05,0.050293733463145016,9.607934022507955e-05
27,0.0675,20,-0.5314111610642146,-2.9077641347136765,2.61728070621206,0.02419249285541067,0.03310531823466906,0.03577305413542362,-0.4464155589658346,0.1916758894127074,-0.08283904545383627,0.004312979416593612,0.005540966278320785,0.0038296934027182597,15.736652670103222,0.12305320739015528,-3.7114144398781796,0.999901520042582,-0.009802907310055143,0.01000999006509018,0.0008082844185633795,0.999798293550391,-0.0018126636470618192,0.020002161488918955,0.0014201556279312118,0.9998064993691383,0.019620065678320527,-0.020033855637860306,-0.01958770200232218,0.9996074062143345,0.00018610554367994042,0.0318355051491736,4.67875535678333e-05,0.05140770851450329,0.0001034525214656388
28,0.07,20,-0.41540841022691144,-2.8990088851747884,2.6914917654397787,0.021497931365334934,0.03991205692806484,0.03866459499156875,-0.4165694951280597,0.1876213047963873,-0.08365993206021698,0.00441477143708878,0.005111470659535045,0.0057959492290623115,14.923031918887592,-2.0272923081600376,-0.41044330319034916,0.9998951705750719,-0.010248281518487789,0.010202845395733816,0.0007228640234977662,0.9997907588268685,-0.0016546997559659378,0.02038873544661192,0.0012364532283455892,0.9997889003870427,0.02050916493380718,-0.020418367902661487,-0.020479663854311637,0.9995817493434972,0.0001850498873417585,0.03189863812003478,4.423824254166324e-05,0.052522984093563575,0.00011097669468888677
29,0.0725,20,-0.32553088994706375,-2.8777314392589206,2.7422327367917423,0.01952078710037578,0.03425706522344504,0.037966739409313235,-0.3882543801024357,0.18023767857271028,-0.0791546646101318,0.004496280595449614,0.004643425627366219,0.007292793373387917,14.157557512811977,-3.691813111838498,2.25263372504258,0.9998889396985076,-0.01066380747494846,0.010391624289055273,0.0006368856778848686,0.9997832170425368,-0.0014952584518799,0.020767357131752436,0.0010520013287979657,0.9997717551735411,0.021338482851909788,-0.0207945236367625,-0.021312009745191148,0.9995565947095447,0.00018356819251296485,0.03197214059958099,4.1795998773164904e-05,0.053627424202337716,0.00011850107061303003
30,0.075,20,-0.2615009207831938,-2.808800708639635,2.7300023118274597,0.01697907672915149,0.021872658211509386,0.034980998667845487,-0.36164247580829617,0.17112860133980007,-0.07178751824727657,0.004588010098883238,0.004150813340112398,0.007995698781852285,13.305952147069718,-4.554538616455123,3.683573181427623,0.9998828820694414,-0.011051072906948489,0.010572947090535469,0.000555627513440621,0.999775808135774,-0.0013448096972698037,0.021131137057384362,0.0008774400607145382,0.9997551301313432,0.022111306496921657,-0.021155698178024915,-0.022087808015715044,0.9995321731548521,0.00018241541840710416,0.032053098270024435,3.946718969967199e-05,0.05471081837839883,0.00012591399818196066
31,0.0775,20,-1.1486126833371901,-2.267500410938566,-0.11132306235944878,0.012124594166597943,0.020855270650558227,0.011779272733870753,-0.34889392776877887,0.16705039536386324,-0.06538618206203865,0.003939123941911043,0.0032807560157262798,0.0076615739044875964,6.374274019758676,-2.039102987968413,3.2006680926189524,0.999877033433675,-0.01141181240393415,0.01074505962004808,0.00048191627145035887,0.9997686229009378,-0.001208955233028558,0.021476477597754902,0.0007184728144162516,0.9997390765887294,0.022831174703231795,-0.02149847575009168,-0.022810461826957375,0.9995086284628381,0.0001822894981027468,0.03213913103655045,3.725484684414246e-05,0.055764626138025075,0.00013312964579112357
32,0.08,20,-0.9645351555391081,-2.1644554105433853,0.24367806099960462,0.00199433527181424,0.031693494696841476,0.020351497419340944,-0.3393248928607328,0.1573028492675773,-0.05642429419682739,0.0035928472986445172,0.0026702530702960785,0.004825879093101306,4.784517454023005,-4.873773048142978,4.48094393260564,0.9998712114660422,-0.011759873342246279,0.01091301460520976,0.0004146958282266629,0.9997614682791931,-0.0010859561793965153,0.021813464727284383,0.0005726135012391133,0.9997230668126887,0.023525768774058316,-0.021832971808946396,-0.023507666447537687,0.9994852229824016,0.00018344966191215386,0.03222840697158126,3.514549868427934e-05,0.05687127113656221,0.00013866460310428305
33,0.0825,20,-0.8132980478424437,-2.0858423268416244,0.5154222796754739,0.00858367892048822,0.005752214378127639,0.011754092878547388,-0.3320301682793413,0.1441524632982827,-0.04456861610805404,0.003139144147352136,0.0021298562860886648,0.003408192656851191,3.647362290695784,-6.5751929846472805,5.927839044386666,0.9998654562299378,-0.012098468298986122,0.011071109408718966,0.00035642583668681337,0.9997546069941662,-0.0009806426960539828,0.022130615306468503,0.0004448688311900092,0.9997070000508828,0.024201573109766505,-0.02214786413321288,-0.02418578899203029,0.9994621152025572,0.00018528402970724472,0.03231933552895298,3.312633687463681e-05,0.05800874435842327,0.00014284828833619829
34,0.085,20,-0.6828322438025125,-2.0542841264510505,0.7490710258440763,0.0057727091603055995,0.014475239644434425,0.011376748586500177,-0.3266094249550801,0.127590108951393,-0.029073328915279185,0.002757858968616634,0.001709120059742783,0.001664745853266898,2.710371662130536,-8.28117717344487,7.747643596387434,0.999859792607724,-0.012429905716262164,0.011215904456050979,0.0003099315357810473,0.9997482148593517,-0.0008986014319998994,0.022420958967133846,0.000340950892354626,0.9996908027726559,0.024863278228177375,-0.022436368646206867,-0.024849373578204423,0.9994394018622351,0.0001871212562632133,0.032410627859464955,3.1200519222723145e-05,0.059159008011989755,0.00014588389994498843
35,0.0875,20,-0.5894507873465668,-2.0339773885814325,0.9383967968150693,0.00511860521843628,0.016528041578057782,0.009367226815931388,-0.32261291669141784,0.10841329745057196,-0.010182278962564923,0.0024152767588993254,0.0013880297111558543,8.038735511917526e-05,1.9982541318311793,-9.58840575041052,9.445524976357131,0.9998542489615693,-0.012756102569852235,0.01134393932905629,0.00027878526235109574,0.9997424746385524,-0.0008468981654744634,0.022677459449435344,0.00026808035096397226,0.9996744082520098,0.025514811755516592,-0.022691684303041398,-0.025502161663108806,0.9994171937754522,0.0001885938453561238,0.03250122257372638,2.9364807058764208e-05,0.06030717517331756,0.00014798873549177262
36,0.09,20,-0.5261038441114163,-2.0103786765819778,1.088384080769505,0.003854712149262574,0.014793397256454345,0.006980507173180197,-0.31973376305789203,0.08725816091262475,0.01127356549698372,0.002091147624516972,0.0011368887291164727,0.0016075812844186705,1.439576816762831,-10.577568268973597,10.727922229774322,0.9998488487481253,-0.013078523246128229,0.011452552385727614,0.000266327995551297,0.9997375362265019,-0.0008321404246912002,0.022894676282432875,0.00023301053427424048,0.9996577625981985,0.026159193092575483,-0.022908608989956527,-0.026146992551292134,0.9993955825471053,0.00018957517525454301,0.032590272217542016,2.7617812568653632e-05,0.061441081578789504,0.00014934151385148357
37,0.0925,20,-0.448808867819568,-1.9835895608378382,1.2084890916863056,0.002388731112068156,0.010738344943039485,0.00449954256908802,-0.31773814633421593,0.0652652004324911,0.03456300858792228,0.0017766864382621388,0.0009395021337133542,0.0028455190115356543,0.9978083618380877,-10.996480240066825,11.644721545469281,0.9998436098520729,-0.013398316043766338,0.01153972687586347,0.0002750796207228967,0.9997335180696655,-0.0008592990174437665,0.02306847314514934,0.00024084738647751398,0.9996408189167872,0.026798790045661075,-0.02308321555993192,-0.02678609267089204,0.9993746396616436,0.00019014789203512127,0.032677115831297184,2.595876613402928e-05,0.06255084861979214,0.00015009492526039128
38,0.095,20,-0.4155711348339085,-1.9532240897615032,1.2913805430213745,0.001403008800657529,0.00823480491749345,0.002184525392789909,-0.3164203148821175,0.04235129220555522,0.05887897923820766,0.0014721367861779272,0.0007876707568124571,0.0038523741899511668,0.6589157260492211,-11.456954113467944,12.157985325142686,0.9998385369412571,-0.013716387147450338,0.011604594637134981,0.000306845393410649,0.9997304784584247,-0.0009319379238940743,0.02319702422715793,0.00029524547296539674,0.9996235331390516,0.027435466548066827,-0.02321385946799966,-0.027421223282439615,0.999354388213858,0.0001905352350164057,0.032761254867317645,2.43868488586477e-05,0.06362853824658739,0.00015038108182117695
39,0.0975,20,-0.39230098618283044,-1.9197499917277419,1.348795228897456,0.0005630434996145736,0.005443674888791986,0.002068636035019608,-0.3156827988691359,0.018942805847454208,0.08367998773020761,0.0011156592016968254,0.0006911543129209883,0.004734341716495592,0.36875800649080714,-11.704243179050504,12.400504245999992,0.9998336347093127,-0.014033428034464552,0.011646214203263873,0.000362624182441575,0.999728468396868,-0.0010520003265190308,0.02327837563416938,0.0003982550909371809,0.9996058628026077,0.028070633116068517,-0.02329873107564078,-0.028053740320452523,0.9993348571846664,0.00019099745944554017,0.03284232294490973,2.2900930987508766e-05,0.06466786400364569,0.0001503144234611544
40,0.1,20,-0.37574725268800596,-1.8854669195658225,1.3820928764985563,0.00018747172705426972,0.00018948002758261906,0.002086552150242215,-0.3154129004081326,-0.004622156368991114,0.10851806956411011,0.0006857650448952293,0.0006379752215318155,0.005407260830391952,0.13494923050166338,-11.782481108222658,12.419040916951236,0.999828900308987,-0.014350026517431561,0.011664077471853133,0.0004428798950795602,0.9997275063082582,-0.0012203678789776493,0.023311452827126638,0.0005508485948877753,0.9995877611926951,0.028705474035470666,-0.02333687418008035,-0.028684810893842932,0.9993160520713592,0.00019186151083312234,0.032920065732053375,2.149761344217818e-05,0.06566399631471348,0.00015000955263063946
41,0.1025,20,-0.7234580532882852,-1.7445084572152278,-0.3354259975313707,0.013968337933728777,0.020639046822159925,0.0005144429742066101,-0.30172871167585213,0.007110794103529952,0.1123369170848961,0.0009510597542333699,0.0012085203299664607,0.005517846549304163,6.842094366140204,5.866475236260533,1.9094237603929998,0.9998243245482347,-0.014666652546128946,0.011658020473852494,0.0005476343567540283,0.9997275813104851,-0.0014370445730133106,0.023295880966012452,0.0007531080303507025,0.9995691787994049,0.029340920615720488,-0.02332800881734379,-0.029315383285547593,0.9992979597234447,0.00019342932480432307,0.03299432413333494,2.0173734055393284e-05,0.06661334971464497,0.00014956537800417415
42,0.105,20,-0.5335516916775347,-1.069338776817455,-0.24585169604446316,0.013168763156275572,0.014141108793013418,0.007157500407141789,-0.29380429504320865,0.011934726604786623,0.08902982787509092,0.0010235860210785804,0.0016131041991126356,0.0041141066096886955,3.962208316321741,2.4119662506283346,-11.653544604902594,0.9998197026393499,-0.014969633378940951,0.011663672172879058,0.0006565379697849442,0.9997270554186757,-0.0016620409880039608,0.023303482221727533,0.0009636374028833406,0.9995509580687887,0.029949184074402897,-0.02334279475255567,-0.029918553499808417,0.9992797376558874,0.00019660635478419648,0.03306519928225576,1.892723673765622e-05,0.06759056215754995,0.0001501559714216668
43,0.1075,20,-0.4226845030654746,-0.7770756508312688,-0.11972823539121916,0.010813818992353013,0.02312444956638127,0.010287610638773384,-0.2892494684687037,0.011916165743699953,0.05739768691687156,0.0010166134176842507,0.0019281994644586862,0.002436465796841436,2.277413287252492,-0.009280430543334318,-15.816070479109678,0.9998150591946451,-0.015264413603530912,0.011674505178648336,0.0007423030259617374,0.9997263098301027,-0.0018407404390115005,0.023322030531702086,0.0011279225363576937,0.9995328933271159,0.03054051322221304,-0.02336735381333182,-0.030505849140130176,0.9992614072123481,0.00020059029104478035,0.03313282378578732,1.7763266567774435e-05,0.06857758139913908,0.00015156276031380386
44,0.11,20,-0.3174823308870414,-0.7207887244269588,0.016851151726535108,0.023737198612228144,0.023863481150788207,0.014931053761517096,-0.28664751855842097,0.008689253442203322,0.02843150238617771,0.0009775330254142818,0.0019070915575163867,0.000853481868892128,1.3009749551413627,-1.6134561507483163,-14.483092265346926,0.9998104182065622,-0.015554268724581172,0.011685801920022328,0.0007964945379036305,0.9997256152598741,-0.0019562152807338505,0.023342395229312713,0.001229158867428835,0.9995148606417892,0.03112125519164215,-0.023391950789633572,-0.031084024482040864,0.9992430135158591,0.00020478932556444157,0.03319724742953206,1.6681928319190848e-05,0.06955989726056992,0.00015361179625642994
45,0.1125,20,-0.23307283899336667,-0.7390047324315315,0.1441209445637158,0.005446596905557418,0.023969913123253826,0.01681449365665772,-0.2851112936431786,0.003120605981075892,0.005034848387299303,0.0007273791411035805,0.0021009586948718454,0.00042900102146558244,0.768112457621173,-2.784323730563716,-11.698326999439201,0.9998057934134468,-0.01584118535433896,0.011694319286200456,0.0008217054886423078,0.9997251353930446,-0.0020135955748594577,0.02335806276683512,0.0012725880572373683,0.9994967632933188,0.031695436356295494,-0.02341012992264416,-0.03165699921092186,0.9992245994860037,0.0002084029545090829,0.03325850019913901,1.5679954901469078e-05,0.07052570481446804,0.00015615585526951683
46,0.115,20,-0.18066398996222685,-0.7685784732404859,0.24802367643667428,0.0050458736446577146,0.01739610857372051,0.01312712503090208,-0.28424379547666995,-0.004479952442300514,-0.012885397519140081,0.0006468840912922343,0.002289916568773168,0.0013672744572559676,0.43374908325437705,-3.8002792116882027,-8.960122953219692,0.9998011951442679,-0.016126296357177765,0.011697635546945211,0.0008234540089036547,0.9997249744922121,-0.0020238596795130164,0.023364061473627615,0.0012693015294798337,0.9994785289785914,0.03226544567208562,-0.023417178527163962,-0.03222691581254231,0.9992062157768227,0.00021198496513123407,0.033316616544132045,1.4757597750435886e-05,0.07146538995673764,0.00015907202362461673
47,0.1175,20,-0.15604409439351646,-0.7760294615776481,0.32289807580287355,0.0035684438522895563,0.010963639890512715,0.012089842213415369,-0.28405466716413225,-0.013711695146720724,-0.026830600952616218,0.0005782708173118494,0.0024576208542086294,0.001889496295164092,0.09456415626880683,-4.615871352210105,-6.972601716738071,0.999796633406835,-0.016410336270155135,0.011693637714241607,0.0008071733812800746,0.9997252146162813,-0.0019978115125830064,0.02335602726472566,0.0012302254041347141,0.999460098669266,0.032832875498136904,-0.02340901121118616,-0.03279512032576383,0.999187919401017,0.00021564230741263673,0.0333716468670784,1.3907586116999405e-05,0.07237116606627365,0.00016227173686856778
48,0.12,20,-0.1506972370590542,-0.7779520420687546,0.37708129977916033,0.0031134137435903436,0.015795357142949155,0.013231828045074499,-0.2843576571380905,-0.024180106999136166,-0.037614346406435344,0.00047984604703703104,0.002578117139946232,0.0025354956880077844,-0.1514949869791106,-5.234205926207723,-5.391872726909562,0.9997921127279299,-0.01669403118460958,0.01168063482540404,0.0007768010718482011,0.9997259187003407,-0.0019432729336475306,0.023330477257552936,0.0011632854055222035,0.9994414118058041,0.033399268475317996,-0.023382349022823625,-0.033362974356709034,0.9991697441857657,0.0002195525276857954,0.033423663041240136,1.3125886409278933e-05,0.07323682572104138,0.000165654111140398
49,0.1225,20,-0.12568017084372088,-0.8006437158669911,0.416853846485082,0.009742965618629302,0.02223435599967889,0.01445472233754406,-0.28498192167611375,-0.03544562725974039,-0.04472153469531599,0.00037616242225801787,0.0026113215300097178,0.003424592129160531,-0.3121322690116025,-5.632760130302107,-3.5535941444403205,0.9997876354565415,-0.016977910810967445,0.011657341813649517,0.0007354689336229521,0.9997271309345749,-0.0018664601114074767,0.023284758963236066,0.0010747908729870647,0.9994224192598851,0.03396575783488351,-0.02333470586707322,-0.03393146338387326,0.9991517138526691,0.00022365946470115293,0.03347275135813932,1.240908770829138e-05,0.07405756312927607,0.00016913114036143956
50,0.125,20,-0.09291618244768204,-0.8178091786063039,0.43998519193102803,0.007033996465043021,0.0210971545931453,0.014763161931474842,-0.2858462187036669,-0.04717943962599793,-0.048873341895922094,0.0002683818173576058,0.0026380619970883287,0.004162513250967576,-0.4321485137765907,-5.866906183128782,-2.0759036003030547,0.9997832005119213,-0.01726233944200618,0.011622902915509173,0.0006868325451802042,0.999728872777743,-0.001774644271330032,0.023217053479144767,0.0009720902896140213,0.9994030797960877,0.03453315992728791,-0.023264478825283638,-0.03450122797532054,0.9991338395296112,0.00022783461740321552,0.033519009269733516,1.1753684779819016e-05,0.0748297885028182,0.0001726308101947263
51,0.1275,20,0.06680208247202893,-0.9290644159925672,0.19092981497444333,0.008534777675352016,0.012825441344778612,0.016477856007459414,-0.2889875374386194,-0.05404515075407255,-0.0415033315446518,5.845465003619592e-05,0.0020562172704235732,0.004223251537979569,-1.5706593674762812,-3.432855564037297,3.6850051756351476,0.9997788045194995,-0.017547591253888134,0.011576801413075424,0.0006338326191759701,0.9997311518505062,-0.0016736747949785934,0.023126236882399037,0.0008610948780822651,0.9993833605947947,0.03510209512074087,-0.023170725825297764,-0.03507274410329555,0.9991161194204574,0.00023224358872651107,0.033562544540256825,1.1155144266056287e-05,0.07555097120049888,0.00017608917563637937
52,0.13,20,0.08439999204880198,-1.1368804978993032,0.30537733593276606,0.005984872091223714,0.008829600750822194,0.01812113247385835,-0.2915085255003579,-0.060890307555110657,-0.02337814025278595,0.0002009890432323473,0.0016137022304060064,0.0032406023724535276,-1.2604940308691743,-3.4225784005190656,9.062595645932925,0.9997743412181246,-0.017836069610244032,0.011523691532792878,0.0005880443696524663,0.9997337174745528,-0.0015868980732443908,0.023021205420575692,0.0007647486158608966,0.9993630576493557,0.03567764237285162,-0.023063159021819827,-0.03565053660515774,0.9990981583086311,0.0002359118053964242,0.03360340944294889,1.0594528859194014e-05,0.07623895597099603,0.00017838730733717363
53,0.1325,20,0.09012148956645286,-1.2314882506487868,0.3801038152082805,0.0008774645764492625,0.021346648301333693,0.01963023566887677,-0.293729684636985,-0.06796102193851619,-0.0011816354076474053,0.00023196443613743555,0.0012270280762294314,0.002038857788970546,-1.1105795683135813,-3.53535719170276,11.098252422569272,0.9997698126287041,-0.018127278289990976,0.01146340633676643,0.0005602261342392205,0.9997365529236734,-0.0015357950681517195,0.022901224460709985,0.0007045936408804752,0.9993421758569515,0.03625905543853983,-0.022941845960872707,-0.036233367039270784,0.9990799841939109,0.00023905377296553346,0.033641630853267476,1.0068088522352552e-05,0.07689069858852973,0.00017974897337269522
54,0.135,20,0.09561985383652609,-1.2651571324562265,0.4262950331481677,0.0017924573307364947,0.018848216014267716,0.015431233448987404,-0.2958039123009347,-0.07528257530574989,0.02144147962977176,0.00028363115938742736,0.00088688488895737,0.0008408033683564592,-1.0371138319748707,-3.6607766836168536,11.311557518709582,0.9997652224264391,-0.018420963462543995,0.0113956448575265,0.000554445674325213,0.9997396637365507,-0.0015284685209354932,0.022765511984337954,0.0006887934907250013,0.9993207213902117,0.036845913798874017,-0.022806365678372797,-0.036820640734884405,0.9990616147667855,0.00024156323524456442,0.03367729127379364,9.570174731913754e-06,0.07750386180714322,0.0001803524271192996
55,0.1375,20,0.10030621653799472,-1.2744353671700261,0.4505446549331486,0.0007827364712240135,0.018391904964325825,0.013240197788404993,-0.29816232673869797,-0.0827892435889418,0.04344597956158783,0.0005109410613893563,0.0006275005954363322,0.00030107838877228377,-1.1792072188816092,-3.753334141595949,11.002249965908032,0.9997605727107246,-0.018716981888905283,0.011320143943815437,0.0005711244922252694,0.9997430563158114,-0.001565733357224903,0.02261348773131894,0.0007182176405201257,0.9992986968115696,0.037437931488260065,-0.022656246638428103,-0.037412070642412754,0.9990430578601234,0.00024341006486756624,0.03371050223960653,9.101230156859159e-06,0.0780767920639335,0.00018033842803562606
56,0.14,20,0.10206017429506968,-1.2764495723358258,0.4590822005965826,0.0006017345552219276,0.016343620096514126,0.00929827068189287,-0.30067841355413405,-0.09042733222269536,0.06442999087502836,0.0005464097810466824,0.0004099660054972559,0.0013077509129784592,-1.2580434077180698,-3.8190443168767834,10.492005656720272,0.9997558556805822,-0.019015609254905905,0.011236724695055496,0.0006096352838812057,0.9997467287258963,-0.001646319221991713,0.022444777452412096,0.0007916265575672049,0.9992760698989708,0.038035634011550835,-0.02249114779779725,-0.038008232796153375,0.9990242852455845,0.00024475287117896826,0.03374139057797597,8.65723697434951e-06,0.07860850724007913,0.0001798602008792347
57,0.1425,20,0.09987024247359755,-1.277540650595536,0.4553355593235205,0.0009435906681470403,0.018131483818320783,0.007220856659467812,-0.3031089761301117,-0.09815568098810921,0.08428102496968055,0.0005577463088965709,0.00022607492764157165,0.0023024961996191097,-1.2152812879887913,-3.8641743827069264,9.925517047326093,0.9997510636967524,-0.019316990227322917,0.011145269390934492,0.0006689513983420682,0.9997506709484603,-0.0017681558639189507,0.022259145602298573,0.0009069836242966995,0.9992528127851683,0.03863927434145964,-0.022310834112795885,-0.03860945176728378,0.999005273717522,0.00024564321141514405,0.03377009312990636,8.240455505899996e-06,0.07909858889548955,0.00017900553168675453
58,0.145,20,0.09623338681323605,-1.27864321197567,0.4421606721932295,0.002211060454002504,0.018861422350677233,0.005121079919676597,-0.30540791387079846,-0.10590518476550044,0.10293776678230544,0.0005608404297871889,7.484242432775559e-05,0.0032380689078432886,-1.1494688703434384,-3.8747518886956156,9.32837090631244,0.9997461919835324,-0.019621025209542384,0.011045703877515406,0.0007479371650212962,0.9997548660316948,-0.0019289507336217391,0.02205645019070746,0.0010620385966702598,0.9992289119194474,0.03924861345699341,-0.022115151366587604,-0.039215567487218154,0.9989860155911535,0.000246201229066212,0.03379675173583947,7.84964431194166e-06,0.0795470987229644,0.00017787107581766648
59,0.1475,20,0.09161778570929927,-1.280050489478867,0.4211421170754237,0.00319301287722557,0.019276055795735852,0.003122614654966991,-0.30754334201837424,-0.1136186849301251,0.12036798664365159,0.0005601677834721691,8.751472855984856e-05,0.004082852120825114,-1.0677140737878492,-3.8567500823123444,8.715109930673062,0.9997412349952046,-0.01992756799113635,0.010938024841669522,0.0008453974123686571,0.9997592898315564,-0.0021262937736485988,0.021836695498408814,0.0012544208387641675,0.9992043546743477,0.03986331682361427,-0.021904082356066844,-0.03982632891202398,0.9989665032930433,0.0002465814511916954,0.033821506143000266,7.483809735544116e-06,0.07995453020389523,0.0001765392588879452
60,0.15,20,0.08649517685296013,-1.2821367474990306,0.39351754873887357,0.003881429616486861,0.020313576860178834,0.001447637107021999,-0.30948909270561936,-0.12125138250493514,0.13654855471728106,0.0005570645134861894,0.0002054296418418653,0.004805162201423877,-0.972875343622546,-3.816348787405013,8.090284036814742,0.9997361865890888,-0.02023644031414416,0.010822287364570122,0.0009601062011876293,0.9997639125845622,-0.0023577149692229934,0.02160000633638208,0.0014816966799604345,0.999179129358989,0.04048298443001989,-0.021677722863724373,-0.040441422249180854,0.9989467291592214,0.0002469564547814176,0.03384449137791825,7.142955519382161e-06,0.08032174071588111,0.0001750797129849915
61,0.1525,20,-0.16938535017757822,-1.5253324663994885,0.04020210048984065,0.011760085931638707,0.02728156287781259,0.0028740821253434292,-0.30006073358874974,-0.11232069816943868,0.1382838772200077,0.0002693178631661732,0.0002176246330110661,0.005145606771621417,4.714179558434823,4.465342167748226,0.8676612513633302,0.9997310403529159,-0.020547437710055128,0.01069859241414698,0.0010908156506937027,0.9997687004831444,-0.002620701853032424,0.021346602915742384,0.00174138720817261,0.9991532258495353,0.04110716294101179,-0.021436256782285515,-0.04106048217282881,0.9989266858478147,0.00024749714735253356,0.03386583348010118,6.829787909385706e-06,0.08064988919958145,0.0001735512626352837
62,0.155,20,-0.034392101032013865,-1.0964503964565018,-0.002126153261586783,0.0060681963702545385,0.004222995351140144,0.009911168053637787,-0.29345434921588703,-0.10637487003168258,0.12186445496363965,0.00022973547487953571,0.0005338160716383992,0.004560345432682097,3.3031921864313447,2.9729140688780697,-8.209711128184038,0.9997258644630084,-0.020849026527289007,0.01058380636499216,0.0012235437807133244,0.9997729719668901,-0.002887740847090755,0.02111079054161897,0.002005092608437108,0.9991276420669621,0.04171252163732071,-0.021212829328584537,-0.04166072263550408,0.9989066022713855,0.00024922357223569754,0.03388544819757598,6.54059112005288e-06,0.08097776737081955,0.00017261227948347745
63,0.1575,20,0.023875295666650594,-0.8950728605291941,-0.01407738242557155,0.009009617262556847,0.010021844607216683,0.010855157858934544,-0.2885627316633314,-0.10270404454063267,0.09880178272121495,0.0001589690175416058,0.0007842258576301019,0.003359976131638889,2.445808776277746,1.83541274552496,-11.531336121212341,0.9997206662625037,-0.021143831386164547,0.010475309377515125,0.001340050526926389,0.9997769443160612,-0.0031223287616007137,0.020888098935610003,0.0022363760608163615,0.9991022853177974,0.042303925289139024,-0.021001434145171093,-0.042247775513734806,0.9988864125755176,0.0002517507037162908,0.03390360509963561,6.287685454077116e-06,0.08129924085146216,0.00017211344949384164
64,0.16,20,0.05403545249665968,-0.8318069142939575,-0.010759650185179482,0.007344008056597168,0.014472212836629025,0.012508818992686235,-0.28471349358052567,-0.1007843561822926,0.0758108828199321,0.0001276739020268321,0.0009949983267517944,0.0020834205376505065,1.924619041402913,0.9598441791700288,-11.49544995064142,0.9997154559797383,-0.02143349819351362,0.010370966027945383,0.0014336296802288085,0.9997807755391743,-0.0033110156622019765,0.020674574664832884,0.0024218713357021427,0.9990770997222572,0.04288453508895935,-0.02079748546147829,-0.042825062590118125,0.9988660964376717,0.00025455207588155984,0.03392048841979005,6.072735398553036e-06,0.08160946290388689,0.00017195904324834703
65,0.1625,20,0.07308164854761288,-0.8274636743618199,-0.0036188074134300583,0.005276010945715818,0.014630940110861258,0.013596807897382102,-0.28150831877035015,-0.1002640925295087,0.05555362101973298,0.00011315554195531295,0.0011854672913391494,0.0009259148491962635,1.6025874050877402,0.26013182639193866,-10.12863090009957,0.9997102410089035,-0.021719073293946938,0.010269028313175547,0.001504305379749089,0.9997845682456553,-0.003453806544662856,0.02046676130218546,0.0025616714302969515,0.9990520378411533,0.04345645550343608,-0.020597449777382457,-0.043394664485290856,0.9988456578255107,0.0002573459548324765,0.033936230844703895,5.895818287774304e-06,0.08190459212558585,0.00017205604729533496
66,0.165,20,0.08511605410344178,-0.8416820239339797,0.0007297827036434335,0.005556488074901032,0.015481051023591985,0.014121130745509082,-0.2787389896060261,-0.10090811810106617,0.03866393356425627,0.00011260466147918547,0.001341409689040012,0.00014191231159729674,1.38466458216198,-0.3220127857787283,-8.444843727738354,0.9997050261598436,-0.022001232661059644,0.010168043601003424,0.0015547737676441721,0.999788387135719,-0.0035560492860576614,0.020261674709476613,0.002661211314163761,0.9990270568798507,0.04402110376086507,-0.020398502467065618,-0.043957867731028666,0.9988251133014441,0.00026003985703623614,0.03395093542567752,5.7549941182392555e-06,0.08218160964309643,0.00017232611753523124
67,0.1675,20,0.09519930856167126,-0.861890835994339,-0.0004949769598806775,0.00583108624316436,0.01539352487049135,0.014462395449481857,-0.2762728717094315,-0.10251263870937395,0.025114794059441132,0.00012016279539176466,0.0014686713825747893,0.0010856968114564076,1.2330589482973282,-0.8022603041538771,-6.774569752407568,0.9996998142311329,-0.022280450047692756,0.010066779448309497,0.0015883713199296814,0.9997922740561782,-0.003624373780205923,0.020056735833059818,0.002727204273649124,0.9990021172444445,0.04457950311484847,-0.020198294344463342,-0.04451554397980946,0.9988044829944227,0.0002625772495093575,0.03396468786453182,5.647212270538468e-06,0.0824381917068221,0.00017270341428854728
68,0.17,20,0.10439752318718909,-0.8822000022282097,-0.007979119345256436,0.0060261582928173175,0.014982635611848713,0.014752006361897555,-0.2740205217029251,-0.10491103123186751,0.014584230881810174,0.00013314948672262888,0.0015716314580306553,0.0019021824150984225,1.1261750032532254,-1.1991962612467963,-5.265281588815479,0.9996946065678033,-0.022557065511737653,0.009964206096121026,0.0016084127636668364,0.9997962552105114,-0.0036653696293104175,0.019849764041884536,0.002766316630579787,0.9989771836077617,0.04513240657669109,-0.019994888330204325,-0.04506830035163186,0.9987837867847464,0.00026497881401784117,0.03397756276934336,5.568739544328273e-06,0.08267261481198661,0.00017313204028390663
69,0.1725,20,0.11304517243317028,-0.9007345377592515,-0.02159819903291895,0.006122098275400454,0.01451207469708419,0.015100578709672269,-0.27191656741168363,-0.10796504491668735,0.006667295551130881,0.00015038166410202665,0.0016535200783504437,0.002600124216855439,1.051977145620723,-1.527006842409906,-3.958467665339648,0.9996894037251942,-0.02283132559775292,0.00985946583156706,0.0016178950927891224,0.9998003466979698,-0.0036849945104414058,0.01963892965712345,0.0027845758119596966,0.9989522259738363,0.04568037170891959,-0.01978668441570935,-0.04561656538337393,0.9987630430099311,0.0002673066200802153,0.03398962730706753,5.515378062249418e-06,0.08288367818769957,0.000173564439694346
70,0.175,20,0.12120257978273083,-0.9172058227332517,-0.04084319710773663,0.006131167386165449,0.014079562107050511,0.015540813597898603,-0.26991061940511274,-0.11155919801389166,0.0009620443796974278,0.00017126670070507016,0.0017169322094684157,0.003192552066090286,1.002974003285455,-1.797076548602161,-2.8526255857167255,0.9996842059293158,-0.023103406666038113,0.009751846731105969,0.0016194138538297462,0.9998045579682061,-0.003688406666620677,0.01942270635780884,0.0027872031435262146,0.9989272201983874,0.046223806045794305,-0.01957236226511142,-0.04616063694300719,0.9987422681715133,0.0002696399546119811,0.03400094211194785,5.481377113581349e-06,0.08307063626591442,0.00017396030284700645
71,0.1775,20,0.15518161196876434,-1.0386817286391352,0.20486742286069806,0.003533565631253322,0.013719386255583515,0.001233753331913975,-0.2667443485149317,-0.11410587383427435,0.002995031877126588,0.000424243204398916,0.0012170109549604858,0.003125674393675635,1.5831354450905273,-1.2733379101913607,1.0164937487145802,0.9996790133600475,-0.023373430030792494,0.009640760147511147,0.0016151655815610487,0.9998088939678446,-0.003679969535479122,0.019199827265192097,0.0027786190044731037,0.9989021480174796,0.04676299779198618,-0.01935083510402714,-0.0467007120961048,0.9987214770247476,0.0002720605504922632,0.034011562093526,5.459538888941513e-06,0.08323313795426406,0.00017428571832671486
72,0.18,20,0.16865579336424888,-1.218103452744374,0.20429169233365255,0.003334854353159657,0.0018904801562114166,0.0005950971473032421,-0.2628056382549945,-0.11639276152577305,0.013107309475492638,0.0005369834829923996,0.0008091710077380605,0.0025033059639681826,1.969355129968625,-1.1434438457493339,5.0561387991830244,0.9996738315786576,-0.023640305148947004,0.009527062305721444,0.0016129206841772475,0.9998132671413789,-0.003675234520928449,0.018971649883388314,0.002774343880607307,0.9988770689186625,0.047295921647577725,-0.01912416963200831,-0.04723445606416835,0.9987007421125751,0.00027377303796528185,0.03402169372704086,5.443491339289023e-06,0.08337238004910556,0.00017369094175909098
73,0.1825,20,0.2009990396641875,-1.2757243728504604,0.18867882866945446,0.0028058042423716877,0.010596845265843329,0.00019975998507316687,-0.25896443162779004,-0.11872202118933686,0.025029406274981576,0.0005311900979316892,0.0004644728379542216,0.0016840899393971074,1.9206033136021705,-1.1646298317819048,5.961048399744472,0.9996686650504373,-0.023903338367577756,0.009410825768599525,0.0016207681866878601,0.9998176189376762,-0.0036903626444152507,0.018737931725472674,0.002790562033754633,0.9988520070507402,0.04782134224636313,-0.018892898806999896,-0.047760331178298296,0.9986801335464763,0.00027499615630845425,0.0340312729691069,5.421025068106119e-06,0.0834890741905021,0.00017236299780092642
74,0.185,20,0.21616834778540986,-1.308133964460726,0.1601780175239859,0.0044618835200929165,0.01367311775586811,0.0020545154937648617,-0.2551034017050147,-0.12120629223669739,0.037387871848798604,0.0005186900055195411,0.0001686293352569892,0.0008186795845223933,1.9305149613877002,-1.2421355236802678,6.1792327869085115,0.9996635107499587,-0.02416264416553393,0.009291965079506864,0.0016405142359328189,0.9998219361960059,-0.0037289613326851588,0.018498398542829027,0.0028308875494263926,0.998826950679943,0.048339514593024754,-0.018656955189754378,-0.048278540189053865,0.998659652023782,0.0002757715555638318,0.034040270394065306,5.386115493270039e-06,0.08358396756242756,0.00017044569899997826
75,0.1875,20,0.22206049200949854,-1.3256090617872327,0.12207536507640544,0.006808701111978444,0.013227451782172795,0.005775682710881493,-0.25121202184097496,-0.12389988437037333,0.049458074162023344,0.0005297109917550175,9.822070053045717e-05,8.854069757524552e-05,1.9456899320198389,-1.3467960668379682,6.035101156612373,0.9996583711443008,-0.024418206312104545,0.00917031314448902,0.001672590342900576,0.9998262155967537,-0.003791883072168829,0.01825267728966897,0.0028961926789338806,0.9988019072840887,0.04885040505086152,-0.01841604391394329,-0.04878905234203414,0.998639313114663,0.00027613059743392983,0.03404868715624905,5.336216916858956e-06,0.0836578309708274,0.00016806045630045924
76,0.19,20,0.2240798374572462,-1.3353802455427195,0.07694499676397867,0.00891969194856579,0.014407147973839858,0.010358016563718753,-0.2473803358119715,-0.1268129561466648,0.06101991985042896,0.0005620055094079297,0.0003174210860943692,0.001027287337769303,1.9158430145017888,-1.4565358881457433,5.7809228442028076,0.999653250088985,-0.024669991081091875,0.009045665244944922,0.0017167023226469734,0.9998304577468237,-0.0038785270743693805,0.018000355260675147,0.0029859011507080446,0.9987768889463885,0.04935393095683129,-0.018169759384629513,-0.04929181609868776,0.9986191349606705,0.0002761307603503975,0.034056543836849675,5.272086921096186e-06,0.08371148000115271,0.00016530541708899028
77,0.1925,20,0.22022152654338406,-1.3369757680986005,0.00687979415558031,0.014709564930857136,0.011007725161817838,0.03581802429933418,-0.24378395758960208,-0.12991097442171357,0.07208943445601146,0.0007319653997219144,0.00048764587140359385,0.0019524695773368583,1.7981891111847048,-1.5490091375243853,5.534757302791241,0.9996481491556435,-0.02491805270728838,0.00891781185741136,0.0017723348016094264,0.9998346629220536,-0.00398785142001931,0.017741021971556106,0.00309899339643268,0.9987518989572556,0.04985018123542539,-0.017917674499561966,-0.04978695984218901,0.9985991265619052,0.0002758579145471781,0.034063871092272616,5.1957984318248485e-06,0.08374580322669523,0.0001622719013437715
78,0.195,20,0.2192380612966819,-1.342800662220873,-0.04775318845113326,0.014803428223158848,0.011639529230375072,0.036242243139268625,-0.24030341503989622,-0.13319242351693278,0.08270626081561745,0.0008822522013803822,0.0006375029603063435,0.002857039758465888,1.7402712748529052,-1.6407245476096066,5.3084131798030025,0.9996430646346555,-0.025162621098524605,0.008786577936215243,0.0018389876173862015,0.9998388283454278,-0.004118849098061532,0.017474335894376566,0.0032344757726149704,0.9987269212479903,0.05033959615438735,-0.01765943088886124,-0.05027496252229176,0.9985792770952459,0.0002755048720131883,0.0340707238135733,5.12969724744275e-06,0.08376174454108645,0.00015902756628185936
79,0.1975,20,0.21701130279172914,-1.3437861991260154,-0.11389354055473389,0.011821816760008689,0.016784220215370856,0.016606176598857894,-0.23700346541165968,-0.1366271394198424,0.09291640855990586,0.0008874888897098109,0.0008015340974874065,0.0036826243498611594,1.6499748141182908,-1.7173579514547843,5.105073872144194,0.9996379951256524,-0.025403807215412365,0.008651788985009198,0.0019162013169563095,0.9998429494397435,-0.004270592044365884,0.01719995637276584,0.0033914385265914767,0.9987019495029501,0.050822378965641006,-0.01739467160813335,-0.05075606468785259,0.9985595862526421,0.00027518570898456507,0.03407713660778659,5.0685204276667694e-06,0.08376031491586203,0.0001556372055269945
80,0.2,20,0.21424393409011594,-1.3500469681743785,-0.1727137775977643,0.013287599253880605,0.019456330045614326,0.016181362194775627,-0.23372916749454098,-0.14018259762472746,0.10275676966932774,0.0007862537929804872,0.0009206257315786694,0.004380256192984632,1.6371489585592922,-1.7777291024425401,4.920180554710959,0.9996329367387048,-0.025641787197826366,0.008513299791152293,0.002003562606926963,0.9998470189270922,-0.004442246788596564,0.01691759989112445,0.003569061902212457,0.998676968972363,0.05129886393783041,-0.017123099595141827,-0.05123063622133796,0.9985400449519347,0.00027491514540910146,0.034083153656286384,4.989605334703101e-06,0.08374256086353218,0.00015216799304195025
81,0.2025,20,0.2575237101012462,-1.5919557016796617,0.009600551800005875,0.006048818495444951,0.016363471746331713,0.011954908973358953,-0.22242115975789778,-0.13045364683788702,0.10405750019475517,0.0005176108528099249,0.0005103731661516637,0.004498375170015447,5.654003868321647,4.864475393420209,0.6503652627137003,0.9996278887438003,-0.02587658269392916,0.008370996653773548,0.0021006971983878148,0.9998510269726064,-0.004633056584912806,0.01662704569384816,0.003766605436344904,0.9986519790787298,0.05176907731091013,-0.016844481152924112,-0.05169873759403694,0.9985206577662136,0.0002748287396723852,0.034088802344096794,4.8877027612505184e-06,0.08370992695824761,0.0001490372831789453
82,0.205,20,0.23643578688441308,-1.29616595954136,-0.0711476861808232,0.005897600140142463,0.005343547217547866,0.017676631209041928,-0.2133812626181173,-0.1230451015498466,0.0938654699978029,0.0005424905770733157,0.00019887204305531024,0.0038907015858224404,4.519948569890234,3.704272644020203,-5.096015098476137,0.9996229677611244,-0.026100072293966606,0.008238376492506543,0.0021994779970810566,0.9998545828986162,-0.00482734189001359,0.016355727648480138,0.003967253001856247,0.9986278970455802,0.05221670370620347,-0.016585353787411355,-0.05214422319489572,0.9985018307580349,0.0002757605406188878,0.034093729482941725,4.7912900815728044e-06,0.08368123419410424,0.0001463988215335568
83,0.2075,20,0.2502490965357123,-1.093630555086189,-0.12184946039851016,0.006228221806057518,0.010210684106001825,0.01577394492432416,-0.20564320499345157,-0.11741358698768527,0.07666707692188668,0.0004345764628411275,8.98942245311733e-05,0.003007790738993436,3.8690288123328593,2.8157572810806633,-8.599196537958097,0.9996181705769789,-0.02631442700222666,0.008113414351226566,0.00228833814014565,0.9998578720322433,-0.005001928469996181,0.016100200207921665,0.0041479290712595025,0.9986046288802016,0.052645891230507974,-0.016341065435702757,-0.05257162628848111,0.9984834468782195,0.00027730362226194787,0.03409814485812827,4.706372065254768e-06,0.08365343255736264,0.0001441262998704692
84,0.21,20,0.2661259691660677,-1.0291561034689667,-0.1594509071470588,0.006009100057116506,0.016336218552634032,0.01674420735663153,-0.1988224469623549,-0.11303939424052187,0.059160139121012145,0.0003727872026230752,0.00032291435676803384,0.0019140960864349591,3.410379015548341,2.187096373581693,-8.753468900437268,0.9996135049514352,-0.026520893255074902,0.007994517758118607,0.002360217251701122,0.9998610341206798,-0.005142653583017334,0.01585766569359656,0.004294566574661876,0.9985821431909554,0.05305902371976008,-0.016108045972761168,-0.05298354852483311,0.9984654598135361,0.00027908990776115373,0.03410218276200403,4.629805483311244e-06,0.08362418097354661,0.00014215795570682408
85,0.2125,20,0.28047615007467275,-1.0207988501517538,-0.19091362650881027,0.0056879453911632,0.017534392049336427,0.01701737618936862,-0.19260750353021588,-0.10965149077654024,0.04384231192969303,0.0003334460392354394,0.0005328960455798702,0.0008465795930627316,3.1074717160694787,1.6939517319908357,-7.65891359565956,0.9996089677252455,-0.026720389097245004,0.00788044110562974,0.002414766601882966,0.9998641351004782,-0.005248781605611962,0.015625672191273584,0.00440650779521056,0.9985603794175005,0.05345793997740793,-0.01588376620399896,-0.05338182227344801,0.9984478389089451,0.0002808277890993063,0.034105935732648536,4.561272832872023e-06,0.08359164785972434,0.00014041711778352254
86,0.215,20,0.2926570716759098,-1.029535883493576,-0.22344489188687922,0.005685139929726913,0.016121416108789827,0.01483319532887016,-0.18685177713912907,-0.10711538477582747,0.031336846546696204,0.00029951847043962137,0.0007314828539453117,0.00011584568988613836,2.8778631955434624,1.2680530003563732,-6.252732691498413,0.9996045534828711,-0.026913541238045458,0.007770143752361092,0.0024541435177267965,0.9998672040913241,-0.005324590239049777,0.015402042766616417,0.004488101901830931,0.9985392769552448,0.053843934839641866,-0.015666241537690105,-0.05376765864795521,0.9984305723281913,0.0002824072734333144,0.03410946871402019,4.4996911810948494e-06,0.0835544170940729,0.0001388419883273733
87,0.2175,20,0.30199087870347985,-1.0433195629207321,-0.2544492110030454,0.0053597235815326496,0.014927241311330351,0.014750417722919603,-0.18145978748426816,-0.10533295466076906,0.02159538859735926,0.00027342419029395207,0.0009124469311676031,0.0009515333420731096,2.6959948274304235,0.8912150575292103,-4.870728974668474,0.9996002559827911,-0.027100834230302986,0.007662702078655219,0.0024811328085992384,0.9998702539536797,-0.005375613218785867,0.015184796380788818,0.0045449507436265335,0.9985187775280154,0.05421802603097585,-0.015453759456585673,-0.054141977304856356,0.9984136555617508,0.00028383471556126747,0.03411277719609888,4.495870904596646e-06,0.0835114067888162,0.00013738252341571373
88,0.22,20,0.30921747668373323,-1.057125944397367,-0.28663105104682823,0.005143145168689016,0.013896146688112152,0.014676654416719698,-0.17637240030457663,-0.10423874362126537,0.014365574721736978,0.0002528867325648541,0.0010771777749626513,0.0016744125782039011,2.5436935898457422,0.5471055197518526,-3.614906937811141,0.9995960692498754,-0.027282656091408633,0.007557290787388894,0.0024984740845081376,0.9998732899664078,-0.005407295679064235,0.014972146312102603,0.004582563816923827,0.9984988286076939,0.05458103496569924,-0.015244806348906334,-0.05450550818497371,0.9983970880651055,0.000285159016742616,0.03411591107973729,4.534293257747859e-06,0.08346181876437861,0.00013599668213528645
89,0.2225,20,0.31471640338084117,-1.0696099368598948,-0.32007472980251883,0.005020098828527137,0.013027885909436243,0.014610566457813324,-0.17154594962032627,-0.10377961192151312,0.00934031608382601,0.0002362131527463258,0.001226770589869583,0.0022983914337362287,2.4132253421252075,0.22956584987612558,-2.5126293189554856,0.9995919878299733,-0.027459333122517093,0.007453155852003582,0.0025086566993143137,0.9998763142188215,-0.005424583652409557,0.014762457667428706,0.00460594889499274,0.9984793833320632,0.054933653579562904,-0.01503800182741473,-0.05485886394212625,0.9983808709846248,0.0002864494597104748,0.03411890873744257,4.602413222743619e-06,0.08340509875791575,0.00013464899450565823
90,0.225,20,0.3193089570122861,-1.0789036447680294,-0.3581764632947002,0.004525846335889387,0.014046024366177912,0.018064491681283393,-0.1669544796175606,-0.10392157141763816,0.006216249464010537,0.00023042251288064698,0.0013503077120523201,0.002841601406190195,2.2957350013828335,-0.07097974806252398,-1.5620333099077353,0.9995880069466055,-0.027631145043441923,0.00734960385067676,0.0025138646223510333,0.9998793276157972,-0.005431813795198678,0.01455422981389064,0.004619501915159124,0.9984604006164975,0.055276474225470405,-0.014832073645889676,-0.05520257058903636,0.9983650062936528,0.00028778282832983256,0.034121799676652256,4.690253724643219e-06,0.08334090255943878,0.00013330977809226883
91,0.2275,20,0.3645027793538981,-1.2088184819504353,0.08479636015512311,0.010402044937151599,0.016300328066613325,0.02194478989556543,-0.15807760277326222,-0.10245950592162563,0.00745017949497403,0.0003397075285963338,0.001097843000278179,0.002906394494344726,4.438438422149179,0.7310327480062535,0.6169650154817468,0.9995841223792502,-0.027798342859122457,0.007245982929336148,0.002515979526687418,0.9998823311568181,-0.005432719009858078,0.014346058851372225,0.004627013738573938,0.9984418439626159,0.05561002579026871,-0.014625819097409783,-0.05553710281146496,0.9983494957313489,0.0002892146621436828,0.0341245244930906,4.707979997684435e-06,0.08326906345725546,0.00013195180288875033
92,0.23,20,0.3678617838864887,-1.241387080249308,0.01669158163477711,0.004609116926367262,0.0039020098663392366,0.013333115217677771,-0.14937646916464903,-0.10130991229405181,0.010338732479182891,0.000480435412442748,0.0008842379842866609,0.0023616997916136306,4.3505668043065935,0.5747968137869088,1.4442764921044307,0.9995804338345234,-0.027956669992017957,0.007143763481894369,0.002519432765173488,0.999885238203713,-0.005436183069186757,0.014140662500120334,0.004637319716529357,0.9984241541229983,0.055925877101945694,-0.014422402301652463,-0.055853884174813954,0.9983347824925443,0.00029031981175674254,0.03412685131142636,4.680621694872154e-06,0.08318877491083233,0.00013042305357073287
93,0.2325,20,0.3611541782487011,-1.259641561411746,-0.04395403614804856,0.006784636168368113,0.0030556220459666255,0.006177129324495668,-0.14121150536485652,-0.10058536630649348,0.014209529751323124,0.0006563348008192164,0.0006744729953192883,0.001431330480004711,4.082481899896269,0.36227299377916905,1.9353986360701163,0.9995769390011369,-0.02810631533998409,0.0070425881691554785,0.0025258675750582014,0.9998880438897458,-0.005445480365781653,0.013937231788396854,0.004653715550213953,0.9984073100620053,0.05622442659848591,-0.014221203110683362,-0.05615327201808207,0.9983208739797781,0.00029138874114035293,0.03412887107420931,4.613314098468138e-06,0.08310133345101664,0.00012854943871304998
94,0.235,20,0.3515301313697624,-1.2681916805341755,-0.09970279870329968,0.010003664579412274,0.006629639345614984,0.008736108276780123,-0.13354135101015613,-0.10035679958832848,0.018434923658753197,0.0006600504766618828,0.0004833461122806497,0.0006686469474342846,3.835077177350194,0.11428335908249831,2.112696953715034,0.9995736273458772,-0.028247823034159757,0.006942006033559246,0.0025362493304763047,0.9998907519831274,-0.005462529002111607,0.013734805259527959,0.004678142770359403,0.9983912558663289,0.05650677118606853,-0.014021379348559163,-0.056436344553449425,0.9983077380921216,0.00029250471075095165,0.034130667332219145,4.518946165459803e-06,0.08300747488054565,0.00012603683985074813
95,0.2375,20,0.3415644693098766,-1.2778096540447743,-0.15609951998179747,0.009775107574426827,0.006267459270822096,0.010077670658573363,-0.12621540321363825,-0.10060099224308831,0.02293640671216385,0.0006491999567020813,0.00031617903178818654,1.5809337041102957e-05,3.6629738982589353,-0.12209632737991094,2.250741526705329,0.9995704908357226,-0.0283816912200415,0.006841512262762069,0.0025509143226309233,0.9998933730921541,-0.005487984740143814,0.013532349015828008,0.004711289986064453,0.9983759448792177,0.05677390627036867,-0.013821946066362778,-0.056704097823890534,0.9982953466268973,0.0002935162043072154,0.034132314304374356,4.411388911629448e-06,0.08290750931101257,0.0001229819137655369
96,0.24,20,0.33467452373573686,-1.2839999596993257,-0.21192862546451083,0.010001241279707258,0.010142739548597802,0.010625583818865863,-0.11922863300582032,-0.10129618701924911,0.027593633504447195,0.000595661600324175,0.00017642258447997,0.0006435358252321036,3.493385103908974,-0.3475973880804022,2.3286133961416726,0.9995675250562662,-0.028508266779144323,0.006740626903653008,0.0025701219982004076,0.9998959168437203,-0.00552234814972373,0.013328884055664951,0.004753693789611659,0.998361346396327,0.05702652380311961,-0.01362196294998353,-0.05695722686917265,0.9982836853483897,0.00029440418997188627,0.034133879599925435,4.294605103946804e-06,0.08280176909470742,0.00011949190732852348
97,0.2425,20,0.3296568220735748,-1.2944514939693608,-0.26073611020892623,0.009492055169472666,0.016866063105993086,0.005086110426949636,-0.11256296688292926,-0.10239067500677812,0.03242816842686381,0.0005038654455779643,8.351813751305995e-05,0.001227527167521608,3.332833061445524,-0.5472439937645108,2.417267461208301,0.9995647252939948,-0.028627890625724583,0.006638895045082563,0.0025940121130772296,0.9998983923474751,-0.005565881132887249,0.013123488413877272,0.004805650887982095,0.9983474299589575,0.05726530200642663,-0.01342053279409719,-0.05719641650976906,0.9982727379018038,0.0002951945068438361,0.03413541905553027,4.168727642695551e-06,0.08269062567699828,0.0001156685616549318
98,0.245,20,0.32661709719043,-1.2997332586726045,-0.31481076484761406,0.008228013444264078,0.0179747591561746,0.005726490251577029,-0.1062207307228112,-0.10388290127579576,0.03743829692340402,0.0003928892427532526,5.988073687545836e-05,0.0016938159398202457,3.1711180800590375,-0.7461131345088107,2.505064248270115,0.999562086383875,-0.028740885576622396,0.006535912756173255,0.0026227475345438718,0.9999008060796275,-0.0056188938367015984,0.012915341008393654,0.004867502154045749,0.9983341653832831,0.0574908832011123,-0.01321686135554043,-0.05742231500484331,0.9982624866814304,0.00029593711807964076,0.03413714025909658,4.199020202857919e-06,0.0825744908932836,0.00011160577265499733
99,0.2475,20,0.3244916346713308,-1.3059046475062708,-0.36771946716527026,0.007564035395206703,0.015804285853537468,0.007055013656694744,-0.10017253395262779,-0.10575097727324038,0.042632605644586784,0.0002996382696416031,0.00012696450464697706,0.002053551823885352,3.024098385091697,-0.9340379987222984,2.597154360591376,0.9995596025498327,-0.028847576709920917,0.006431277663315951,0.002656489413339069,0.9999031634632283,-0.005681692555820691,0.012703624125802634,0.00493958545287946,0.9983215207639241,0.0577039138634424,-0.0130101572543242,-0.05763557537933504,0.9982529119711652,0.00029662701428226877,0.034139031855261556,4.34277182336449e-06,0.08245379172334276,0.00010737637673871092
100,0.25,20,0.3231197579771492,-1.3085560878021743,-0.42019560312438786,0.0075919655923151665,0.013375609929988779,0.00838242850320194,-0.09443813772880097,-0.10797139951669894,0.04800918775546565,0.00023460755658278595,0.00019967240049106348,0.002362727431636726,2.867198111913411,-1.1102111217292854,2.688291055439435,0.9995572681722622,-0.028948259709274563,0.0063246089233971355,0.002695408276087812,0.9999054681923826,-0.005754602709458672,0.01248756287786007,0.005022257022762289,0.9983094660680591,0.05790498159315758,-0.01279967239305494,-0.05783679198021701,0.9982439951635409,0.0002972772629089612,0.0341410816779744,4.566674872713764e-06,0.082328972035214,0.00010303208259097515
101,0.2525,20,0.5056062594789228,-1.4913328535025419,0.127513896203416,0.005056593413431481,0.016182242274983563,0.002384270946463765,-0.08144357161514602,-0.09906583532454946,0.047702650415569335,4.826024264183137e-05,0.00015911553822015964,0.002523024013743548,6.497283056827477,4.452782096074738,-0.1532686699481544,0.9995550764089502,-0.02904324987456656,0.00621554922243409,0.0027396732806615727,0.9999077222763575,-0.005837948169124118,0.012266429524577542,0.005115869172424833,0.9982979676540774,0.05809471284333191,-0.012584705587237252,-0.05802659854681455,0.9982357131691739,0.0002979283809039156,0.0341432786853784,4.844163324439419e-06,0.08220047098911099,9.861393286208073e-05
102,0.255,20,0.4533428808440013,-1.2781371312290197,0.009315124571916656,0.003195589306745466,0.0009095169176104358,0.0011803859697020668,-0.07040250015929311,-0.09161389711386113,0.040038728865764914,0.00014192644727519592,0.0004048726703812087,0.0021503660682140884,5.520535727926452,3.7259691053441584,-3.831960774902214,0.9995531865782773,-0.029125229210947214,0.006115368260114932,0.002783971203984915,0.9999097035507571,-0.005921677581140968,0.012063104064129597,0.005209231572000172,0.9982879410554903,0.05825848135352587,-0.012387439261860545,-0.058190381316974175,0.998228646588906,0.000299243685055691,0.034145211147256986,5.391753249215215e-06,0.08207602507687106,9.469822547533215e-05
103,0.2575,20,0.44670968622881296,-1.145014101833428,-0.07055457088718838,0.003920857993832251,0.0033565925936098837,0.00034192213521842054,-0.06076719993772417,-0.08534440956028434,0.02842961510803766,0.00020438521950436072,0.0006209448208631695,0.0015491146314845826,4.817650110784468,3.1347437767883966,-5.804556878863627,0.9995515772002518,-0.029196105979460287,0.006022829400589035,0.002820893145193572,0.9999115361757496,-0.005990942715734841,0.011875539062686026,0.005287570053831614,0.998279259914999,0.058400007076092046,-0.012204975443581243,-0.05833204804340888,0.998222625843295,0.0003008847975655803,0.03414704725786612,6.1386628507681275e-06,0.08195488032764264,9.09534037953315e-05
104,0.26,20,0.4509798538018348,-1.0977526134321722,-0.12461696767959704,0.002807765923456955,0.00984355422466006,0.011663836898565117,-0.05207523018649953,-0.07990710608277037,0.016686755476411227,0.0001993929235030789,0.0007816738624839373,0.0008516918198194584,4.3459848756123165,2.7186517387569924,-5.871429815813214,0.9995502307598911,-0.02925726383707818,0.005936868725251525,0.0028464522401121825,0.9999133025987678,-0.0060377370562238455,0.011701838200255478,0.005342950917580718,0.9982718204448248,0.05852200766607351,-0.012034955817009894,-0.05845441161294453,0.9982175322050134,0.0003026692670451643,0.03414888606092554,7.028302159200925e-06,0.08183590747206419,8.736329448122697e-05
105,0.2625,20,0.4570071523399042,-1.0880995261001445,-0.1830733467060787,0.003420245243964807,0.011702260390000711,0.012518450276817866,-0.044167077135121316,-0.07517679637256451,0.006600421504531766,0.0001891870462871579,0.0009357810067795454,0.0001482485758565111,3.9540765256891186,2.3651548551029267,-5.043166985939732,0.9995491292124244,-0.029309647570435086,0.005856661062340397,0.0028604844313420328,0.9999150343000378,-0.006061702788300626,0.01154036134878261,0.005375076101593878,0.9982655243762298,0.05862637118867983,-0.011875720511036015,-0.05855935963752594,0.9982132881609955,0.00030444504124692485,0.03415109189936676,7.708858197210629e-06,0.08171827187125626,8.390763869148343e-05
106,0.265,20,0.4618137728706402,-1.0909470825958316,-0.23862967797133336,0.003906210123790606,0.012304858836854938,0.012966897162250753,-0.03692969148055904,-0.07107417845921424,-0.0013841819566721004,0.0001816328552176757,0.001086333413211367,0.000505495184079539,3.6186928272811327,2.051308956675146,-3.992301730601933,0.9995482521168516,-0.029354053126361912,0.005781453852415809,0.002864619792248901,0.9999167374895965,-0.006066069619706302,0.011389507782615917,0.005387233205580608,0.9982602670370011,0.058714708324267714,-0.011725860588889924,-0.0586484616557333,0.9982098287128142,0.0003061809293794816,0.034153625857970465,8.217182926331281e-06,0.08160133851464979,8.057208154504464e-05
107,0.2675,20,0.4658733685165083,-1.0962499776920187,-0.29235567634049486,0.004924992788687828,0.011918008061917906,0.013221266954377805,-0.03028964094716909,-0.06755467144791209,-0.0073112594059310506,0.00018210690791085839,0.001235438318037689,0.00105725393982884,3.320025266694973,1.759753505651061,-2.9635387246294735,0.9995475796190619,-0.029391165689954254,0.005710560376723729,0.002860936427951753,0.999918409085878,-0.006054964216435909,0.011247781092480733,0.0053836041115768105,0.9982559488442817,0.058788412155564754,-0.011584126118810156,-0.05872306195474161,0.9982070977591389,0.00030789547862874187,0.0341564487664464,8.585349416837175e-06,0.08148462614253395,7.734451913393263e-05
108,0.27,20,0.47448303706128747,-1.0951351034283652,-0.3440119768041824,0.006242220302580512,0.010972177902082235,0.013369104045689287,-0.02419169786304764,-0.06460056818475957,-0.011664754486975456,0.00018776911701652116,0.0013829056850462385,0.0015009739562022338,3.0489715420607237,1.4770516315762727,-2.176747540522203,0.9995470931896159,-0.029421596403413946,0.005643339430545539,0.0028514700306420276,0.999920043677472,-0.006032429271077053,0.011113777446572312,0.005368285050705122,0.9982524775674779,0.058848725950578815,-0.011449356648164231,-0.058784358697543046,0.9982050447702926,0.0003096478490693294,0.03415952412027235,8.841967176076223e-06,0.08136777907182864,7.42139978295781e-05
109,0.2725,20,0.4814251449104342,-1.0703341116217726,-0.39288462021134396,0.006002082206056227,0.010734898942297271,0.013191283025915658,-0.018971335828877472,-0.062186662173788466,-0.014681808970937599,0.0001944617839212927,0.0015259596398837947,0.0018964040279646273,2.6101810170850825,1.2069530054855444,-1.5085272419810716,0.99954677672437,-0.029445898122280517,0.005579181445292805,0.0028377734397525348,0.9999216395526103,-0.0060015426064449675,0.010986184085603538,0.005344406572669729,0.9982497722513538,0.058896770017601366,-0.011320427236007805,-0.05883344020591731,0.9982036236363455,0.00031150825508297563,0.03416281800111622,9.010183564997858e-06,0.08125054655500452,7.117060524322393e-05
110,0.275,20,0.48745919243663866,-1.071952700834537,-0.4408190839366136,0.006573774787270624,0.012627830455556382,0.01328400350278103,-0.014168293996912204,-0.06028268278760109,-0.016364975482549705,0.00019270605780631912,0.0016568741867736487,0.002353186521730654,2.401520915982635,0.9519896930936799,-0.8415832558060534,0.9995466044259734,-0.029464957382490924,0.0055175098993884295,0.0028211613680819083,0.9999231962660908,-0.005964910920093914,0.010863765770681471,0.005314618143922106,0.9982477146699664,0.058934327774001975,-0.011196267368600125,-0.058872064630897315,0.9982027467419163,0.00031351890857591534,0.03416629779388962,9.107513129489722e-06,0.08113279625577294,6.820518030553853e-05
111,0.2775,20,0.5600492705718407,-1.1527947518505066,0.2626642842695537,0.005348197996476353,0.021114914823501717,0.011535985850262508,-0.0037068650041693412,-0.05537062197503577,-0.01810522548428342,3.6067922353459755e-05,0.0015207734405225813,0.0024384604202304914,5.230714496371431,2.456030406282667,-0.870125000866859,0.9995465636404807,-0.02947920040510683,0.00545777721430301,0.0028029494931712372,0.9999247122840356,-0.005925138884448002,0.010745347499674603,0.005281575251380546,0.9982462404352286,0.05896226267534054,-0.011075862339012952,-0.05890107117983385,0.9982023788227091,0.0003156715629112899,0.034169936203833386,9.149165714931931e-06,0.0810144606253698,6.530784886821074e-05
112,0.28,20,0.5528945022784514,-1.1480951856226995,0.16248199657653525,0.0026131942914517014,0.004658696628412746,0.009696748383028402,0.0060310536792825544,-0.050876842436827927,-0.019679274193820324,5.6221012686436e-05,0.0014274998829960572,0.0021304186244185553,4.868959341725948,2.2468897691039156,-0.7870243547684496,0.9995468055757359,-0.029482963069959282,0.00540297599371207,0.0027832000231472146,0.9999261232960851,-0.005882468868211204,0.010636940823237056,0.005245285901449246,0.9982460173724932,0.05896927823679191,-0.010965168757232094,-0.058909127985148864,0.9982031254780536,0.0003177030200319258,0.03417369569181825,9.160532982923706e-06,0.08089121432648468,6.183840359675732e-05
113,0.2825,20,0.5470348513771336,-1.1483475589218453,0.06789314240171099,0.002309884259841385,0.005499887191298589,0.009068124349986108,0.015101160247077885,-0.04677972336513112,-0.020935027935046313,3.243981613010407e-05,0.001352013808943834,0.0016994586305495484,4.535053283897664,2.048559535848405,-0.627876870612996,0.9995473115150892,-0.029476970881291666,0.0053526855349485414,0.0027620623064482123,0.9999274395387585,-0.005837185816595733,0.01053769041132807,0.005206061993994176,0.9982469583989576,0.05895682289391601,-0.010863359332046017,-0.05889768509009861,0.9982049138904548,0.0003197643399080956,0.03417758545579012,9.144367116249209e-06,0.0807638630250881,5.7939708490729845e-05
114,0.285,20,0.5416883901590733,-1.1499567407468543,-0.02200199952889683,0.0033560976145953904,0.008473077365906684,0.009585313900178893,0.023532147123113047,-0.0430632220036478,-0.02180621279880169,8.339508996013369e-05,0.0012855134459463478,0.0012927327787529955,4.215493438017583,1.8582506807416521,-0.43559243187768504,0.9995480634263465,-0.029461894371013136,0.005306502094885271,0.0027398387231129884,0.9999286686385767,-0.0057898801879743425,0.010446766106912914,0.005164521771178063,0.9982489801276851,0.05892623684668321,-0.01076964946312878,-0.05886808100698782,0.9982076756311765,0.00032185375394908316,0.03418160946487915,9.10534191502479e-06,0.08063317366423248,5.3728256563586895e-05
115,0.2875,20,0.5379863128205704,-1.154632887648758,-0.10693270604799512,0.0033739847839120906,0.009511451578298172,0.0100032371342514,0.03135984653275235,-0.03969961099687615,-0.022083200634368395,0.00016412975308100785,0.0012438403763320284,0.000765567143347777,3.913849704819653,1.6818055033858337,-0.1384939177833538,0.9995490435333709,-0.029438375626163044,0.005264035912680933,0.002716898585980657,0.999929816775967,-0.005741276099002494,0.010363361961066504,0.00512141743297404,0.9982520010051329,0.05887880410407017,-0.010683286285515662,-0.05882159669715931,0.9982113439328059,0.00032393394464341345,0.03418576902536881,9.050010657574817e-06,0.08049986313538442,4.928652518175823e-05
116,0.29,20,0.5352858161053343,-1.1616114371490365,-0.18728163315978286,0.003935247748417402,0.009958014911281546,0.01047556005039747,0.03861921131214518,-0.03666918551060765,-0.021630478063100124,0.00024224083699556654,0.001218295909666285,0.0001891700024393098,3.6296823896964137,1.5152127431342486,0.2263612856341351,0.999550234160893,-0.029407021919204163,0.005224918639294866,0.002693821813023028,0.9999308870985049,-0.005692519041893383,0.010286702744553596,0.0050779218540861724,0.9982559407717663,0.05881574129023367,-0.010603571852961591,-0.058759441291026455,0.9982158545741124,0.0003260604318290415,0.0341900659538669,8.986935174214392e-06,0.08036459477134039,4.4670326931665595e-05
117,0.2925,20,0.530381761273113,-1.1587757418667455,-0.26253379043016667,0.0065951267527567135,0.004781889231166591,0.010587249422716478,0.04514038797348643,-0.03397063340194839,-0.02057319222614823,0.00022287563568411145,0.0011963785974270196,0.00030289952896093276,3.2605883306706174,1.3492760543296305,0.5286429184759479,0.999551618039054,-0.029368406163468617,0.005188797527361923,0.0026713246052694436,0.9999318808101466,-0.005645027089576353,0.010216036836299265,0.005035480236442086,0.9982607214885416,0.058738197724859574,-0.010529847020307346,-0.05868275387483316,0.9982211461992752,0.00032826238453399,0.03419450222181249,8.920402267604944e-06,0.0802279795828548,3.993136240867222e-05
118,0.295,20,0.5244216602826632,-1.1538028983429942,-0.33387032928844507,0.008606246424073979,0.010243167184877682,0.011779019682577569,0.05090397978980095,-0.03159590733160487,-0.018929403838623952,0.000279955069741398,0.0011870875118023588,0.0008938982874420804,2.8817959081572644,1.187363035171761,0.8218941937621362,0.9995531731502076,-0.029323270297904165,0.005155325284281663,0.0026499972830950898,0.9999328002712257,-0.005599968379883474,0.010150630319808646,0.00499528439274503,0.9982662466668712,0.058647658942816316,-0.010461456666292283,-0.05859301255082905,0.9982271368804986,0.0003305587945079761,0.034199074772206114,8.852250702246458e-06,0.08009059862320247,3.5127327989853184e-05
119,0.2975,20,0.5166858007294778,-1.1600065702698485,-0.4035236339434339,0.0127712283583728,0.008492752101596675,0.012581671511667291,0.05614760377510234,-0.029525932115010867,-0.016520449349165207,0.00033598159646413,0.0011753345091873703,0.0013736070199603966,2.621811992650691,1.034987608297002,1.2044772447293723,0.9995548768900383,-0.029272375497514918,0.005124163238706706,0.002630412358551817,0.9999336477638542,-0.005558475863312563,0.010089767873914217,0.004958490141576624,0.998272417927113,0.05854564869801566,-0.010397761547005549,-0.05849173404877433,0.9982337419676711,0.00033297232671664095,0.03420377925963519,8.786659898033475e-06,0.07995298442871264,3.02894200940962e-05
120,0.3,20,0.5048512990924968,-1.1558033520925983,-0.47029482836700015,0.010523738413906686,0.0001061081068257011,0.01215441540186086,0.0609221926247556,-0.027775648321862755,-0.013749199418813576,0.0004216915340783613,0.0011488437825541845,0.0014750723680308341,2.38729442482663,0.8751418965740545,1.385624965175817,0.9995567130584925,-0.029216246196864845,0.005094985961705699,0.0026133227731809246,0.9999344233242664,-0.005522041371096786,0.010032751878857167,0.0049266159141897305,0.9982791630044947,0.05843321971857733,-0.010338157804989676,-0.058379960347206286,0.9982409041524284,0.00033548433765832663,0.034208614398952834,8.724839465395497e-06,0.07981558989404405,2.545819775897638e-05
121,0.3025,20,0.6491561545277944,-1.2343048150097713,0.3787567970875435,0.0007670934665334746,0.003898729892321296,0.0059983071875351094,0.07322128040581563,-0.021721226094938345,-0.015655663963612225,0.0005020978991207912,0.0011860678524904771,0.0013966579448501592,6.14954389053002,3.0272111134622057,-0.9532322723993243,0.9995586680806923,-0.029155353803773338,0.005067464789220866,0.0025990786712345635,0.9999351311813415,-0.005491350687348108,0.009978902594071462,0.004900375772076516,0.998286420269275,0.058311314710343835,-0.0102820108269662,-0.05825863175174025,0.9982485722903736,0.0003379634392314841,0.0342135759897078,8.666322603531201e-06,0.0796788261951804,2.0676875445552185e-05
122,0.305,20,0.6074714883085758,-1.1261515514629385,0.2346876055251598,0.00267886423355373,0.0011007119140016058,0.006815215386760965,0.08411542191472964,-0.01615437934271824,-0.020944239930902355,0.0005495079433096656,0.0012133017102850833,0.001150958859982794,5.447070754457,2.783423376110051,-2.644287983645066,0.9995609505841777,-0.02908214267674188,0.005046017088367262,0.0025831678475616428,0.9999357299108305,-0.005457565396280749,0.009937355163223251,0.004870569440628051,0.9982951124424019,0.05816481777617942,-0.01023785138682629,-0.05811267893977576,0.998257533377747,0.00034048489318658166,0.034218407253464034,8.591566653363876e-06,0.07953796743174862,1.602412075006096e-05
123,0.3075,20,0.5893577144936504,-1.0542796305975464,0.11058129689223035,0.0029940528471480822,0.003289245577397812,0.007837032265786623,0.09372216236223035,-0.010957805106595806,-0.02787244962490682,0.0006262244624210608,0.0012367451510851858,0.0008148684678632439,4.803370223750354,2.5982871180612177,-3.464104847002235,0.9995635285673166,-0.028998000904821887,0.005030258037912897,0.0025621876689954936,0.9999362633968417,-0.005413873548815378,0.009907528307272933,0.0048304038402758355,0.9983051022757456,0.05799646514187722,-0.010204721588648354,-0.05794491128141079,0.9982676248951919,0.0003429858756461506,0.0342232368903362,8.508385498427566e-06,0.07939406956482704,1.1518886354717658e-05
124,0.31,20,0.5846784190517007,-1.0118838296449826,-0.0020621359504536586,0.0021550313572151654,0.0049217525846989,0.006994819474017923,0.10213338917725054,-0.005982228595834308,-0.035293266828143516,0.0006295888853274852,0.001273568444066888,0.0005410227472318939,4.20561340751011,2.4877882553807504,-3.710408601618343,0.999566368025183,-0.02890420793080795,0.0050198686433184665,0.0025344813357227633,0.9999367546463254,-0.005356955261255673,0.009888869384481719,0.004776573953048395,0.998316246336503,0.057808793810853326,-0.010181898086579648,-0.05775790275731624,0.9982786953653929,0.0003454114481629869,0.03422814919773333,8.423928056335672e-06,0.0792481349282858,7.195072121161438e-06
125,0.3125,20,0.5795825287458168,-0.9962234730140027,-0.10759268776453394,0.0025656197299201407,0.004397027181932473,0.0066531053376757306,0.1096668810838732,-0.001190694632975936,-0.04233501419338758,0.0006341091461808694,0.0013081943755123557,0.00027796252749308007,3.766745953311331,2.395766981429186,-3.5208736826220353,0.9995694337530197,-0.028801956911863692,0.0050146452875778165,0.0024995434292428304,0.9999372112305702,-0.005285797615420867,0.009880988816856045,0.00470807122541648,0.9983283991213849,0.05760418017009802,-0.01016895578544958,-0.05755404287538383,0.9982906012213738,0.0003478282265548339,0.034233197550764365,8.339251955276884e-06,0.07910109557791514,3.360069166521489e-06
126,0.315,20,0.5747282400997112,-0.9924759328667914,-0.20466066121905008,0.0032358843924587834,0.004147443947049156,0.006219517357361093,0.11640971483326315,0.003432505557694473,-0.04844248597235333,0.0006388857616145251,0.0013370184672509015,2.4225454442254883e-05,3.371416874694977,2.311600095335204,-3.0537358894828683,0.9995726972815319,-0.028692127697086497,0.005014395180913428,0.002457742563179031,0.9999376306849256,-0.005201132059909826,0.009883469305503705,0.004625637392492133,0.9983414426194145,0.057384383130775256,-0.010165540759380896,-0.05733508676091633,0.9983032352983674,0.00035023168188748544,0.034238420622482425,8.256590566633635e-06,0.07895374801498037,2.8200208793018784e-06
127,0.3175,20,0.5734772322304991,-0.99211947842732,-0.2941164810976106,0.004395762179503366,0.0022393592259445055,0.005765817496609972,0.12242187924775452,0.007884193195525071,-0.053581069615480016,0.0006448211129157424,0.001368441184554251,0.00016022891955609877,3.006082207245676,2.225843818915299,-2.56929182156335,0.9995761312522786,-0.02857551586391674,0.0050189249987760386,0.002410003256258747,0.999938004552323,-0.00510480020423769,0.009895861094081174,0.004531126720548358,0.9983552635548317,0.05715099844276395,-0.010171329439206426,-0.057102615940404076,0.9983165005699354,0.00035261098456452767,0.03424384055327201,8.177589513066404e-06,0.0788067972872152,6.191088115149771e-06
128,0.32,20,0.5752653807959175,-0.9926183763605885,-0.3766203065176076,0.0043100808814131525,0.0020817128005584697,0.005156604998006935,0.12775156498248333,0.012149216218228835,-0.05783940582801946,0.0006505142428408728,0.0013984070500434465,0.00033951778783178436,2.664842867364388,2.132511511351882,-2.1291681062697245,0.9995797101609115,-0.02845285723021484,0.0050280371983442065,0.002357284878279907,0.9999383240998694,-0.004998712319900853,0.00991770495061308,0.004426464221690064,0.9983697562468793,0.05690550259896606,-0.010185990910983652,-0.05685809253474571,0.9983303075147382,0.0003549994679847131,0.034249470938916476,8.106840415838848e-06,0.0786608528724035,9.949643026478844e-06
129,0.3225,20,0.5768742359625839,-0.996479454035039,-0.45296024233599425,0.004196067001357386,0.0017281297290134895,0.004463432623294188,0.1324410921281789,0.016218607353413374,-0.06116838049956511,0.0006564213825891297,0.0014267097877388093,0.0005156362164428993,2.344763572847816,2.0346955675922693,-1.6644873357728194,0.9995834104497494,-0.028324839029831246,0.005041521631583017,0.0023004580457746063,0.9999385819048359,-0.004884599975343896,0.009948522565024983,0.004313398820623891,0.9983848227734275,0.05664927401375842,-0.010209162980390766,-0.05660288277775714,0.9983445731071449,0.00035739579696862644,0.034255316622647705,8.048586348281635e-06,0.07851643230146106,1.3661743558844682e-05
130,0.325,20,0.5809300622884231,-1.0109347441036394,-0.5223192987604734,0.004740472588586187,0.0032452208849951744,0.0038799791977397187,0.1365768374302421,0.02010228397226524,-0.06320872263081412,0.0006505239253656134,0.0014490302391725208,0.0007616780868381767,2.0678726510315677,1.941838309425932,-1.020171065624507,0.9995872100385191,-0.028192106471583975,0.005059157800663624,0.0022404424679783046,0.9999387706797913,-0.004764291902382202,0.00998781327701852,0.004193778640890789,0.9984003711004851,0.05638360761005663,-0.010240464447421329,-0.05633826860210139,0.9983592201100857,0.00035980102248658083,0.03426137711123779,8.007844194074053e-06,0.078373967033152,1.7266870041535877e-05
131,0.3275,20,0.7301145377897473,-1.0170932614998782,0.5026125016892223,0.0005288648924820524,0.006307211825227548,0.002018619021448985,0.14679073523581074,0.023865913945431354,-0.06563872688074876,0.0005954852345091611,0.0014091224148308403,0.0008330701787966956,5.106948902784329,1.8818149865830573,-1.2150021249673213,0.9995910888535786,-0.028055220198328446,0.005080724812607154,0.0021785177343936995,0.999938880591719,-0.004640335535188468,0.010035056905710002,0.004070172121649249,0.9984163173602084,0.05610963311036376,-0.010279532084687517,-0.05606535931393241,0.9983741817100037,0.0003621897121377663,0.03426765027907114,7.994123102771398e-06,0.07823382038759044,2.0753475360206147e-05
132,0.33,20,0.7056979295780077,-1.0326457546266608,0.3316316816711665,0.00042922228430402834,0.0003047432313058859,0.000899800594481916,0.1563306453425624,0.02783474033853977,-0.06774880284930537,0.0005779814264463507,0.0013769363402232194,0.0007126627785165975,4.76995505337583,1.9844131965542087,-1.0550379842783086,0.9995952156653654,-0.02790810292546257,0.005106099784007077,0.002114321406328336,0.999938914779973,-0.004511934240928847,0.01009005243075622,0.00394192800764984,0.9984333348721851,0.05581520419733029,-0.0103260792284575,-0.05577202045302559,0.9983901310721951,0.0003645133672864981,0.034274048548086744,8.022935590200157e-06,0.0780813881372773,2.43107405871925e-05
133,0.3325,20,0.6858815675796943,-1.041206771895076,0.17587103544326926,0.000178667522243408,0.004039654914701532,7.624125874756416e-05,0.16516790865529982,0.03194779079596084,-0.06969315184129474,0.0005832384658051823,0.001347326478306177,0.0005054712489409595,4.418631656368715,2.0565252287105356,-0.9721744959946765,0.9995995648104539,-0.02775142965036504,0.005135480620188741,0.0020481752639544154,0.9999388636337756,-0.004379744063312702,0.010153168802567872,0.0038096763467047787,0.9984513262608979,0.055501670731495215,-0.010380527969564868,-0.05545959727399606,0.998406969982321,0.00036683165451001473,0.03428066182268,8.091370379540425e-06,0.07791973420712207,2.788707631145251e-05
134,0.335,20,0.6708124023627058,-1.046538374254067,0.03403756631847647,3.134388756227349e-05,0.005751808042598296,8.850236084751308e-05,0.17329410620421415,0.03616774363365277,-0.07149980875597658,0.0005992372245178526,0.0013134765406808567,0.00027930401207203393,4.063098774457172,2.1099764188459678,-0.9033284573409318,0.9996041105922953,-0.027585903392636234,0.005169008677131934,0.00198024500870644,0.9999387199580024,-0.004244105649371786,0.010224670947688795,0.003673738553359546,0.9984701931274352,0.05517043665862795,-0.010443178337704499,-0.05512949304409655,0.9984245985666158,0.00036916339283069624,0.034287555227123914,8.198049938376229e-06,0.07775148250724237,3.1445476113629e-05
135,0.3375,20,0.6571530644540632,-1.0504321416231126,-0.09623290162139622,0.0008248748349350866,0.006291391972794582,5.9426594910796986e-05,0.18070036655262248,0.04046325865716954,-0.07311952556365064,0.0006204863865555118,0.0012740726112038477,7.357568447954223e-05,3.703130174204128,2.1477575117583845,-0.8098584038370236,0.9996088275139394,-0.027412235549370355,0.005206788782101638,0.0019106671536005268,0.9999384774032135,-0.004105298947461616,0.010304752743036816,0.003534380065258459,0.9984898373864279,0.05482292215468745,-0.010514255375320587,-0.054783128393480665,0.9984429173855288,0.00037149817406436573,0.03429478097226295,8.333908577393839e-06,0.07757887355949777,3.49593323689212e-05
136,0.34,20,0.6456730228260203,-1.0564053145674,-0.21603183159213782,0.002877347589312161,0.007744245983416095,0.00012450689353881174,0.1874044125540843,0.04482100551305944,-0.07438179978374204,0.000660008571045617,0.0012202062634082014,0.00014328368484619916,3.3520230007309295,2.17887342794495,-0.6311371100456961,0.9996136901542021,-0.027231146733903644,0.005248893062751624,0.0018396264488652026,0.9999381297922889,-0.003963698320475549,0.01039354045183465,0.003391964811746115,0.9985101608441704,0.05446056615262695,-0.010593921002893122,-0.054421942142604936,0.9984618275383448,0.00037381539884904136,0.03430237272513982,8.490701018182908e-06,0.0774038106361297,3.840922313748801e-05
137,0.3425,20,0.6370362493375109,-1.0635565492668553,-0.3264376548976674,0.0034627102573796913,0.007406956921187081,0.0008243416360398371,0.1934223028054845,0.04926133676390667,-0.07515412454439346,0.0007010130128141053,0.001163730980961795,0.00031205611139885,3.008945125700097,2.220165625423614,-0.3861623803257122,0.9996186736646311,-0.027043340792421093,0.005295375549576932,0.0017674777333198883,0.9999376700405023,-0.003820016786248117,0.010491115561478049,0.003247198203803864,0.9985310674824944,0.05408477582550806,-0.010682309572218792,-0.054047337992014284,0.9984812334331479,0.000376083787333519,0.03431034606905086,8.661549763528842e-06,0.07722790326971903,4.177738452340435e-05
138,0.345,20,0.6290758728918922,-1.069669583162323,-0.42758064945944163,0.0033523866103808016,0.007386279267057169,0.0016744973270076218,0.19876118520261218,0.05375182442058544,-0.07540981189911378,0.0007428669664914535,0.001108342231821244,0.000452887498526278,2.669441198563843,2.2452438283393823,-0.12784367736016006,0.9996237537092064,-0.026849506212286295,0.005346306984028938,0.0016947088554676388,0.9999370899270554,-0.0036752338602545373,0.010597586719827716,0.003101051049932639,0.9985524639561032,0.05369692923790833,-0.010779595103599297,-0.053660687502748806,0.9985010420355779,0.0003782858146013099,0.03431871592270502,8.856261167891973e-06,0.07705249712745502,4.5056083783340004e-05
139,0.3475,20,0.6217748931884077,-1.0756592040718242,-0.5192642998690478,0.0035107479438419593,0.0073143629175172475,0.0015692592520796544,0.20343783952813146,0.05826392554379427,-0.07510155851397644,0.0007789329922846687,0.0010516454613203633,0.0005759823093265092,2.3383271627596667,2.2560505616044173,0.154126692568669,0.9996289067553463,-0.026650324610664165,0.005401725060319541,0.0016218334162744717,0.9999363820454852,-0.003530378582329628,0.010712996259264085,0.002954547677069327,0.9985742597090321,0.05329839110688334,-0.010885885807296634,-0.053263348314049934,0.9985211631290379,0.0003804174468280054,0.03432748651707841,9.084813956026491e-06,0.07687869159077168,4.824021245364153e-05
140,0.35,20,0.608531740440799,-1.0851658971043967,-0.6037976512527111,0.0031406815355983133,0.006932555973803316,0.001484829221736517,0.2074568045353576,0.06277476301723625,-0.0740258297918308,0.0008102295748423577,0.0009936973895468197,0.0006720549222496414,2.0094825036130555,2.2554187367209844,0.5378643610728262,0.9996341103254454,-0.026446461212271517,0.005461637764189421,0.0015494115450501076,0.9999355396735937,-0.003386571245300502,0.010837325909994667,0.0028088072801560502,0.9985963680264238,0.05289049409958431,-0.01100123171930672,-0.05285664480115744,0.9985415104045612,0.000382474751164529,0.03433666550569517,9.339482611731718e-06,0.07670736606451237,5.1327234401933625e-05
141,0.3525,20,0.7908074763760278,-1.0032936276257869,0.5542562612732426,0.003827466504922702,0.005476655147880461,0.005175590889038671,0.21722001975088148,0.06550674724134506,-0.07638882008037655,0.0008236126357159128,0.0010266627720932646,0.0006670492469870689,4.881607607761924,1.3659921120544052,-1.1814951442728807,0.9996393424544735,-0.026238577932217833,0.005526024954161143,0.0014782061726432304,0.9999345559094343,-0.003245336165696721,0.010970491847407745,0.0026653560200361704,0.9986187038692121,0.05247456679060023,-0.011125635958850884,-0.05244189237381055,0.9985620001526019,0.0003844510311204391,0.03434625038557387,9.61193174267989e-06,0.07653920227786115,5.431631010026549e-05
142,0.355,20,0.7629245323097319,-0.9929101865613965,0.34080631949680396,0.003185843183910656,0.0030889169855550336,0.0036217932788221063,0.2261646636598344,0.0686911376960794,-0.0797797638876094,0.0008256482161602036,0.001049417763225911,0.0005677970013128175,4.472321954476466,1.5921952273671758,-1.6954719036164285,0.9996447643185917,-0.02602091570473181,0.005593188147037592,0.001404764274362069,0.9999334857673706,-0.003099610258525237,0.01110929598853348,0.0025174507493461555,0.9986418771664415,0.05203905851579863,-0.011255508999606258,-0.05200763007224366,0.9985832563844782,0.00038650004953889655,0.03435589819027942,9.859993056773728e-06,0.07635424210370914,5.706352064807571e-05
143,0.3575,20,0.7369819640767329,-0.9928018928734639,0.14985738468126142,0.0029070428702548377,0.0019019787475532282,0.0028564576717198557,0.2343307509602346,0.07230707476544956,-0.08357831147682773,0.000816772581740312,0.0010617628654146047,0.00043169898807438246,4.083043650200089,1.8079685346850756,-1.8992737946091633,0.9996503461527869,-0.025794286529560072,0.005663608490393649,0.00132806547725643,0.9999323195619113,-0.002947379708490839,0.01125474337289101,0.0023630247477209867,0.9986657820490381,0.05158557820190337,-0.011391769378692487,-0.05155549163025221,0.998605156642597,0.0003885753019681914,0.034365766889294394,1.0100970084223866e-05,0.07615680107363436,5.9596414212888276e-05
144,0.36,20,0.7131705056566606,-0.9972936760726808,-0.02236900628817713,0.0026314384671883633,0.0012646976096033415,0.0021295852531158363,0.241734854192753,0.07631796898874546,-0.08741844853338646,0.0008011317038198179,0.0010660378883007827,0.00028005920563616254,3.7020516162591983,2.0054471116479613,-1.9200685282793615,0.9996560585478368,-0.025559465807579545,0.005737729403277308,0.0012477089122611435,0.99993104336753,-0.002787866143884387,0.011407730374026948,0.002201252949899547,0.9986903138602029,0.051115667727811565,-0.011535293467149951,-0.05108703166336112,0.9986275843378519,0.00039064538102456277,0.034375976996727585,1.0333842892018675e-05,0.07595055213665491,6.193963505919413e-05
145,0.3625,20,0.6944949429279473,-1.0010894086316187,-0.17705707043936406,0.0009528738094731899,0.0022211393461442548,0.001904761308242234,0.2483933784803542,0.0806616254836027,-0.09118762892541118,0.0007780976273825559,0.0010738134412542426,0.00018373818139055654,3.329262143800637,2.1718282474286212,-1.884590196012366,0.9996618724844515,-0.025317214498107702,0.0058159478980489305,0.0011636584483465824,0.9999296412981256,-0.002621017167702439,0.011569041550992556,0.002032042765923545,0.9987153690981448,0.05063084365635111,-0.01168688391314986,-0.05060377254872428,0.998650426800208,0.00039268895377646534,0.03438660624234911,1.0557667186553538e-05,0.07573860085711373,6.411559003948287e-05
146,0.365,20,0.682637621875197,-1.0016724981105858,-0.31703794686605946,0.0010088045507169574,0.002256169688824263,0.0007782160393546962,0.25431218227414487,0.08531002599451179,-0.09487864340230595,0.0007537787484737805,0.0010653705053496041,9.609358928355545e-05,2.959401896895343,2.3242002554545276,-1.84550723844739,0.9996677599366773,-0.025068277959715043,0.005898595737729773,0.0010759886816679642,0.9999280976333595,-0.0024469976652912655,0.01173932560910959,0.0018555271151896638,0.9987408473769828,0.050132592191419696,-0.01184721834252383,-0.05010720490241357,0.9986735760169146,0.00039472988015628257,0.03439769920671499,1.0771549074892558e-05,0.07552354996121029,6.614421218047554e-05
147,0.3675,20,0.672381305161192,-1.0011127702856495,-0.44536015522204053,0.0012275363408646804,0.0019706696959802686,0.00022681224984909487,0.25949804702169227,0.09026158872400078,-0.09841533169658802,0.0007260777092935833,0.0010515030911324762,1.55048836996134e-05,2.5929323737737158,2.4757813647445057,-1.7683441471410244,0.99967369360256,-0.024813395843419895,0.005985976375028767,0.000984780468242295,0.9999263965885339,-0.0022659830587567643,0.011919174730130612,0.00167185345354497,0.9987666511882942,0.04962238789246293,-0.012016917720440069,-0.049598808401992975,0.9986969269471107,0.00039673810335341984,0.034409273390747605,1.0974847234982124e-05,0.07530755843735124,6.804534553169423e-05
148,0.37,20,0.6645883305575323,-1.002386333938383,-0.559428529755646,0.0011424319187866808,0.0014341059803812657,0.0012832937295431275,0.26396961117810974,0.09546296742409757,-0.10162231058887165,0.0006944666624377532,0.0010307798886853023,8.95781904547265e-05,2.235782078208731,2.6006893500483983,-1.6034894461418123,0.999679646748167,-0.02455330155885844,0.006078389659199845,0.0008901905250071564,0.9999245214799602,-0.0020782997677446,0.012109170621802546,0.0014813216305662776,0.9987926858867779,0.049101693507485486,-0.012196599087423904,-0.0490800498079578,0.9987203771234214,0.00039870272192272333,0.0344213229270149,1.1165028299714635e-05,0.07509239464686143,6.983669700842462e-05
149,0.3725,20,0.6647697734207082,-1.014019789659757,-0.6574334160618631,0.00029877238287204434,0.00036667123236392975,0.0004593518959947642,0.26779089672961837,0.10089528570044219,-0.10402571301513126,0.0006547760080522952,0.0010000716865257932,0.00024546914200777046,1.9106427757542748,2.7161591381723187,-1.2017012131298055,0.9996855937962216,-0.024288711087509525,0.006176077673221657,0.0007925494165529767,0.9999224558599933,-0.0018846184007170206,0.012309771744569898,0.0012845825356814253,0.9988188607582597,0.04857193882563665,-0.012386771759774816,-0.048552359438610665,0.9987438291565637,0.0004006078231772325,0.03443382466535858,1.133888170404458e-05,0.0748794799877204,7.153255538859848e-05
150,0.375,20,0.6647401771654649,-1.0276782939852287,-0.7498161329409634,0.00023496052902865567,0.00014126887354197235,0.0008618731843847733,0.27100257551897045,0.1065210199153912,-0.1055058813429256,0.0006191995138124545,0.0009683858137831827,0.00038100068509534806,1.6058393946760234,2.8128671074744926,-0.7400841638971586,0.9996915111148339,-0.024020279383425436,0.006279251856255612,0.0006926611061605384,0.9999201824334355,-0.0016865536236285073,0.012521353727125581,0.0010832360880038967,0.9988450927978684,0.048034437575507356,-0.012587905380277615,-0.0480170400013609,0.9987671943489358,0.0004024157407629154,0.03444674351130111,1.1496769756341416e-05,0.07466994417883059,7.314980847500392e-05
151,0.3775,20,0.7821391277122788,-0.8630288846397196,0.48430206968177386,0.002053979186907453,0.001999470838543311,0.009054621157611055,0.27841289338521685,0.10707748474498795,-0.10698268039545533,0.0006054114194806539,0.000994835119586112,0.00032484423328652684,3.70515893312321,0.27823241479837446,-0.7383995262648757,0.9996973769819802,-0.023748621729385196,0.006388083454341859,0.0005914482932164619,0.9999176851573937,-0.0014859549697637505,0.012744208382918912,0.000879122259632114,0.9988713063097421,0.04749042614171927,-0.012800392710071266,-0.04747531325749529,0.9987903907114699,0.0004041307665503412,0.034460037691819115,1.1639103561288071e-05,0.07446464222885399,7.469969606741853e-05
152,0.38,20,0.7395532270768315,-0.9096399027093035,0.21350540325286582,0.0018204500396686422,0.0024905010150526735,0.008086538891832777,0.2856315313901818,0.10852274405768567,-0.10870656064010405,0.0005927850045130889,0.0010098536169477347,0.0002636533461913541,3.6093190024824744,0.7226296563488626,-0.8619401223243625,0.9997033180002826,-0.023469544157964345,0.006497501953420321,0.0004888196075272205,0.9999150870475132,-0.0012823359851216322,0.012968203776366946,0.0006723623490726008,0.9988978831048173,0.04693151454605177,-0.013014093269823503,-0.04691881012063265,0.9988139259307653,0.0004059234507734584,0.034473549215889854,1.176161904727755e-05,0.07423272532830129,7.612470982548526e-05
153,0.3825,20,0.7047158246017966,-0.9467641212746903,-0.02489881775268419,0.00034467212578151766,0.0025875649144940526,0.007654175757533947,0.2925416959797712,0.11076870147994596,-0.11060160999262095,0.0005844984127860561,0.0010197275054427653,0.00021906565184592403,3.455082294794702,1.1229787111301355,-0.9475246762584565,0.9997093171104219,-0.0231832359484813,0.0066084019373587495,0.0003845483135233962,0.9999123622928577,-0.0010752813465292554,0.013195131827404201,0.00046246478110449987,0.9989247793871032,0.04635807645657224,-0.013230792124548215,-0.046347911457291856,0.9988377331895827,0.0004077716805812291,0.034487335983459634,1.186185713333905e-05,0.07398078981201249,7.74463417308122e-05
154,0.385,20,0.6866077552669495,-0.976963075547212,-0.2291402743059768,0.00020263950736063957,0.0027814443421649983,0.00455697532309586,0.2990455622760724,0.11368740108396384,-0.11253808806090466,0.0005768310682858556,0.0010207968372354414,0.00018153695830755936,3.2519331481505995,1.459349802008947,-0.968239034141865,0.9997153547022698,-0.022890003824092186,0.006721588073043264,0.0002784802047637167,0.9999094854051037,-0.0008645162267577049,0.013426600783306035,0.00024908751997397403,0.9989519403474172,0.045770720242723106,-0.013452098435113937,-0.045763232925831426,0.9988617359574188,0.00040965906708261186,0.03450142688745661,1.1938508832912311e-05,0.0737143749151304,7.868417664404505e-05
155,0.3875,20,0.6715308825773764,-1.0019978105881293,-0.4081337834179539,4.353676744653873e-05,0.0029665223926133165,0.0057334067281708204,0.30507853018999154,0.11721282518977236,-0.1144002720694064,0.0005709212365188008,0.001014954484443708,0.0001491135839671666,3.016483956959524,1.7627120529042728,-0.9310920042508556,0.9997214095667997,-0.022590253366288903,0.0068377340406684545,0.00017058665640644368,0.9999064325867635,-0.000650010554051872,0.013663951035181653,3.214597633187686e-05,0.998979302706079,0.04517025272800976,-0.013679365418338172,-0.04516558702326018,0.9988858516920719,0.00041156551437149653,0.034515841504707725,1.1998670993279263e-05,0.07343811329114411,7.985436993903154e-05
156,0.39,20,0.6622780349589155,-1.02093884004035,-0.5732325764369366,0.0001674071755113375,0.003509912216193082,0.004779023140842646,0.3105710215581187,0.12136999530287237,-0.11611486584734076,0.0005689642635899883,0.0009981822500533394,0.00010559824878306247,2.7462456840636524,2.0785850565499837,-0.8572968889671844,0.9997274595011262,-0.02228445569486264,0.006957444834415984,6.095230965586314e-05,0.999903180492384,-0.00043195713768995195,0.0139083807197718,-0.00018821434695802386,0.9990067986383993,0.04455761270104479,-0.013913813875947902,-0.04455591641171694,0.9989099939915195,0.0004134751743875998,0.034530584090146456,1.2040223969410387e-05,0.07315586441638433,8.097772679691893e-05
157,0.3925,20,0.6557814922512833,-1.03751215262262,-0.7203575255108167,0.0005545958322124643,0.0034684559475281116,0.003729353107702108,0.3155094727390758,0.1261124432997953,-0.11757222599042158,0.0005646172450435692,0.0009668608426533498,6.244247148600662e-05,2.4692255904785503,2.3712239984614536,-0.7286800715404059,0.9997334807615272,-0.02197315217861905,0.007081348824480054,-5.026532118094244e-05,0.999899703944447,-0.0002106952616887313,0.01416113199267122,-0.0004117029597120101,0.9990343561134655,0.043933879929121004,-0.014156714042464755,-0.04393530371421323,0.9989340701643226,0.0004153691830633313,0.034545634105605474,1.2063120418315166e-05,0.07287080790161007,8.207007108465392e-05
158,0.395,20,0.6497909951861731,-1.0541979764654392,-0.8518957148730003,0.00019762845134810642,0.003484572304775219,0.0030108294732485888,0.3198962920800337,0.13140817309078553,-0.11861369753272286,0.0005622713735123193,0.0009313009294772102,2.8056251692833706e-05,2.1934096704788963,2.6478648954951454,-0.5207357711506484,0.9997394499400196,-0.021656898711379474,0.007210025502705205,-0.00016280074447395218,0.9998959780563359,1.3223069423330344e-05,0.014423345378722448,-0.0006378102374975283,0.9990619044682453,0.043300164415203436,-0.014409242341789611,-0.0433048596052815,0.9989579885409108,0.0004172187030806532,0.0345609552409807,1.2068214543795219e-05,0.07258552991749698,8.314555885536883e-05
159,0.3975,20,0.637973191723343,-1.072046234328314,-0.9679090394421828,0.00018366849481988627,0.00366501321320651,0.002371179498985903,0.3237165581282202,0.13717463462114768,-0.11900833332840877,0.0005618628504494247,0.000892235551881946,2.3181040117833535e-05,1.9101330240932168,2.8832307651810667,-0.19731789784294093,0.9997453443311486,-0.021336250131394667,0.007344018991019046,-0.0002762310325185942,0.9998919781629525,0.00023893372511631122,0.014696085058709401,-0.0008657090297646915,0.9990893762534945,0.0426575761767959,-0.014672510121093921,-0.042665690760590805,0.9989816596307802,0.000419013079206649,0.034576499812836024,1.2056836751390135e-05,0.07230209407280538,8.421664007920898e-05
160,0.4,20,0.627603475450169,-1.0874252747048438,-1.0689853324875531,0.0001797794354023115,0.003823181298528755,0.0017803104159428952,0.3269735144575644,0.14333275603634277,-0.11871137055644632,0.0005636382609221832,0.0008501702937069744,5.799391289895813e-05,1.6284781646721491,3.079060707597548,0.14848138598122124,0.9997511420849118,-0.021011778121443104,0.007483786099980788,-0.0003899047313869581,0.9998876818398204,0.0004651200949345715,0.014980232584558769,-0.0010941107070991168,0.9991167063089513,0.04200726242107687,-0.014947462217741153,-0.04201893427551315,0.9990049962515699,0.0004207454076842198,0.03459221276803117,1.2030794515954796e-05,0.0720221077227331,8.529412052017159e-05
161,0.4025,20,0.70529368902622,-0.7767781682478314,0.2604353470124394,0.00038901322178414884,0.0012235207068727139,0.011909447887335693,0.33236043841905344,0.14113050416374207,-0.11875017527775973,0.0005547508545391237,0.0008703395679038037,2.016907046082633e-05,2.6934619807445683,-1.1011259363003547,-0.019402360656707238,0.9997568226744191,-0.02068405173164726,0.007629703952777275,-0.0005031277230229343,0.9998830689601746,0.0006903843650248505,0.015276510603251395,-0.0013216371300504455,0.9991438337329137,0.04135036624737576,-0.015234883723848866,-0.04136572110968416,0.9990279152431111,0.0004224097323007991,0.03460803327255459,1.1992168570401776e-05,0.0717467823732705,8.63871792853921e-05
162,0.405,20,0.6568590722736066,-0.848321497949428,-0.07295260335290114,0.00010172369409264176,0.0019242819150414227,0.010635945036312672,0.33816129608396206,0.14021945095367588,-0.11992585955459087,0.0005476402017193972,0.0008802871418066529,2.5684989575159487e-05,2.9004288324542835,-0.45552660503308334,-0.5878421384155855,0.9997624884873901,-0.020350935420498206,0.0077734226425981425,-0.0006163938931044781,0.9998783879179761,0.0009161021405256202,0.015568241115080605,-0.0015488878293086334,0.9991709189721585,0.04068262069759608,-0.015518064345831969,-0.04070178665857775,0.9990508266558605,0.00042410507938818177,0.03462402552223919,1.195265933475713e-05,0.07143309870081375,8.739877187750834e-05
163,0.4075,20,0.6166019370068796,-0.900922705586366,-0.3618346432983331,0.0007579729688366987,0.002013649878483457,0.009598857807853675,0.3441711057645664,0.14049995660388898,-0.12191342452973705,0.0005467036655004432,0.0008809214246296957,7.102897372280094e-05,3.0049048403021956,0.14025282510652953,-0.9937824875730774,0.9997681323047147,-0.020012006968225436,0.007916256912335877,-0.000730808828719156,0.9998735975899076,0.0011444383785368369,0.01585809267892619,-0.0017781191325045504,0.9991979709911192,0.040003163119699474,-0.015799592873435117,-0.04002630420146725,0.9990737049072032,0.000425814382892174,0.034640227619135676,1.1911974421658454e-05,0.07109028640985057,8.835443507004103e-05
164,0.41,20,0.5948474424430019,-0.9489456456933996,-0.607697691048716,0.0009007145345002333,0.0020957461750497827,0.008419330327165108,0.350183752415442,0.14183304568167954,-0.12414141720329348,0.0005496238609389267,0.0008721525505026781,0.000116746715056223,3.006323325437724,0.6665445388952806,-1.1139963367782282,0.9997737420257095,-0.019667051543721788,0.008059414590325777,-0.00084715756978547,0.9998686563210264,0.0013769219429393298,0.016148504350194454,-0.002010941631579972,0.9992249788152571,0.03931154824480201,-0.016081859983831954,-0.03933885862111495,0.9990965058400757,0.00042751400409400664,0.03465665119375624,1.1870164978435784e-05,0.07072608759664287,8.927655567372015e-05
165,0.4125,20,0.5804731269731329,-0.9903928323457784,-0.8236512212911477,0.0009371136860718248,0.002610972330931003,0.0072550777983953554,0.35608885174748584,0.14419977995321648,-0.12638332593135712,0.0005589183984090936,0.0008532269068714686,0.0001441305474356875,2.952549666021934,1.183367135768466,-1.1209543640318063,0.9997793017961261,-0.019316064911589045,0.008203952650850275,-0.0009656589897433381,0.9998635253272363,0.0016139555772066402,0.016441589569927816,-0.002247827904948348,0.9992519142780936,0.03860775934025685,-0.016366978643014448,-0.03863944822277173,0.9991191695944678,0.000429186123468271,0.03467328791392336,1.1827760706283074e-05,0.07034695931781695,9.018584692066793e-05
166,0.415,20,0.5682505794342985,-1.0223817890314186,-1.0136390166650737,0.0002654383000118466,0.0025186705458329467,0.005795583818381474,0.36180355629048033,0.14756167038501833,-0.12866583368121617,0.0005679544409461937,0.000821972528255121,0.00016856809750157627,2.857352271497255,1.680945215900941,-1.1412538749295202,0.9997847932263264,-0.018959155177848637,0.008350904402810338,-0.001086307502153743,0.9998581646633318,0.001855495257945453,0.01673940540824149,-0.0024887996277384956,0.999278740741906,0.03789200677825739,-0.016657023518224717,-0.03792829337866755,0.9991416256611948,0.0004308161359917071,0.03469010799292329,1.1785484862542463e-05,0.06995827992132782,9.109957354555311e-05
167,0.4175,20,0.5515385865581212,-1.0507637500544849,-1.1806331393801872,9.059470036579423e-05,0.0024813873998355733,0.004866322899552138,0.3672784682086263,0.15186272676032958,-0.13086061474995334,0.0005802221166520404,0.0007831159077377947,0.00019580581819475968,2.73745595907302,2.1505281876556332,-1.097390534368592,0.9997901960892406,-0.018596513309428502,0.00850126519747218,-0.0012091263839956298,0.9998525330068595,0.002101557626319785,0.017043934267360207,-0.0027339331918868758,0.9993054154122395,0.03716466516832418,-0.016953992127789183,-0.037205781584514604,0.999163796365549,0.00043238080047319625,0.03470706873524731,1.1744554749301275e-05,0.06956447230647997,9.203448249481992e-05
168,0.42,20,0.5372637722902325,-1.0735975579686936,-1.323089734856395,0.0001876777421186187,0.002613447502153064,0.004024527728705737,0.37245523260301444,0.1569753711135668,-0.1328894161241122,0.0005966197921830863,0.0007375609520655569,0.00021973986017168943,2.5883821971940377,2.5563221766185977,-1.0144006870794107,0.9997954894308572,-0.018228380956820292,0.008655971992350192,-0.0013340128461206368,0.999846589117188,0.0023519113427322136,0.01735703729790386,-0.002983048762844718,0.9993318930748388,0.036426211764845604,-0.017259769720462344,-0.03647240047617943,0.9991856005531213,0.000433864503273227,0.03472411871015334,1.1706225808399173e-05,0.06916912392755674,9.300349245465377e-05
169,0.4225,20,0.5259989593503669,-1.098243223417977,-1.443500940271798,0.00033176847581083444,0.002829488676631554,0.00327660213476869,0.377320518853655,0.16278212459432068,-0.1344330218988783,0.000617768918297038,0.0006860353983323377,0.00023752126740122183,2.432643125320291,2.903376740376939,-0.7718028873830531,0.999800652159063,-0.017855058919439868,0.008815832772850803,-0.0014607894498876062,0.9998402943734085,0.002606182062163055,0.017680315674636227,-0.003235810916495775,0.9993581259303329,0.03567724295297584,-0.01757598574784967,-0.035728755255002055,0.9992069559270089,0.0004352552842175248,0.034741200056179,1.1671696325640849e-05,0.06877509455094756,9.401684036657857e-05
170,0.425,20,0.5172062731940857,-1.1198912270057702,-1.5440909813312533,0.00045799052464104065,0.0030182640547729207,0.002614798538849748,0.38184931101809283,0.1691699835100489,-0.13539601462201128,0.0006436555654869202,0.0006291867698470417,0.0002505291927520684,2.2643960822189397,3.1939294578641135,-0.48149636156649817,0.9998056643644038,-0.01747686417251639,0.00898153225763921,-0.0015889625085753712,0.9998336145529026,0.0028633693944169875,0.018015113815593772,-0.0034912454717283274,0.9993840688336835,0.03491839295396449,-0.017904033487843404,-0.03497547822607228,0.9992277825940008,0.00043654346153042733,0.034758249661800515,1.1642096461613551e-05,0.0683846241131816,9.5082408251253e-05
171,0.4275,20,0.4834208767155612,-0.62050150518325,-0.1757368428841315,0.004374258532529781,0.0016167540355275253,0.008736707502342178,0.3842592759820599,0.16397162184260586,-0.134385984692603,0.0006401741880883788,0.0006792518599620898,0.00022083662005220595,1.2049824819835244,-2.5991808337215305,0.5050149647041375,0.9998105070011059,-0.017094139730403777,0.009153640776270953,-0.0017179457523686338,0.9998265190458618,0.0031222931984091653,0.0183625460603394,-0.003748187656295155,0.9994096780985386,0.03415035010462489,-0.01824507884137843,-0.0342132519377861,0.9992480024948328,0.0004377203208429729,0.03477520357364476,1.16184930687863e-05,0.06799940733142798,9.620616527981034e-05
172,0.43,20,0.43664879229609255,-0.8084267967564983,-0.58619476121067,0.0039283599369448405,0.004990799690450553,0.008169954239120942,0.38852831676210253,0.16048581057568545,-0.13161196768657124,0.0006568049705084541,0.0007088331784646883,4.51665153172641e-05,2.1345203900213017,-1.7429056334601847,1.3870085030158912,0.9998152474166195,-0.01670900524287865,0.009320542571569,-0.0018459857012137087,0.999819439645925,0.003379815311783412,0.01869933032402051,-0.004002763290562692,0.9994348029611687,0.03337742524535928,-0.018575951984981073,-0.03344624759861796,0.99926787325993,0.00043900939433337576,0.03479361748984929,1.1728111009388299e-05,0.06755842690865789,9.744634638534195e-05
173,0.4325,20,0.3858617065663189,-0.9432768071638093,-0.9368986654021816,0.004435943920739275,0.004366566888753628,0.00788982350133159,0.394122858496827,0.15858882959515533,-0.12852320516273927,0.0006888448874209466,0.000718585869007455,7.694548774920024e-05,2.797270867362217,-0.948490490265083,1.5443812619159751,0.9998199034619151,-0.016319619482505387,0.009483920861756388,-0.0019712702608158917,0.9998123386772936,0.0036322825244004603,0.019028766441990818,-0.004251378443064695,0.9994595682270101,0.032595970008766025,-0.01890008491977604,-0.03267075149336888,0.9992874505300684,0.0004404111583630424,0.03481322152407472,1.194743974745244e-05,0.0670749041950531,9.879391995414009e-05
174,0.435,20,0.35389382372631895,-1.048718428740802,-1.229713367785515,0.004368855184406454,0.004488224403770645,0.007324091731914798,0.4006348313440135,0.15809745526456637,-0.12542145862795287,0.0007336370421555979,0.0007098525022509989,0.00018089193996778286,3.2559864235933538,-0.24568716529447254,1.5508732673931889,0.9998244794068272,-0.01592466250961923,0.00964536129712356,-0.002093444116699187,0.9998051689943565,0.003878955101412028,0.019354011457257007,-0.0044933515951721716,0.99948404523137,0.03180335075709713,-0.01922066189309228,-0.03188411885654073,0.9993067442588054,0.00044187101234127057,0.03483379209452968,1.225731281031988e-05,0.06655987756071505,0.00010024325924306771
175,0.4375,20,0.33334086178821315,-1.1192950166342377,-1.4757633079889902,0.006921206797205428,0.007115637779916713,0.0027553677545809887,0.4077707643363282,0.15889890923937933,-0.12330208143399231,0.0007908298130469347,0.0005872035332707622,0.0003968738344707588,3.567966496157298,0.400726987406473,1.0596885969803043,0.9998289712211264,-0.015523219951277166,0.009806271670055215,-0.0022124613401242918,0.999797884101503,0.004119716067053481,0.019677878078805257,-0.004728615715198461,0.9995082693143255,0.030997738073927916,-0.01954049998273947,-0.031084522061770932,0.9993257333565547,0.0004433492124429446,0.03485513443242185,1.2641846059039156e-05,0.06602252966958774,0.00010179002622457275
176,0.44,20,0.31024181585644667,-1.1694742731277934,-1.6794768803629183,0.002725823285904931,0.010215002998803875,0.0008164403470044672,0.4152454936791452,0.16034627363790885,-0.12201675750764629,0.0008913738348010688,0.0005562900284696334,0.0006289623841552151,3.7373646714084714,0.7236821992647726,0.6426619631729918,0.9998333667074594,-0.015114661684294258,0.00996796322638987,-0.002329276650358608,0.9997904283588068,0.004356452246945503,0.02000301692079366,-0.0049591018143389795,0.9995322429449108,0.030177849868914607,-0.019862192006636473,-0.03027072244489406,0.9993443734225733,0.0004446547690649189,0.034877114842278206,1.3123777432583889e-05,0.06547036588192393,0.00010348514711905942
177,0.4425,20,0.2953038124775546,-1.2049463536834426,-1.8578206611049588,0.0029053612865107773,0.01154348571676297,0.0041459506511159015,0.42308023258558114,0.16297055502525692,-0.1218001958710613,0.0010167335767677275,0.0005089147778891835,0.0008065775056522946,3.91736945321801,1.3121406936740403,0.10828081829250029,0.9998376539076823,-0.014698642653370002,0.010131096970512767,-0.0024447099427438103,0.9997827685349399,0.004590799359163098,0.020330772288696487,-0.005186452855387925,0.9995559465948888,0.02934297758535628,-0.02018703661733836,-0.029442047959335135,0.9993626215566452,0.0004459796952101555,0.03489960877679579,1.3730947239861753e-05,0.06490920745140619,0.00010525558083342826
178,0.445,20,0.2841833682781266,-1.2361512953956917,-2.00219239511802,0.003063038879116251,0.011823277096216797,0.005965084229948011,0.4311549841911688,0.16661508166322128,-0.1221572471356757,0.0011592322337855671,0.00044272491957842087,0.0009110366002829948,4.037375802793813,1.8222633189821784,-0.17852563230722204,0.9998418135464243,-0.014274795352686928,0.010296867671875697,-0.0025598081928247876,0.9997748437963276,0.004824835174110415,0.0206635591699809,-0.005412777889269308,0.9995793551993097,0.028492358534415337,-0.02051739621760208,-0.028597790559322937,0.9993804094675736,0.0004472831162660723,0.034922486848555846,1.448353405245274e-05,0.06434421532119763,0.00010709415895919696
179,0.4475,20,0.2763643005630231,-1.2646342137824143,-2.116024071522016,0.0026248105287353376,0.01128424503938126,0.0059391972581005585,0.439376148587659,0.17112668910306975,-0.12272431052828028,0.0013050218805334937,0.000359742045956122,0.0009954334700015095,4.110582198245101,2.2558037199242174,-0.28353169630227837,0.9998458255689634,-0.013842876840134504,0.010466305228954245,-0.002675127653276009,0.9997666002937861,0.0050596628854728916,0.021003446109872908,-0.005639197982495569,0.9996024369056551,0.027625487839856327,-0.020855320259329155,-0.02773748265003874,0.9993976624312865,0.00044851397281237665,0.034945639654055796,1.538387038019133e-05,0.06377951620905246,0.00010899368354654496
180,0.45,20,0.2715446769443921,-1.2893545555045227,-2.2047812904596915,0.0023164752950741037,0.010988107316100991,0.0058687457031386435,0.4476592744972413,0.17635446799085613,-0.1232745238636049,0.001453157330336661,0.00026226000536644064,0.0010688241504062208,4.141562954791113,2.613889443893223,-0.27510666766229763,0.99984966971483,-0.013402741195905515,0.010640280660510783,-0.0027908649280314743,0.9997579910008381,0.005295672897132696,0.02135217268885587,-0.005866108608911194,0.9996251552027782,0.02674206154375929,-0.02120255172748333,-0.026860843888238613,0.9994143019118022,0.00044964041568061716,0.03496898188893418,1.6412849104644694e-05,0.06321834293029213,0.00011095080998324847
181,0.4525,20,0.08179593758834035,-0.7761315860373704,-0.1816309793338485,0.005466864312398049,0.012232290986236358,0.021692201532817243,0.4503289239154468,0.1672535755546299,-0.12132319183547831,0.0015951143701641956,0.0003314273041210463,0.0010239655248960658,1.3348247091028178,-4.550446218113135,0.9756660140632958,0.9998533257118113,-0.012954329058221845,0.010819510661371707,-0.002906993417671713,0.9997489751566362,0.005532815070250116,0.021711163733299007,-0.0060934530756755105,0.9996474694958418,0.025841953489906463,-0.02156053113608859,-0.02596776247500661,0.9994302470953995,0.0004506383323139507,0.03499242822052022,1.7553105515954904e-05,0.06266315810553001,0.00011296230640462103
182,0.455,20,0.0507644257861936,-1.1469163877295288,-0.7000576524653679,0.003910037792060439,0.016914968096589617,0.02149382637337103,0.4572834961570337,0.1598300816628556,-0.11175320397684678,0.0017893337953878794,0.00034454373480446174,0.0011870194947067158,3.477286120793385,-3.7117469458871546,4.7849939293157595,0.9998568741128433,-0.012503245420876958,0.010989637649246783,-0.003021259270158931,0.9997401997135215,0.005766841426261034,0.022051680587487202,-0.006316465972721202,0.9996690816927356,0.024936506676320566,-0.021900578402947617,-0.025069316854814463,0.9994457934365671,0.000451802835730848,0.03503042169883239,1.9378059655916213e-05,0.06203007226594528,0.00011522342792389213
183,0.4575,20,0.016610451464600877,-1.3480827068339398,-1.129579991157538,0.0028121558021971067,0.017176883719052734,0.02092033047673765,0.4673310827377889,0.15389141820292312,-0.10140787690495015,0.0020054224798126143,0.00030986529048807217,0.0013315786129681428,5.0237932903775615,-2.9693317299662274,5.172663535948326,0.9998603735967533,-0.012045289595903359,0.011152246754599682,-0.003125972142609915,0.9997317113809763,0.005982407265117733,0.02237668569244736,-0.006519735432334239,0.9996902785934288,0.024017492285517257,-0.02222607273354151,-0.024156938736246816,0.9994610767817507,0.0004531072188817115,0.035081087348502134,2.180134049328787e-05,0.0613379545345263,0.00011768044902803903
184,0.46,20,-0.006121772080953094,-1.487387218335962,-1.4828038866351356,0.001914383544089815,0.012152214874830833,0.01810737480674975,0.47968834034760643,0.1493426428927927,-0.09199792101071161,0.002271274599972733,0.00022463095411252138,0.0012485569409537978,6.178628804908839,-2.2743876550652216,4.704977947119269,0.9998638429436093,-0.011577381343237112,0.011308823308937824,-0.0032202997745507623,0.9997234803694585,0.006177869496043804,0.022689132342748705,-0.006701575736007251,0.9997111878211906,0.023078774399840993,-0.022540001788630644,-0.023224445604449823,0.999476149513201,0.0004544680665378943,0.03514285529407215,2.473851662028529e-05,0.06060249111408171,0.00012028901331085504
185,0.4625,20,-0.016670791182956658,-1.6102934886210192,-1.772566832096567,0.0017909074127929782,0.01217959391123682,0.018537040679825277,0.4938214837551743,0.14616304469605418,-0.08330512666636794,0.0025178811955431655,0.00011119846761662689,0.0011357313099517367,7.066571703783846,-1.5897990983692596,4.346397172171832,0.9998672805343832,-0.011097205614974435,0.01146077899346085,-0.0033051307355495513,0.9997154533113679,0.006355018918732642,0.022991871280708103,-0.0068637494027255,0.9997318562767198,0.022115706853741497,-0.02284516041928104,-0.02226722434536001,0.999491005144804,0.0004557248507926247,0.03521437232961651,2.80998113611901e-05,0.059836670668822686,0.00012298582562128015
186,0.465,20,-0.022309534174489234,-1.6935866106714568,-2.053086496343189,0.001226417792566752,0.015949990511717776,0.03174220508600099,0.5091208357257982,0.14408422749146238,-0.07556098971615145,0.00287215767265878,2.26505320675498e-05,0.0010357426388729405,7.649675985311987,-1.0394086022959104,3.872068475108243,0.9998706736786723,-0.010602983991508582,0.011609501450949628,-0.003381142394856415,0.9997075747043322,0.006515219532229577,0.023287700471040406,-0.0070076009643648355,0.9997522892131631,0.02112471873810982,-0.02314429967629771,-0.02128173224826563,0.9995055924130725,0.00045682014630685485,0.03529445040331777,3.1831864064884564e-05,0.05905115285967599,0.00012575893479219703
187,0.4675,20,-0.02459088209713549,-1.7603486531816963,-2.2248951105759796,0.001407945636205072,0.018368681753511685,0.03132190079168976,0.5257864849159619,0.1430281936050802,-0.06917307291221719,0.003246200976148061,0.00016778183613439164,0.0010401877126005564,8.33282459508197,-0.5280169431910837,3.1939584019671248,0.9998740005109439,-0.01009354401050004,0.011756109749620347,-0.0034492542823184795,0.9996997930569016,0.006660317733782443,0.02357888737140119,-0.007134960978382689,0.999772446028408,0.020103444834429333,-0.02343962657179324,-0.02026564408201847,0.999519828505726,0.0004577817219867914,0.03538154519736026,3.602490199006968e-05,0.05825467912366633,0.0001285733024105988
188,0.47,20,-0.03852501356286141,-1.7928011664503796,-2.358656230647112,0.0024825657381546255,0.01785741146711393,0.03143843531030595,0.543513861513252,0.14277368993119005,-0.06490848689388524,0.003637937817839423,0.0003675347379040071,0.0009970636307899546,8.863688298644927,-0.1272518369450854,2.1322930091659815,0.9998772363992896,-0.009567508059439879,0.011901649254285572,-0.0035107926569108833,0.9996920501598963,0.006792985068403938,0.02386755540401748,-0.007248461569047954,0.9997922742489055,0.019049098589787206,-0.023733197255857413,-0.019216235481015503,0.9995336270691211,0.0004586169574026573,0.03547489268082428,4.0625953804880934e-05,0.05745438440614427,0.000131398791985413
189,0.4725,20,-0.03347852874596427,-1.816187836078561,-2.451138758014541,0.010180564315701458,0.018862089882379758,0.03979252097752786,0.5621514400365066,0.1430621865234685,-0.06243661110690828,0.004148451138313007,0.0007576686212854574,0.0008754291655336371,9.318789261627371,0.14424829613924967,1.235937893488474,0.9998803491193676,-0.00902379302215347,0.012046949797009638,-0.003567857201909993,0.9996842827911502,0.00691744224627465,0.024155407947560253,-0.007352278972340605,0.9998116831089602,0.017959463041554834,-0.024026625527869713,-0.01813139022793207,0.9995468843201634,0.00045925639640938287,0.035573778941880754,4.5570470681090836e-05,0.05665594424202053,0.00013420999582986897
190,0.475,20,-0.017627609823886215,-1.826126193302017,-2.5155267788124953,0.0017922459892403685,0.014825106491188294,0.029236417139110345,0.5814466425310023,0.1438219490380322,-0.06162657821055524,0.004515003422616614,0.0009824549483639236,0.0006674379175653037,9.647601247247831,0.3798812572818561,0.4050164481765197,0.9998833052479135,-0.008461469724161827,0.01219257669855894,-0.0036222217028912605,0.9996764411667697,0.007037263780066524,0.024443606416234043,-0.007449932254444033,0.9998305660800844,0.016832636198236783,-0.02432100913914118,-0.01700929306196353,0.9995594892071137,0.00045937514974442854,0.035677280102367086,5.053989669551414e-05,0.05586378803027301,0.00013696893239589038
191,0.4775,20,-0.35449965257789373,-1.2330047364405565,-0.3632746793500775,0.007786253037495942,0.006962052072777482,0.009283011308286218,0.5852433982975835,0.12960842217205537,-0.05656252198879247,0.0044248089902665325,0.000861834819910394,0.0006239590783792759,1.8983778832905895,-7.106763432988435,2.5320281108813965,0.9998860669161668,-0.007879862444658749,0.012339019837612661,-0.0036755331884372223,0.9996684780904554,0.007155769289168059,0.024733153421933492,-0.007544688405257271,0.9998487964472679,0.01566722438140863,-0.024617302638190838,-0.015848634289112356,0.9995713127146005,0.00045926508962108745,0.03578454652933026,5.5859426308841786e-05,0.05508125498156152,0.00013968596987946633
192,0.48,20,-0.35878929399486903,-1.741538733256887,-1.005794407502508,0.0038833678296055427,0.014562888646123326,0.007233541545934474,0.5964967038564063,0.11645995955807835,-0.03894440179598699,0.004426094920068919,0.000820195951495956,0.0009333867116517871,5.626652779411401,-6.574231306988504,8.809060096402732,0.9998886895198779,-0.007294473647707658,0.012471255004859032,-0.003723845193871128,0.9996612015511517,0.007264918899775822,0.0249940606282231,-0.007628803863722968,0.99986584726235,0.014494441346664614,-0.02488540666568376,-0.014680205438710157,0.9995825169056134,0.00045952608400692244,0.035920621715736165,6.182328220913145e-05,0.05420251851081809,0.00014275366344838303
193,0.4825,20,-0.37296209699095006,-1.9664344806322631,-1.5241947343372393,0.002293514536561088,0.01500523802255197,0.005735935229866955,0.6132064552357613,0.10433497634262387,-0.020923275618345307,0.0044809398322124844,0.0008508280920053945,0.0012437650113696578,8.354875689677492,-6.0624916077272335,9.010563088820842,0.9998912569965982,-0.006698001855579444,0.012590262836770134,-0.003754495253231015,0.999654778094189,0.007339514748596003,0.0252280826998971,-0.007676833163967681,0.9998820810730722,0.013300006825366587,-0.025127492235205478,-0.013489087153596924,0.9995932441056874,0.0004601898731160051,0.036081525388153575,6.833279310454858e-05,0.05325250186175098,0.00014606997835758264
194,0.485,20,-0.3773258909429159,-2.081084583714195,-1.9476411710659467,0.0011218744948521086,0.013989693788394146,0.0045715311183389794,0.6341900611309892,0.09329916560621679,-0.006320505062104258,0.00457268253744031,0.0009433579768153524,0.001483144175571069,10.491802947613905,-5.517905368203548,7.301385278120525,0.9998937776328066,-0.006084999728681057,0.012697085273326962,-0.0037669954949875817,0.9996491875410052,0.007378667190731325,0.02543731745087543,-0.007687714232504264,0.9998975650464854,0.01207304700516282,-0.025345628784615663,-0.012264366457259203,0.9996035136077276,0.0004611509427501387,0.036263987232963944,7.530706361606553e-05,0.05225178239980022,0.00014955516944553735
195,0.4875,20,-0.3589039258508197,-2.159418635349653,-2.2893825422817615,0.003063052570396649,0.009611122656770771,0.00310702158219864,0.6585963218514935,0.083380604254256,0.004577531672909875,0.004693081415722833,0.0010917288997193174,0.001487724901446295,12.20313036025224,-4.959280675980394,5.449018367507067,0.9998962220425046,-0.005451155774698334,0.012792854553714959,-0.003764693641429236,0.9996443399083074,0.007389134212474347,0.02562409773776457,-0.007668077584375784,0.9999122239650123,0.010804857773383894,-0.025542010011830783,-0.010997502486160294,0.999613255546175,0.0004622941396476152,0.03646524008177357,8.268663316956516e-05,0.05121731513190947,0.00015314523823880337
196,0.49,20,-0.32653114012501183,-2.2141657752661645,-2.5575977383898967,0.0017030988317040514,0.009994406514279755,0.002148449955325773,0.6856960613483755,0.07446387829581026,0.01209828093054748,0.00484316652905583,0.0012826173315817503,0.0014997710757178365,13.549869748440978,-4.458362979222873,3.760374628818802,0.9998985417161007,-0.004793005872175059,0.012878726825493944,-0.0037512350071716794,0.9996401332625505,0.007378253200009236,0.02579079972677741,-0.007625164453212159,0.9999259106612606,0.00948841690221791,-0.02571888096110828,-0.009681661425880285,0.9996223309801272,0.0004634376183903664,0.0366829470305589,9.041196570913055e-05,0.05016293152891192,0.0001567858199197444
197,0.4925,20,-0.32147411393392067,-2.1984350583144474,-2.760972658663493,0.004572306302068388,0.008343752356807902,0.0027282842446626435,0.7147289451006489,0.06636136116099241,0.014314356026622798,0.004984618510804114,0.0014807502858454349,0.001642779276217875,14.516441876136682,-4.0512585674089285,1.1080375480376596,0.9999006761958028,-0.004107818380899181,0.01295573453009869,-0.0037299482719759755,0.999636472857348,0.007352715989766709,0.02593953933466084,-0.007565595207529868,0.9999384266280759,0.008118172314255837,-0.025878251534375132,-0.00831146919274672,0.9996305495418704,0.00046454319412129444,0.03691504596286175,9.842962478731695e-05,0.049099756982222596,0.00016043381306961408
198,0.495,20,-0.333590260777946,-2.1776407882613755,-2.9111488391739067,0.00396806159967486,0.007603904489879751,0.0014772378948867749,0.7452406132645002,0.0588613062865647,0.01261596718198978,0.005147729059689599,0.0017231376232887433,0.0015725577387652788,15.255834081925599,-3.7500274372138547,-0.8491944223165093,0.999902547666361,-0.003393596071510005,0.013024726192832214,-0.003706100865584532,0.9996332426479517,0.007323078075531981,0.026072067824415564,-0.007499880714093936,0.9999494966441551,0.006689988817272302,-0.02602175978706329,-0.0068830726133413305,0.9996376800266104,0.00046568653987475394,0.03715974203034707,0.00010669564290399376,0.04803653834907552,0.0001640634665226118
199,0.4975,20,-0.3310049904399906,-2.1742269576261277,-3.0253958398333074,0.004519064015318384,0.010034400684732906,0.0005196950982364009,0.776948343490834,0.051844471916274074,0.008058981516497577,0.005341408760267333,0.001996736663009705,0.0015338880018671394,15.853865113166986,-3.50841718514531,-2.2784928327461027,0.9999040769814672,-0.00264881237774541,0.013086324337316563,-0.0036835776313400965,0.9996303587423448,0.007297122147141647,0.02618965232721782,-0.007435775018677148,0.9999588300976427,0.005200707608122418,-0.026150623903120698,-0.0053935255745440214,0.9996434638166521,0.00046672046667141945,0.03741543410934334,0.00011516421580677055,0.046980081352965344,0.0001676465644925584
200,0.5,20,-0.31889442973482024,-2.1856690466606916,-3.0950776355619576,0.004180134907964865,0.007681451839747794,0.0005382861324080905,0.8092809944264205,0.0453190243164394,0.002095182214751585,0.005537466449707923,0.002292257818211697,0.0013827524307825395,16.166325467793275,-3.262723799917338,-2.9818996508729945,0.9999051827647806,-0.001872236189649674,0.013141020899622493,-0.0036652123399292563,0.9996277595764378,0.007280523439462953,0.026293274095076792,-0.007378935819051816,0.9999661219003068,0.003647788074859858,-0.02626582552233453,-0.0038404466027021165,0.9996476166027317,0.0004676586662952549,0.0376806326731569,0.00012379372660101509,0.04593556127755271,0.00017115753351186196
201,0.5025,20,-1.0228746088122205,-1.719873787493699,-2.898171622633684,0.007503347136816584,0.001882386989601994,0.060871432281591656,0.8133189647849666,0.02882870242516806,0.012769097498387316,0.005411589981476304,0.0022159733066686262,0.001339058710546785,2.018985179272941,-8.245160945635668,5.336957641817863,0.9999057814154472,-0.0010632263806402541,0.013189308204945486,-0.0036523952007581867,0.9996254043167448,0.007276055713652502,0.026383897699850313,-0.007332148595356074,0.999971059117922,0.002029907277933095,-0.02636836440813043,-0.002222597541889349,0.999649823397477,0.0004684412479132959,0.03795404206275904,0.00013255437987830696,0.044906562928848606,0.0001745895396167106
202,0.505,20,-0.9822890693465632,-2.3432945877139444,-3.436482768894776,0.004318186250707502,0.002873654061671745,0.0575721652750188,0.8269378031583733,0.011280053628623702,0.046242486648268875,0.005429602776282231,0.0022058939213906482,0.0016263210931118312,6.809419186703235,-8.774324398272181,16.736694574940778,0.9999059799796005,-0.0002502620235750458,0.013221191091396405,-0.003628867051710031,0.9996240628600915,0.007250434207038393,0.026441712404703863,-0.007263669255184815,0.9999735373856812,0.0004045210983971069,-0.02643807973425728,-0.0005964328773408293,0.9996502749500886,0.0004695598633351659,0.0382667967640892,0.0001415771356995075,0.04380013300516994,0.00017774086964143727
203,0.5075,20,-0.9016323674248745,-2.5748914741854922,-3.841040005236305,0.0023072569358176045,0.0038738571262254603,0.05523980094519108,0.8474197093743667,-0.006576545886813399,0.08407948145399234,0.005454991465510978,0.0022732019924477653,0.0020159879760689977,10.240953107996937,-8.928299757718552,18.918497402861746,0.999905860780057,0.0005759428233855867,0.013235591986821863,-0.003571690400331418,0.9996241242648851,0.0071579542168026455,0.026464577818126632,-0.007127462439930367,0.9999738226350967,-0.001246324082838993,-0.026472806175940333,0.0010572303354708526,0.9996489747892451,0.00047119023332404836,0.038612532443087225,0.0001508162372328043,0.042638320406803695,0.00018072995604510433
204,0.51,20,-0.8412391018684724,-2.6035254144603375,-4.151951564812802,0.0008399871288220548,0.002501503800195061,0.05289243828176588,0.8724825864697987,-0.024578955520804364,0.1173644654541455,0.0054797320349118,0.002402176179024527,0.0023819083529849597,12.531438547715847,-9.001204816995486,16.64249200007655,0.9999053955706705,0.001422193085471906,0.01323223128605441,-0.0034763962203748096,0.9996256454490227,0.006989772251469299,0.026452070703395718,-0.006914497100107732,0.9999717840722931,-0.002936118037073247,-0.026471847130063626,0.0027521161217533875,0.99964577084404,0.00047327933386746694,0.038986070639986284,0.0001602028347731945,0.04143853371645397,0.0001836291002045669
205,0.5125,20,-1.2183358882923712,-1.4913681682565976,-2.299916921160075,0.01827351051222061,0.05382983094476321,0.044032607643873435,0.8909950610553384,-0.03404325316809627,0.14059009695606733,0.004875324756691941,0.002042561341980888,0.0016918169217345796,9.256237292769853,-4.732148823645948,11.612815750960923,0.999904498347515,0.002293127667267832,0.013210990140696719,-0.0033474601429326575,0.9996285285001878,0.006754869883922029,0.02640410463167697,-0.006633691935907492,0.9999670721521862,-0.004674263865461815,-0.026434809245552308,0.00449737081368318,0.9996404226100081,0.00047573216134522275,0.039382870616422844,0.00016967888423731573,0.040214771915070294,0.0001865070893906717
206,0.515,20,-1.1027743844163564,-0.9665526692186601,-1.3234202519480696,0.009269869513972347,0.04135814394525214,0.0035585237616656985,0.9037699167164636,-0.04240042663324295,0.15424102159705083,0.004323987358388207,0.0019960624245490034,0.0013367437644605964,6.387427830562624,-4.178586732573346,6.825462320491754,0.9999029666879489,0.0031822965761849186,0.0131803630260539,-0.003195031712081742,0.9996321396057204,0.006473331023406592,0.026337833106594575,-0.00630555572688385,0.99995932952172,-0.0064481989305063886,-0.026378503260507214,0.0062797522191264206,0.9996323020380052,0.0004780789086609322,0.0398022132390957,0.00017929093667287593,0.03907903052958693,0.00018715811350824115
207,0.5175,20,-0.9865932924372341,-0.6013090862651602,-0.6314668052014307,0.007891579076948587,0.03377437010380326,0.015721484939499368,0.9121789822629747,-0.05144467933762009,0.16228290930148076,0.003891785067785378,0.0020447804451301462,0.0010570482461766829,4.204532773255574,-4.522126352188562,4.020943852214981,0.999900719929898,0.004084083287189886,0.013141430064405019,-0.003028756054450795,0.99963625890525,0.006164252108466397,0.026255511380648053,-0.0059495693288831525,0.9999482938009319,-0.008246960009973079,-0.02630499014857988,0.008087751266486247,0.9996212461591313,0.00047996577459089685,0.0402422682088552,0.00018885391823808743,0.03802782909552134,0.00018711588739684328
208,0.52,20,-0.8786256953235909,-0.33375991309780184,-0.04932796970890445,0.006569122769305802,0.03052874961731254,0.015162108374822082,0.917267574408973,-0.06173603017207223,0.1667833585130319,0.003483097683918368,0.0021732326765449726,0.0009389113772011006,2.544296072999149,-5.145675417226078,2.2502246057755513,0.9998977306467208,0.004994196380527397,0.013093482453744509,-0.0028542892782807733,0.9996408274998988,0.005838777589282403,0.026155777021158448,-0.005577211898566445,0.9999338220704572,-0.010062116427752983,-0.02621279654588872,0.009912626081420661,0.9996072374394924,0.00048134463398846153,0.040700985652712754,0.00019841474950682607,0.03705374911371011,0.00018648247446119152
209,0.5225,20,-0.7689634893265304,-0.1113093715806931,0.41646615122143044,0.004951360227392491,0.029232715336067607,0.01485434008950382,0.9195988923804318,-0.07343318495639847,0.16807489957288282,0.0030876435184331295,0.0023663371005574296,0.000878330457685799,1.1656589857294917,-5.84857739216312,0.6457705299254672,0.9998939967917213,0.005909363540088244,0.013035255907697446,-0.0026752020202682387,0.9996458507951432,0.005503897012535927,0.026036130774939104,-0.005195776748549259,0.9999158454334036,-0.01188721814306619,-0.02609936574006288,0.011747730371310246,0.9995903230519438,0.00048218024317309995,0.041176516880686104,0.00020792788349753956,0.03614956932702685,0.00018535843671431916
210,0.525,20,-0.6649137077357972,0.051079663904713926,0.7803682864510525,0.002984090810948276,0.030592865699011876,0.015121983002954748,0.919784405239717,-0.08661356626319297,0.1676139239837729,0.0026901691219196142,0.0026075519544358234,0.0007350219805650915,0.09275642964256428,-6.590190653397241,-0.23048779455495377,0.9998895291382582,0.006826871113851423,0.012965327419710319,-0.002494721500849907,0.9996513532990658,0.005165917052118298,0.025893727973332486,-0.004811866575145313,0.9998943403908561,-0.013716923649191972,-0.025961852541937513,0.013587544124873932,0.9995705882313891,0.00048239898447266944,0.04166706750610491,0.00021735374145961963,0.03530835813134924,0.00018383761178720259
211,0.5275,20,-0.9307430352541152,0.8580382975869629,-0.09500216649650542,0.07873831670404483,0.2788584467007388,0.3610632943439496,0.9075757697982457,-0.08548832936962983,0.1724513141830121,0.0015035020869458991,0.00038804787872843765,0.00037707589308058154,-6.104317720735667,0.5626184467815636,2.418695099619615,0.9998843496529561,0.007744597360230055,0.012882201823364888,-0.002314607309069668,0.9996573829383738,0.004828214180332573,0.02572557258119507,-0.004429144315391842,0.9998693276094655,-0.0155470378667098,-0.025797275387818234,0.015427768912720716,0.99954814017582,0.00048184979581402087,0.042170875498333496,0.0002266591316674839,0.034523649111841366,0.00018200833412638885
212,0.53,20,-1.9672472326631034,4.764142506974212,6.614056800983624,0.007256157288687908,0.11828582966418544,0.10850914162022157,0.8755579143037145,-0.056689235055778,0.1622644167060462,0.0004718594960418561,7.971204335284468e-05,0.0027759791721114315,-16.0089277472656,14.399547156925916,-5.093448738482986,0.9998783902313862,0.008650045852465996,0.012800207777898188,-0.002129820622594185,0.9996632370899164,0.0044805679996019875,0.025560456203098283,-0.004037678462802343,0.9998412811417317,-0.017352512137780475,-0.025634148387270156,0.017243463551785042,0.9995226627751858,0.0004826525320264648,0.042709165834892614,0.00023602378575703054,0.03376836872523742,0.00017407646321877476
213,0.5325,20,-1.7694288472858783,5.329154766862866,7.507505603167578,0.001774592795247724,0.05725812325520124,0.06592754253645408,0.8353040781744021,-0.03226406304090927,0.12654083655287832,0.0006567262445971189,0.00012418951446159417,0.004258959513066636,-20.12691806465623,12.212586007434362,-17.86179007658391,0.9998714905161837,0.009523534852934338,0.012746736013494632,-0.0019558777702951124,0.9996673905262999,0.004154040812276227,0.02545294213383142,-0.003668464873533549,0.9998109536521053,-0.019094484091997793,-0.025527449614285363,0.018994759861547333,0.9994936460098145,0.0004813720857166916,0.0432866251638871,0.0002450027227683612,0.03315842834798048,0.0001637084962492975
214,0.535,20,-1.5269330957069607,5.394092350455791,7.9638429493206875,0.019619496736672546,0.016262470284001695,0.00888145257363422,0.7898738851556214,-0.01308089957233729,0.08387431710907008,0.0014053057176635739,0.00027047716504648525,0.005084153137825022,-22.715096509390346,9.591581734285986,-21.333259721904135,0.9998638382156881,0.010357175544345818,0.012717207581709652,-0.0018183989275115618,0.9996699321133282,0.003899731364853307,0.02539328501426395,-0.0033728739594226973,0.9997788446801681,-0.020757780498941582,-0.025468618921871498,0.02066528067243149,0.9994620030921346,0.000477999306236209,0.04390002595649223,0.0002534825561919825,0.032674863551383236,0.00015229442272005655
215,0.5375,20,-1.2559667822274996,5.4188199260041445,8.288902543872503,0.021659771749568867,0.020028161634621944,0.005805868023176141,0.7413466974224041,0.0013370632653384265,0.03857976388108283,0.0020069176018561764,0.0006218042326368312,0.005445932137427386,-24.26359386660861,7.2089814188378565,-22.64727661399363,0.9998556622910808,0.011145895046391994,0.0127063056303393,-0.0017243564908259346,0.9996711527838419,0.003731461500287661,0.025370504269652955,-0.0031649689043550945,0.9997455912366148,-0.022332392948050474,-0.0254473822555302,0.022244752145698102,0.9994286376416864,0.00047280490086885565,0.04454551658679945,0.0002613514982810213,0.0322989618812924,0.00014145111761213952
216,0.54,20,-0.9767748946095984,5.256137151962195,8.346323719281505,0.023089984080175086,0.008674070537740147,0.014702349916246213,0.6910138471439342,0.01083239083233128,-0.005732208782411699,0.002554198376852541,0.0009881318021275592,0.00548113387445994,-25.166425139234967,4.747663783496425,-22.155986331747265,0.9998471749705241,0.011886640661036387,0.012709218376949787,-0.001676378687712847,0.9996713310454848,0.003654384814039854,0.025374699158408107,-0.0030501051663220846,0.9997117950565816,-0.023812259095303205,-0.025454405202698753,0.023727037244004774,0.9993943670840848,0.0004663567470580036,0.04521932079013258,0.00026860508136001464,0.03201528307775421,0.00013118195138720048
217,0.5425,20,-0.7435318001011189,5.02149338201513,8.28640215372864,0.02070451691182,0.009241711660221542,0.009503749209241553,0.6399626369238909,0.015876647548787644,-0.046432000904496104,0.002994783235755285,0.0012728023994088259,0.0053468207645231075,-25.525605110021765,2.5221283582281857,-20.3498960610422,0.9998385766077692,0.0125776037752535,0.012721012090749871,-0.001673457979653611,0.9996707507795547,0.0036663753881748815,0.02539582106084591,-0.0030263759893842373,0.9996780068433261,-0.025193723069957,-0.025480013426456387,0.025108570753186857,0.9993599594693194,0.0004589022067186444,0.04591749618386738,0.0002752188433230076,0.03180846987766633,0.00012165999881091819
218,0.545,20,-0.5450885073336387,4.77782146403811,8.168270903019653,0.015157385963056982,0.015809012213256625,0.0035531089560396794,0.5891245979998155,0.01735604212489571,-0.08307098732222568,0.0034908133365996984,0.0016530370170070876,0.005100134982138991,-25.4190194620376,0.7396972880540301,-18.319493208864778,0.9998300432086069,0.013218028291685995,0.012737255500551216,-0.0017119427178889403,0.9996696631488887,0.0037600263303245564,0.02542492442039277,-0.00308658071606568,0.9996447059604218,-0.02647517449961811,-0.02551543844950798,0.026387952692417876,0.9993260921007877,0.00045077650405896987,0.046636259576055945,0.0002812199072369039,0.031665187264599985,0.00011282644870190989
219,0.5475,20,-0.3609662748589733,4.547561118716937,7.974451261096739,0.01644694883045187,0.01749768196328668,0.006007414793768413,0.5390025575848816,0.0163159905535144,-0.11595185388990618,0.0039000689350409826,0.0018472894709623965,0.00488878110345877,-25.061020207466946,-0.5200257856906512,-16.440433283840267,0.9998217170230881,0.01380808242832981,0.012754413430938404,-0.0017877266819059242,0.999668257942687,0.0039270439053011265,0.02545490891752018,-0.0032225879373835495,0.9996122817859265,-0.02765684417498318,-0.025553649227052503,0.02756563855417299,0.9992933235953703,0.000441808126930427,0.04737213610800091,0.0002866065599575418,0.031574181910872676,0.00010462939163079731
220,0.55,20,-0.2230775828214818,4.37601046037146,7.7693680782608086,0.015011819650982118,0.02578505439412602,0.0033749472253255916,0.4897444909616497,0.013288539441517177,-0.1471616176307905,0.00426991481456667,0.001890644484462868,0.004950075706782111,-24.62903331161599,-1.5137255559986156,-15.604881870442146,0.9998137080754084,0.01434843966097078,0.012769995181375334,-0.001897009980329685,0.9996666571524043,0.004159772176040663,0.0254807942023139,-0.0034268541547172564,0.99958104726486,-0.02873998294167856,-0.025589670735269982,0.028643083708447238,0.9992620990047263,0.00043235636614046393,0.048121790672355155,0.00029138902163615394,0.0315259794297198,9.702065808186739e-05
221,0.5525,20,-1.7230781595514109,3.3575140260219256,2.1352730422019555,0.030324196597125805,0.03334321659369846,0.008890144998976517,0.46099006319940433,0.048036647028598556,-0.1553803009786477,0.003939193900728114,0.001440640895442529,0.004530766535918388,-14.377213881122682,17.37405379354069,-4.1093416739286015,0.9998061023100657,0.014839947471660809,0.012782017185727947,-0.002038082249692945,0.9996649325148145,0.004454743067741803,0.025498587497189133,-0.0036960052132695297,0.9995512443595637,-0.029726241684937618,-0.025619567631302603,0.02962203847557161,0.9992327919914042,0.0004225955929768197,0.04888217980143579,0.0002955667230699404,0.03151253287435465,8.996304141637515e-05
222,0.555,20,-1.3085595462299495,2.320076828497745,2.1421962617698886,0.02886429251724808,0.04252666698518172,0.010717307522068375,0.43925559378675966,0.07124842594217723,-0.12374897003095724,0.003532801017184461,0.0009996336388853957,0.003619270053909187,-10.8672347063223,11.605889456789344,15.815665473845232,0.9997982109399071,0.015302733965685175,0.012828689864001139,-0.002188252935545759,0.9996612725309267,0.004768250796319482,0.025585229844417943,-0.003982994683851116,0.9995220757645311,-0.030655436919270987,-0.02571917485450709,0.030543147246254558,0.9992025020990974,0.0004142917189243645,0.04971532023041463,0.0002987104100956877,0.03152731452900333,8.334489791293612e-05
223,0.5575,20,-1.0489247912773823,1.8890972616928319,2.243929624055115,0.026492528029129655,0.044053999666801354,0.012589222020552885,0.4212377462988691,0.0857785369165606,-0.0811302122343405,0.003097947626411489,0.0005451445587132163,0.002589430936021339,-9.008923743945264,7.265055487191676,21.309378898308367,0.9997901971546291,0.01574332400853562,0.012899038036422289,-0.0023074315602333822,0.9996565811546595,0.005020042379464736,0.02572001027771885,-0.004207747438641451,0.9994936470175142,-0.03153956932364985,-0.02586531684843995,0.031420514733802286,0.9991715251337944,0.00040765146211618546,0.050596971372003696,0.0003007793503575618,0.031564864692842996,7.714256477093224e-05
224,0.56,20,-0.8728798991238909,1.7671567102463819,2.358193144466022,0.024596439922587175,0.04380069510408998,0.01152043108007547,0.4051887640151026,0.0938491726436613,-0.041491753904697795,0.002566780415363263,8.79821335142305e-05,0.0015986072364345737,-8.024491141883296,4.03531786355035,19.819229164821344,0.9997821755633898,0.016165309170209224,0.012984550509753284,-0.0023844607832285924,0.9996514315896659,0.005187681325656452,0.02588635322317746,-0.004348084231951013,0.9994659942524096,-0.0323854982446499,-0.02604053540623798,0.032261653638736475,0.9991401684549824,0.00040269562526577937,0.05150777406664643,0.00030177648075414815,0.0316204309217298,7.133592608083941e-05
225,0.5625,20,-0.7276366898159204,1.7320423979710209,2.428394971193019,0.02225815460268326,0.040325939837843244,0.011742161796278003,0.3905324243846125,0.09761965968207775,-0.008589337451103483,0.002001664645564518,0.0003898808742367733,0.0007783185670203685,-7.328169815245066,1.8852435192082317,16.45120822679716,0.9997742201464831,0.01657070967981826,0.013078733341429637,-0.0024221984606017924,0.9996461593776025,0.005276750940337518,0.026071285758908175,-0.004409855367615158,0.9994390890706493,-0.03319729527036062,-0.026231835948818314,0.033070578119295695,0.999108716629782,0.00039945267156062624,0.05243195096545076,0.0003017352351870847,0.031689936309557375,6.590600045068097e-05
226,0.565,20,-0.6365633413372956,1.7301095505517197,2.498054895510676,0.01912853247726323,0.036529258104909236,0.016363308650207634,0.3767739158369072,0.09739502687757821,0.017342287756949022,0.0015802527905862814,0.0009080157964597203,2.3072978660255136e-05,-6.879254273852571,-0.11231640224976983,12.965812604026254,0.9997663696442017,0.016961014019817183,0.013177191341402546,-0.002427294836853729,0.9996409397362541,0.005300452548361419,0.02626588673548585,-0.004406458440028051,0.9994128644863891,-0.03397807268116851,-0.026430564262518278,0.03385013296713962,0.9990773712635432,0.0003978891385485808,0.05335648888421195,0.0003007166852838279,0.03176995146414522,6.083614193600045e-05
227,0.5675,20,-0.57012625025878,1.7274190110273953,2.5380219401514053,0.0174584193055401,0.03773913477392054,0.016707695830911008,0.36382321587009436,0.09400276909121909,0.037069169093588594,0.0011834108112871416,0.0014287303257898034,0.0008405791107079534,-6.475349983406446,-1.6961288931795682,9.863440668319788,0.9997586615500832,0.017337219361959994,0.013275825814599764,-0.002406642749134253,0.9996359210392369,0.005272455676125122,0.026461794708217384,-0.0043517920586895725,0.9993872577909466,-0.03472997078849757,-0.026628692681287827,0.03460217010875567,0.9990463465474714,0.0003978932672520962,0.05427070546995235,0.0002987928391861304,0.031857559265641225,5.611190300843159e-05
228,0.57,20,-0.5230825726431264,1.7194396906048914,2.553011387329818,0.016012081467234814,0.03802092761932294,0.016267215973388562,0.35157536407352424,0.0881369759696651,0.05156504473020653,0.000791053199871757,0.0019452562860578057,0.0017383919554373533,-6.123925898285053,-2.9328965607769817,7.247937818308971,0.9997511234069989,0.01770022163256654,0.01337137390138863,-0.0023663813282918844,0.9996312131987968,0.005204937345911305,0.02665232121086075,-0.004258232219565327,0.9993622047871342,-0.03545491646249024,-0.026819863106772483,0.035328349384354814,0.9990158170282946,0.0003994736054342922,0.05516588297921463,0.0002960286668784086,0.03195032584987459,5.171660133003355e-05
229,0.5725,20,-0.4910952795973607,1.7045613781959825,2.5460753891952366,0.01457947427121127,0.03725564762120759,0.015908671137021133,0.3399391685501537,0.0803740833219994,0.06183625978828391,0.0004093505639561549,0.0024566713376856027,0.0026185163903201768,-5.818097761685321,-3.881446323832859,5.135607529038684,0.999743776550555,0.018050797880618728,0.01346127951477207,-0.0023116872911745625,0.999626900111386,0.005108163636836888,0.02683220523848933,-0.004136216293894232,0.9993376495954818,-0.036154582223395536,-0.026999116438714076,0.03603010914828655,0.9989859252993964,0.00040264354754393315,0.056034997458305015,0.00029249326718307195,0.03204623729826206,4.763360710049961e-05
230,0.575,20,-0.4706895392739061,1.6832023272682526,2.5194802300454726,0.013219600110708562,0.03614394489114792,0.0155624236221532,0.32884802447781725,0.0711903422216275,0.06880571124231269,5.112765907395169e-05,0.002960400596560059,0.0034621082164102857,-5.545572036168189,-4.591870550185948,3.4847257270143976,0.9997366380998559,0.018389619633864367,0.013543577287868674,-0.002246740921181698,0.9996230473389612,0.004990420900058626,0.026997387429326048,-0.00399417596083563,0.9993135480899098,-0.03683041083601301,-0.027162654273151527,0.03670869519876565,0.9989567868079386,0.00040740958309534313,0.05687248864300263,0.000288259239188357,0.03214364380350424,4.38466876908566e-05
231,0.5775,20,-0.7285425205983755,1.4117431999918024,0.17096909249914552,0.009617078635293558,0.021333992724802454,0.04286828624360239,0.3191065723306805,0.07298246935031562,0.06818317632722379,0.00020106348789184967,0.0016717709322080826,0.003781234065425308,-4.870726073568354,0.8960635643440469,-0.3112674575444573,0.999729721808901,0.018717278624368703,0.013616791943386606,-0.002174808029678122,0.9996197063744091,0.004858179030544598,0.027144810267291153,-0.0038387018754468933,0.9992898673818637,-0.03748366732123349,-0.02730763621867515,0.03736521168740576,0.9989284929161365,0.000413778101994949,0.05767406314823925,0.0002833999432981085,0.0322412098859419,4.033987387677609e-05
232,0.58,20,-0.6493334475518384,1.5149442461563691,0.4649053335628811,0.0018603694487794792,0.00401089893042776,0.039905672169038946,0.31072748814327766,0.0723174821886057,0.05779894225842436,0.0002582427064226471,0.0006242606660695367,0.0030578803128226734,-4.189542093701459,-0.3324935808549542,-5.1921170343997165,0.9997228473831818,0.01903520382222502,0.013691750625953993,-0.0021036635440300393,0.9996162211289804,0.0047274115440440355,0.027295824514210382,-0.00368491048865159,0.9992664712302798,-0.03811746200463959,-0.027455999171546366,0.038002250658056506,0.998900393960486,0.00041835499371580996,0.05849350665321938,0.00027635249710443764,0.03233898278066475,3.710981487912332e-05
233,0.5825,20,-0.6278577230991023,1.504635185567214,0.6768366926266849,0.009155429249907334,0.012646927836558122,0.028334850301549783,0.30349759628808276,0.06939400378031142,0.04455425264036183,0.000335221984157511,0.00029098706808971544,0.0022021585077002027,-3.614945927597406,-1.461739204147136,-6.622344809031269,0.999716011355461,0.019344895740281934,0.013765819623803624,-0.002043002303061648,0.9996126567033492,0.004617440918017639,0.027444777241595615,-0.0035522475364096065,0.9992432023007746,-0.03873505122151373,-0.02760286390779515,0.03862255681673388,0.998872554437765,0.00042096749120210537,0.05931678184665329,0.0002676587210626925,0.0324358146925889,3.414291970926562e-05
234,0.585,20,-0.5844429913379627,1.5128657407100667,0.8302828844975713,0.005753434695060834,0.03594832827727967,0.02930779109478063,0.2972517700112628,0.0646920859627467,0.028847857768417758,0.0002647869232573067,0.0009976144689018088,0.0006715508543657885,-3.122913138409989,-2.3509589087823546,-7.85319743597203,0.9997092264340957,0.019647547664488365,0.013836688011103191,-0.001995624763593027,0.9996091270933727,0.00453380295176223,0.02758691107065354,-0.003446375002895011,0.9992199827051492,-0.039338895028467505,-0.02774374760130605,0.03922844367950323,0.9988450398713101,0.0004217540890168475,0.06013279087552561,0.000257738570370196,0.03253081052750066,3.1418714772572635e-05
235,0.5875,20,-0.5385391851578911,1.5121786786191154,0.9378347348905194,0.006515106083426978,0.023861287558292858,0.020738085080920805,0.29180841913260125,0.05861124113467457,0.011663327665653176,0.00022221813913730562,0.0016282730991443045,0.0005577484667646342,-2.721675439330803,-3.0404224140360743,-8.592265051382292,0.9997025018562252,0.01994418164243407,0.013902529598120302,-0.001963942919478772,0.9996057251979649,0.00448126645139995,0.02771844877409926,-0.0033721681490230405,0.9991967450936452,-0.03993110411996682,-0.027875125711385087,0.03982188902169853,0.998817898578774,0.00042058435706306276,0.06093273484187937,0.0002469677037838777,0.032623287207850696,2.892488950556512e-05
236,0.59,20,-0.49750879080894295,1.497990926003075,1.0061793085496316,0.008427452742696203,0.02282829027733947,0.01652923771673989,0.28703879037007407,0.051488160311712085,-0.0061409435366953135,0.00015414945625861644,0.002160671747980479,0.0017055534807277825,-2.3848143812636096,-3.56154041148124,-8.902135601174246,0.9996958456282758,0.02023562381152933,0.013961934779363604,-0.001949394711588142,0.9996025284749505,0.004462660509081413,0.0278364819556377,-0.0033325466695761736,0.9991734387784335,-0.04051337275980984,-0.027994270827813233,0.04040450347252012,0.9987911678123501,0.0004177256084025014,0.06170970924005982,0.00023565311138162297,0.03271273745569753,2.664027255750735e-05
237,0.5925,20,-0.4656876115379185,1.4803544813255074,1.0465933479293394,0.009831613870753639,0.022610647805818836,0.01328066667809711,0.28279860951257807,0.04360561278921349,-0.024061980788262945,6.434291199208268e-05,0.0026065093815778955,0.002731414195343186,-2.1200904287479543,-3.941273761249298,-8.960518625783816,0.9996892638007906,0.020522559196848127,0.014013846190218733,-0.0019525676434239134,0.9995995991891095,0.00447912179597997,0.027938839791738522,-0.003328721843922816,0.9991500240872194,-0.04108709015487238,-0.028099126531930592,0.04097763822434861,0.9987648733579375,0.00041337163522086543,0.06245837403172703,0.00022406747422633894,0.03279880086565821,2.4548836600669525e-05
238,0.595,20,-0.4279994426610503,1.4605390290183509,1.0681811791815918,0.003438414242252457,0.01948962046256741,0.013168874109084426,0.2789720237584202,0.03546467453573362,-0.041704583252728675,5.169313008682454e-05,0.0027212646767288606,0.00354944788255683,-1.9132928770789905,-4.070469126739931,-8.821301232232864,0.9996827607355772,0.02080552104610852,0.014057498658716543,-0.0019735535348604236,0.9995969836358104,0.00453080206077659,0.028023956517154534,-0.0033609077239783124,0.9991264707608899,-0.04165332788817025,-0.028188199755575172,0.04154235498349343,0.9987390340509202,0.0004077412797137389,0.06317469871450786,0.00021243917633097543,0.03288123470428529,2.2635722364723823e-05
239,0.5975,20,-0.3992867649511219,1.4415330781474718,1.0722557884159698,0.009360330553012022,0.01803139305620174,0.006978294519935014,0.2754518989942597,0.02723633698347716,-0.058839119411686555,0.00015363641079040112,0.0030356013790960447,0.004181697247836039,-1.7600623820802213,-4.114168776128232,-8.567268079478945,0.9996763353030873,0.021084920263489442,0.014092635812963088,-0.0020120607135160453,0.9995946984550567,0.004617103165827516,0.0280913007691084,-0.0034285347561526258,0.9991027554983348,-0.04221290211606416,-0.02826099732794754,0.04209948116058756,0.9987136475066509,0.00040154668339740574,0.06385574461431995,0.00020095713123319855,0.03295989311896321,2.088518596658301e-05
240,0.6,20,-0.39230393047696743,1.4251622230828327,1.0588259253158303,0.008207019354970967,0.01557338271549544,0.004216401771782461,0.27213961011148524,0.018791130501853395,-0.07533513563361495,0.0002621292515562114,0.0032890454406916173,0.004631083403137789,-1.6561444413872066,-4.222603240811883,-8.248008110964191,0.9996699851582936,0.02136105704589375,0.014119176961104875,-0.002067572837923336,0.9995927479690018,0.004736982105415484,0.02814070376363522,-0.003530579927386564,0.9990788607688839,-0.04276640001362536,-0.028317365928984907,0.04264963030651091,0.9986887081676462,0.0003945738577207842,0.06449947752808124,0.0001897671486028758,0.03303470762730572,1.928530765961002e-05
241,0.6025,20,-0.9549624272497269,1.5911581727131099,0.1461189938427882,0.005457206733765609,0.013237872318746855,0.023711560458928426,0.25243187010924395,0.020518584963687886,-0.07930726537952804,0.0005105148152559653,0.002875504348998064,0.0046919112095978694,-9.853870001120669,0.8637272309172441,-1.9860648729565438,0.9996637108480712,0.021634131419098316,0.014136914806431543,-0.00213944174048517,0.9995911408575895,0.004889124284439195,0.028171751503126473,-0.003665764793307448,0.9990547742935605,-0.04331420240201847,-0.028356891358235117,0.043193221979544213,0.9986642239949938,0.0003870572935131891,0.06510461937239592,0.00017899471743584267,0.03310567074247121,1.782312206963384e-05
242,0.605,20,-0.764443673906671,1.1623276784132164,0.16391947822596764,0.00015531818247521475,0.001337776586332656,0.01614159328733033,0.23694436014889142,0.018111224713592056,-0.0662366956138978,0.0006701690920082083,0.002528967607582142,0.004051735608130108,-7.743754980176268,-1.2036801250479123,6.535284882815114,0.9996577544987857,0.02188755419097213,0.014156269719976092,-0.002215596894322006,0.9995893823160343,0.005049369473780829,0.028205861606521263,-0.003809984991228851,0.9990320522038783,-0.043822855722488896,-0.028399837594880552,0.043697397373581845,0.998641069998305,0.0003801696383876374,0.06572812143128251,0.00016859098458048608,0.03317269273743252,1.6494166541847104e-05
243,0.6075,20,-0.620989462243091,1.0040372681214376,0.21751661149128737,0.0018909488223541214,0.009457440211089536,0.007848000251413332,0.22384582832217945,0.013574797274309384,-0.0491568067926608,0.0006555619398378651,0.002238361033861037,0.0031503156725519615,-6.54926591335597,-2.268213719641337,8.5399444106185,0.9996521344785538,0.02212531323332286,0.014173474487673237,-0.002278852287025405,0.9995878389064023,0.005183304231061121,0.028236247407833932,-0.003928933980483999,0.9990105546931626,-0.044299831708898244,-0.02843792869048558,0.04417063468989292,0.9986191662705493,0.0003740715039835322,0.06635784786595995,0.000158582251211497,0.033235990512586036,1.528096746302771e-05
244,0.61,20,-0.5530018077142329,0.9546006293032219,0.2666125960914685,0.0004400969220504642,0.008754007536836186,0.00789623242218695,0.21229698691010662,0.00705927220436854,-0.03308779066115559,0.0007324000707664907,0.0019505540596756468,0.00227315645161057,-5.774420706036404,-3.2577625349704227,8.034508065752608,0.9996468507133214,0.022349745474472684,0.014186492106081392,-0.0023251188978275833,0.9995866745276701,0.005282724542987815,0.028259032681898652,-0.004014466592001675,0.9989901653986745,-0.04474967591738131,-0.02846689594415598,0.04461773479382239,0.9985984646379008,0.0003688325011406361,0.06698414588898512,0.00014899249336261966,0.03329573178955567,1.4168991911190738e-05
245,0.6125,20,-0.5061871364143549,0.9419211670553269,0.29910609869308613,0.00010109744408379568,0.010301726119730497,0.006337960643188368,0.20208571750901677,-0.0009741535431000592,-0.019686648648107104,0.0008325120443777794,0.0016805894417321202,0.001355131310586689,-5.1056347005449485,-4.016712873734299,6.700571006524241,0.999641905420282,0.022562419572855746,0.014193326692262772,-0.002355340343358854,0.9995860036985473,0.0053494654014279025,0.02827020392368474,-0.004068522233566121,0.9989707791897707,-0.04517554041533228,-0.028482772631939685,0.04504181995547325,0.9985789734008502,0.0003642731293392464,0.0675992360031715,0.0001398553580959018,0.03335206713938301,1.3149452976385053e-05
246,0.615,20,-0.4723728207236192,0.945016458551622,0.31758513488070755,8.117310447735316e-05,0.011493362560079151,0.004196745315377236,0.1929658388404191,-0.010136862992223848,-0.009426674900000247,0.0009166934841441706,0.0014333824415779786,0.00044697189070210425,-4.559939334298842,-4.581354724561894,5.129986874053429,0.9996372924126251,0.022764714491331956,0.014192406262890226,-0.0023721291181568868,0.9995858972158317,0.005388709610894372,0.028266515454688303,-0.004096365304815622,0.9989522815551498,-0.04558024755362888,-0.028482518823133973,0.045445582673017224,0.9985606867571944,0.0003602908380728466,0.06819685905440954,0.00013118207984798552,0.033405148364141775,1.22133316465876e-05
247,0.6175,20,-0.44628625787405457,0.9516595417205608,0.32255343988981666,0.0004097882967338404,0.011572614868573776,0.0026137254055899105,0.18474505251994505,-0.020114417407888836,-0.002144587667679363,0.0009900653952126474,0.0012054819647032422,0.0003954913062979324,-4.11039316023705,-4.9887772078324915,3.641043616160444,0.999633002098087,0.02295776880441868,0.014182535500334138,-0.002378582491863,0.9995863960642223,0.005406617856312182,0.028245447185262562,-0.004104220372003656,0.9989345663937045,-0.04596615536413236,-0.028463874972984277,0.04583121804160707,0.9985435930766092,0.00035682744027772345,0.06877204526907445,0.00012297357593671695,0.033455128492668504,1.1352259955309156e-05
248,0.62,20,-0.42918868261619486,0.9507033218245768,0.3124142017091551,0.0030044967719806016,0.005838052966272809,0.003481557671810747,0.17728142782371473,-0.030636841817468136,0.0028953839730856564,0.0010492634840027976,0.001009460419632684,0.0008559189207741143,-3.731812348115132,-5.261212204789653,2.5199858203825096,0.9996290233871971,0.023142525677054267,0.014162835744195343,-0.002377643986922892,0.9995875217855088,0.00540905145296023,0.02820511395269004,-0.004097996293480458,0.9989175406287166,-0.046335229045023706,-0.028425212700763067,0.04620053232004385,0.9985276751779396,0.0003538412469097332,0.06932091738830215,0.0001152270412607469,0.03350216199075122,1.0559073538164953e-05
249,0.6225,20,-0.4200647427242524,0.9430410974735958,0.2891007737635863,0.002843783090754442,0.00781903850353845,0.0017874319176871371,0.17045881580114572,-0.04147966400075066,0.006360555617602898,0.0010939147724743274,0.0008295002224032425,0.0013551220705744769,-3.411306011284477,-5.4214110916412634,1.7325858222586206,0.999625344983019,0.023319775213739218,0.014132713789121249,-0.0023715295730387443,0.999589284496878,0.005400425552617413,0.0281442307208812,-0.004082138717727733,0.9989011278629297,-0.046689108983317434,-0.028365444867105197,0.04655504438852466,0.9985129089698709,0.0003512293608226188,0.06984052523026668,0.00010793954866993797,0.033546404227250755,9.827641057600632e-06
250,0.625,20,-0.41215486963332315,0.938584128454518,0.2578685814827401,0.002077913142120339,0.009136932803672101,0.00036289577376143905,0.1641881311081062,-0.052479448472621794,0.008352643613222781,0.0011295079987494526,0.0006613759498245072,0.0018658392356685704,-3.135342346519766,-5.499892235935567,0.9960439978099428,0.9996219555674476,0.023490181211456088,0.014091815327738812,-0.0023617948542938956,0.9995916853316703,0.005383842573090716,0.02806201801259591,-0.004059765390502879,0.9988852666234384,-0.04702916571231633,-0.028283933969042503,0.04689603780460147,0.9984992642548437,0.0003490056119508919,0.07032870939529788,0.00010110377266240657,0.033588009804996384,9.152143199913271e-06
251,0.6275,20,-0.24513230475898826,0.9428719971600584,0.1590577164960843,0.0003604449524964627,0.009308420456545684,0.01115768455875757,0.16187023238596224,-0.05539149748013007,0.005434478801555759,0.0007821177688962696,0.0010337671480775544,0.001704042202818123,-1.1589493610719996,-1.4560245037541364,-1.4590824058335117,0.9996188428903148,0.023654316466606394,0.01403995109984149,-0.002349898772316087,0.9995947154977478,0.005362217076366614,0.027958028846870594,-0.004033795290401297,0.998869902576515,-0.047356585839126594,-0.028180369843770012,0.04722461598371501,0.9984867061712234,0.00034718923970648223,0.07078398933404013,9.470997739194947e-05,0.03362713079355356,8.527576456875774e-06
252,0.63,20,-0.23008775142907179,0.9658776723159506,0.17957001603380354,0.003634202208402959,0.01382126490835853,0.009328654567743467,0.16025217886524007,-0.058742037375191,0.000263172094769714,0.00041401142586485466,0.0012974628046145433,0.0005149741995723499,-0.8090267603610863,-1.6752699475304709,-2.585653353393023,0.9996157895940131,0.02381618117468645,0.01398509828216101,-0.002340883301376177,0.9995978745828152,0.00534611108817266,0.027847948322115762,-0.0040138245504376885,0.9988546195592477,-0.047679536466170166,-0.028070951925373254,0.0475485865340229,0.9984744130805856,0.00034508837153643927,0.07122224933935543,8.760067471715754e-05,0.03366363661150891,7.94672163082455e-06
253,0.6325,20,-0.2059441384309355,0.9816048705223238,0.1844383046926943,0.0030646170675260862,0.012710846359269709,0.006727813551527489,0.15930862213249225,-0.06247607542993503,-0.006448666206700243,0.00021335727299166452,0.0015070998683796425,0.00039522484461472696,-0.4717783663738975,-1.8670190273720084,-3.355919150734979,0.9996127804169656,0.023976507617166007,0.013926766841118106,-0.002336979867410971,0.9996011673809049,0.00533998034857943,0.027730683017353455,-0.004004319423585178,0.9988393312151665,-0.04799954003521937,-0.027954813479722024,0.047869353740316097,0.9984623444956743,0.0003426036577845478,0.07164064684875712,8.002009059265367e-05,0.03369768896759917,7.408493226193344e-06
254,0.635,20,-0.1840160361650479,0.9896956415708857,0.17898753224253489,0.0031848495900449057,0.010515916920941339,0.004230764249809522,0.15874282477099821,-0.06650688422334199,-0.014073816889088552,5.552512111838128e-05,0.0016703375848118444,0.0010890890990761383,-0.2828986807470145,-2.0154043967034836,-3.8125753411941545,0.9996098009917435,0.024135992114406327,0.0138645377419291,-0.0023397091919901986,0.9996046007081991,0.00534686122678593,0.02760531322088877,-0.004008323732349571,0.9988239592911005,-0.04831802652123497,-0.027831198031320285,0.04818827057564502,0.9984504569557119,0.0003397123986237098,0.07203698095601438,7.214909754067663e-05,0.033729451203298726,6.909744423472385e-06
255,0.6375,20,-0.16483887661157426,0.9904536035515343,0.16465662069664644,0.004107658320406363,0.009455717918464841,0.0019232397905659046,0.1584849324303286,-0.070749341227452,-0.02209401490152841,9.757169488483628e-05,0.0017969349720963887,0.0016740439983159506,-0.12894617033482994,-2.1212285020549997,-4.01009900621993,0.9996068437281688,0.024295025251495465,0.013798092454559386,-0.002349971160014607,0.9996081805603251,0.005368544517440828,0.027471150078597455,-0.004027644499016871,0.9988084587671526,-0.04863579725854994,-0.02769952051328882,0.04850609678122422,0.9984387287852893,0.00033652359657468893,0.07240961833905094,6.41535266307194e-05,0.03375908316093722,6.448133795057702e-06
256,0.64,20,-0.15103532182891716,0.9845489583423811,0.12172880078934431,0.007295575826058824,0.00375925101294928,0.02086399421637418,0.1586201440975707,-0.07511222857566205,-0.030384005679576005,0.0003544054530243098,0.0018799003993484383,0.0022560066884584158,0.06760583362107865,-2.1814436741050227,-4.144995389023794,0.9996039022340819,0.02445392030830252,0.013727209578723986,-0.0023681505722784046,0.9996119111600976,0.005405793284441701,0.027327723392610012,-0.004063056928067768,0.9987927952888445,-0.048953484528640206,-0.02755936565410024,0.04882345213176165,0.9984271389974739,0.0003331318178874698,0.07275743910912982,5.6174329319420164e-05,0.033786737538515646,6.020958811456833e-06
257,0.6425,20,-0.13753702594872586,0.9728888543604093,0.06192801977400375,0.0020302350227180163,0.004651765163988202,0.008898130124504928,0.15917156106539676,-0.07952764439247326,-0.03876438625029579,0.0005103123844339947,0.0019459336169520946,0.0027086438067009866,0.27570848391299985,-2.2077079084056077,-4.1901902853599,0.9996009665499309,0.02461307373813988,0.013651761969028368,-0.0023945080383955017,0.9996157914527901,0.005459128747181903,0.027174756512869495,-0.004115081451184987,0.9987769258648299,-0.049271883104364894,-0.02741050132453188,0.049141126089272485,0.9984156519926037,0.00032977098645404595,0.07307974876110383,4.8313990941467544e-05,0.03381257468201977,5.609940466602095e-06
258,0.645,20,-0.11931282445697418,0.9661600147543068,0.02356058568811381,0.0017765781788999996,0.006903004894530337,0.0011494825053429902,0.15992066682011424,-0.08396159776127446,-0.046984594443809424,0.0005989713247046898,0.001999963283364528,0.0031345811742402086,0.3745528773587688,-2.2169766844005965,-4.110104096756814,0.9995980250855127,0.024772902400018334,0.013571694718653078,-0.002429126239146515,0.9996198168963559,0.005528720120004584,0.027012125461178798,-0.004183879045332436,0.998760805304787,-0.0495918233488905,-0.0272528314901376,0.04945995390988744,0.9984042248182857,0.0003264443114589157,0.07337622089352659,4.0679196497841816e-05,0.03383674956697434,5.224158313065545e-06
259,0.6475,20,-0.1035765950202819,0.9621313631352593,-0.010482068610239103,0.003121497430879975,0.006129938295785129,0.0027735209730046957,0.16077991561901844,-0.08838133551616142,-0.054957629323699284,0.0006896049495891652,0.002041903786547085,0.0035069630808610697,0.4296243994520818,-2.209868877443499,-3.986517439944925,0.9995950712980444,0.024933601228192773,0.013486992523361314,-0.002471841242039597,0.9996239820670979,0.005614239231838252,0.026839798698314255,-0.004269122058457819,0.9987444110613353,-0.04991368520352537,-0.02708632631362792,0.04978033438612408,0.9983928331249365,0.0003231567704395698,0.07364686621332392,3.335909110171192e-05,0.0338593825493571,4.86800659884292e-06
260,0.65,20,-0.09061417561995014,0.9588978131427762,-0.04847086925367572,0.003762144668571307,0.0051840054081010445,0.004397597249146504,0.16172300795354694,-0.09274919634715631,-0.06266100578736988,0.0007853896315546694,0.002071622783174537,0.0038050544997355975,0.4715461672642552,-2.1839304154974215,-3.851688231835302,0.9995921002538036,0.02509527639593453,0.013397674799651363,-0.0025224041635675647,0.9996282795743968,0.0057151872554190766,0.026657818923667958,-0.004370313846778686,0.9987277291596945,-0.05023766877951733,-0.026911020642335897,0.05010249137673028,0.9983814588251488,0.00031999384685656824,0.07389197361299754,2.6421745258188674e-05,0.03388057786626204,4.53765194730865e-06
261,0.6525,20,-0.2540322212520173,1.2290087846696922,-0.05270355938036912,0.008712259338186186,0.009823453391524574,0.003855709669733904,0.14899708434240147,-0.09028102514292988,-0.06287842355902995,0.0004522132472032348,0.0018830465948198227,0.0036055308456375266,-6.362961805572732,1.2340856021132063,-0.1087088858300375,0.9995891069717728,0.02525800741532675,0.013303799173944161,-0.002580544965762195,0.9996326994304381,0.005831024192028473,0.026466306623467696,-0.004486914359278474,0.9987107476981739,-0.050563920256313434,-0.02672702431899092,0.050426596048378104,0.9983700839778933,0.0003170455110419012,0.07411206092189225,1.9921294727534998e-05,0.03390043073718617,4.229799504045579e-06
262,0.655,20,-0.1910422740686466,1.0366390021953529,-0.11489636585887064,0.01041209755512122,0.0002586635404388494,0.007209354820361066,0.1388167518309676,-0.0897503468394504,-0.05612785955638233,9.879093912040627e-05,0.001760855495994275,0.0030302953767060185,-5.090166255716936,0.26533915173973793,3.375282001323815,0.9995863650527279,0.025408017446893937,0.013212358559032876,-0.0026391345930948133,0.9996369370998142,0.00594748558315816,0.026279676576021833,-0.0046046862360280575,0.9986949352360357,-0.050864753990933036,-0.026547897287166052,0.05072527722081497,0.9983597324614518,0.00031425351949841885,0.07433445972833216,1.42484436486992e-05,0.033918753437416786,3.943176075678266e-06
263,0.6575,20,-0.14673056941235085,0.9104026129592157,-0.15126165240402506,0.008811990277323602,0.003330516884111001,0.009777168051934598,0.13051738545337474,-0.09058294738994695,-0.04525812630025422,8.497199728747509e-05,0.0016722287350370848,0.0024003570894240945,-4.149683188796418,-0.4163002752482764,5.434866628064055,0.9995838601497231,0.02554776163673922,0.013121594915614817,-0.002691124374995256,0.9996411631929376,0.006050463740197491,0.026094764586008085,-0.004709554223405585,0.9986801394499013,-0.051144884077906044,-0.026369773402276874,0.051003636702241145,0.9983502712444458,0.0003114367681598621,0.07455469790233188,9.311465541195262e-06,0.03393575472334754,3.67186144637945e-06
264,0.66,20,-0.11440118038917806,0.8663705357073794,-0.17859594601181766,0.007992939975973138,0.0024489678517042018,0.009738527753279127,0.12323142693260976,-0.09234775212146369,-0.034309605306545976,0.00022231218162916636,0.0015942153848490736,0.0018679621033024392,-3.6429792603825013,-0.8824023657583678,5.47426049685412,0.9995815785661782,0.025679069319759003,0.013030254299367024,-0.0027323365298239106,0.9996454936199632,0.0061315961301259036,0.025909276605051525,-0.004793176916495769,0.9986662394719176,-0.05140785537314015,-0.026189932041668557,0.05126544321387993,0.9983415957435297,0.0003086664680333317,0.07476924307825451,5.0630750489131735e-06,0.033951581404830754,3.4141909085376337e-06
265,0.6625,20,-0.089057825273854,0.8530784810159717,-0.20746326310692859,0.007420867388387362,0.002151972323343443,0.008343207275296255,0.11682393218317551,-0.09479998646435339,-0.024743408805456966,0.00041809283203983336,0.0015222529098511193,0.0013623501305568733,-3.203747374717125,-1.2261171714448518,4.783098250544501,0.9995795109152854,0.025802955656858497,0.012937410049119987,-0.0027626543305304856,0.9996499823245418,0.006190632164703393,0.025721370724447898,-0.004855338493455239,0.9986531504408404,-0.051655694775098925,-0.026006509313191525,0.051512728407506723,0.9983336618011822,0.0003059116997542953,0.074975191189421,1.6253855718376832e-06,0.0339663558458113,3.169879184496433e-06
266,0.665,20,-0.06861710224566892,0.8526613844106263,-0.23885840994633184,0.006442230475398817,0.00398526194189267,0.008951135292232883,0.11120919670223683,-0.09776537402365917,-0.01706863938593029,0.0005887450209062869,0.0014707191279893631,0.0008302289504677737,-2.8073677404693265,-1.4826937796528967,3.8373847097633402,0.9995776427056691,0.02592031941512169,0.012842342631822483,-0.0027834295613409854,0.9996546535112079,0.00623026316523554,0.025529542382872368,-0.004898752673014447,0.9986407791225902,-0.051890235070527216,-0.025818131916070172,0.051747252046054085,0.9983264225542898,0.0003030567065725743,0.07517019437819852,2.1314520532833858e-06,0.033980182098184715,2.9388624878240266e-06
267,0.6675,20,-0.051865147414565015,0.8569265391553728,-0.27218987078300916,0.005721119347243344,0.004487897266130695,0.009260184776417121,0.1062758268486785,-0.10110888989717837,-0.011329942183704377,0.0007411025637285309,0.001433209773908521,0.0003337786768093202,-2.466684926779167,-1.6717579367595903,2.8693486011129554,0.9995759567735198,0.02603197959604234,0.012744493203949575,-0.0027965284887207986,0.9996595146427725,0.0062542140536092266,0.025332579630746775,-0.004927156505420764,0.998629030933446,-0.05211316249948385,-0.0256237763209793,0.05197060114620723,0.9983198278625715,0.0003000650227492843,0.075352399744934,4.642623138190317e-06,0.03399315020479803,2.720299453020581e-06
268,0.67,20,-0.03810050553895511,0.8607214594727488,-0.30810706420475364,0.004725850826572041,0.004055791358707452,0.00934756905100959,0.10194589146237783,-0.10473148159885648,-0.007318667169335673,0.0008786594493932236,0.001405077622756959,8.47770390105272e-05,-2.1649676931503405,-1.8112958508390502,2.0056375071843524,0.9995744360254527,0.02613864375921492,0.01264343611768588,-0.0028038669663857443,0.9996645637063456,0.00626631202837602,0.025129532493954228,-0.00494438293808569,0.9986178192649273,-0.05232594121391892,-0.02542268961308458,0.05218413916243097,0.9983138296511337,0.0002969185898321066,0.07552039195714752,6.832381118217213e-06,0.03400533865550484,2.5130911135330967e-06
269,0.6725,20,-0.029811088928627827,0.8593589559618741,-0.3470932953704122,0.0007272499779166534,0.00010463061747620434,0.008751465981042535,0.09815940159113946,-0.10856474147843372,-0.004599428413340881,0.0010046536972204805,0.0013741061154252656,0.0002550105405517359,-1.8932449356191952,-1.9166299397886166,1.359619377997396,0.9995730640049351,0.02624093829002304,0.01253884959474218,-0.0028071559069297227,0.9996697942531092,0.00626997721894561,0.02491966780717853,-0.00495385250517157,0.9986070660667468,-0.05252986718925747,-0.025214317426875393,0.052389073166433535,0.9983083808169992,0.0002936187103538261,0.07567313526321835,8.664039485856886e-06,0.03401681414643946,2.3159001532322994e-06
270,0.675,20,-0.022701810727380145,0.8532315720366188,-0.3879985037434487,0.00124912312541449,0.001970468140108693,0.009224315544285887,0.09485991042158527,-0.11254814438061415,-0.002762779837122153,0.0011113127097306503,0.0013591702621510763,0.00046780044953786775,-1.6497455847770932,-1.991701451090222,0.9183242881093637,0.9995718256450141,0.026339423609809107,0.012430491115738001,-0.0028076736310010727,0.9996751997188067,0.006267766856661,0.02470243238619467,-0.004958118971959432,0.9985967034653697,-0.052726093012440654,-0.02499824240669478,0.05258648996393645,0.9983034353090492,0.0002902056062676219,0.0758099235789345,1.017182161792492e-05,0.03402763349086946,2.12779783365146e-06
271,0.6775,20,0.08518781559283128,0.896288209010204,-0.179293572281225,0.0017734016046493711,0.002715511821080135,0.0029963918589734875,0.0919234596356021,-0.1098598598461219,-0.001847977661567597,0.0008953620737448845,0.0014315807736286136,0.00014082162169973454,-1.4682253929915923,1.344142267246121,0.45740108777727817,0.9995707073379438,0.026434598130740172,0.012318189043509297,-0.0028062915524560855,0.999680773892822,0.006261426418297362,0.024477435491832462,-0.004958920910042742,0.9985866734987777,-0.0529156367631852,-0.02477416824953993,0.052777363043767775,0.9982989484807093,0.0002866737404002446,0.07593033490460759,1.139414877117729e-05,0.03403784532729206,1.9478726194412096e-06
272,0.68,20,0.09744567689934269,0.9016277029704858,-0.2052501483931281,0.0007436552231370831,0.0008912971913084682,0.002464799727422147,0.08948874011272838,-0.10770306993301174,-0.0019642521807826364,0.0007275835830252546,0.0014758996230284005,0.00021494047296889392,-1.2173597614368277,1.0783949565550894,-0.058137259607519795,0.9995696150598715,0.02652681699554358,0.012208588775612815,-0.002804102218769107,0.9996861747417094,0.006253500751256193,0.024257900952938966,-0.00495808075035808,0.9985769299816633,-0.05309926876774578,-0.02455543657851531,0.052962332244250836,0.9982945566803858,0.0002833062206717121,0.07604400784798189,1.28228213191773e-05,0.03404730622488122,1.774998984480046e-06
273,0.6825,20,0.10200893005906415,0.9080858457459853,-0.23224924836537042,0.001803688330683777,0.0009339528485971187,0.002986710398039931,0.08750287643607318,-0.10600954627657755,-0.002958331585063285,0.0005860642116853404,0.0015103454249856217,0.00041260953846626873,-0.9929318383276176,0.8467618282170966,-0.49703970214032395,0.9995685406838575,0.026616596166041357,0.0121011334073195,-0.002802115974718636,0.999691421432645,0.0062459959134608944,0.024042658942531055,-0.004957631989244834,0.9985674099091962,-0.05327804193378873,-0.024340990099769054,0.05314240681685733,0.9982902387575843,0.00028009526043624566,0.0761496432580934,1.4386851228188413e-05,0.03405607565757382,1.611490977175411e-06
274,0.685,20,0.10783023790598659,0.9033274354352265,-0.25923928647818917,0.0005932192468218247,0.00525200886866931,0.002857044942795935,0.08590471434364061,-0.10472902851725144,-0.004243501574460099,0.0004701171350974941,0.00153613195556576,0.0004021272873260685,-0.7990810462162773,0.640258879663058,-0.6425849946984068,0.9995674766612057,0.02670439643726973,0.01199533797320326,-0.0028011924210688743,0.9996965303758576,0.006240618201211527,0.023830691113327647,-0.004959305158669706,0.9985580570638826,-0.05345289482476179,-0.024129907724964844,0.053318489825486995,0.9982859741556596,0.00027701685882278756,0.07624616953885838,1.6029838233211858e-05,0.03406420944345162,1.4581377504905432e-06
275,0.6875,20,0.11203450585144932,0.9046085111637732,-0.28877351713873417,0.0019256054606136348,0.00041543257870581024,0.005354213376890231,0.08468725520262073,-0.10379591429082924,-0.006072915208745063,0.000320583094352314,0.0015542723507605914,0.0005785177434486088,-0.6087295705099505,0.46655711321109034,-0.9147068171424827,0.9995664177485458,0.026790610056822893,0.011890783050110716,-0.0028016067850229528,0.9997015205557547,0.006237906780022417,0.023621141325428394,-0.004963661452159236,0.9985488284244107,-0.05362461484453811,-0.023921368345068788,0.0534913616506484,0.9982817449824769,0.00027403944399502576,0.07633273796064259,1.77048351528458e-05,0.03407175919850604,1.3154281705597895e-06
276,0.69,20,0.11714744411676459,0.9084826937616592,-0.32179978858601677,0.0031436535151344288,0.0036940417885661884,0.005590242881356724,0.08387495492127048,-0.10317006435807483,-0.008419614786411723,0.0001895411978394556,0.0015529525326485722,0.0009067351121126158,-0.40615014067512367,0.31292496637720435,-1.173349788833331,0.9995653570786732,0.02687562504636721,0.01178710787368372,-0.0028038891785770515,0.9997064045868969,0.00623891275917521,0.023413256832897012,-0.004971769192798384,0.9985396779676827,-0.05379398698079663,-0.023714681929837025,0.05366178800394166,0.9982775297326825,0.0002712378114012786,0.07640869533501655,1.9385856136778606e-05,0.03407877512057703,1.1812465880282865e-06
277,0.6925,20,0.1218119275621865,0.9167612052171608,-0.3553496257743046,0.0027900578066509534,0.003484905697497855,0.005990905382847959,0.08342165696322576,-0.10279440870454468,-0.011360173260718389,6.851515460216145e-05,0.001543559729792857,0.0012059147862416317,-0.22664897902235923,0.18782782676507115,-1.470279237153331,0.9995642864356319,0.026959853232187338,0.011683992428168985,-0.0028085435840424847,0.99971119280775,0.006244637169072444,0.023206367262720143,-0.004984642284954748,0.9985305567932709,-0.05396184292082167,-0.02350923895400809,0.053830582912941134,0.9982733012692748,0.00026864917594685814,0.07647356887246338,2.1037029977473837e-05,0.03408530607892196,1.055847202496637e-06
278,0.695,20,0.12712295906704854,0.9242269790976669,-0.38958121146222513,0.002496668092778516,0.0036383815473204533,0.006305959444739564,0.08329363643763348,-0.10262665911700967,-0.014826180655158883,5.958727548125574e-05,0.0015276956587172439,0.0014760290941564177,-0.06401026279613628,0.08387479376750075,-1.7330036972202474,0.9995631976798075,0.027043660913926147,0.011581171480299355,-0.0028161526298310577,0.9997158915030188,0.006256239604655159,0.0229999074418464,-0.005003450506658167,0.9985214193774762,-0.05412892505322643,-0.02330454374905845,0.05399846766714335,0.998269033743033,0.0002662912264729142,0.07652707013086181,2.2630354375895838e-05,0.03409139653422601,9.392044825918175e-07
279,0.6975,20,0.13287240125876268,0.9323995209627498,-0.424154370588527,0.002231482091252878,0.0035448767259382936,0.006556401803783713,0.08345577672497086,-0.10263047833858921,-0.01874749622580211,0.00016652506813093681,0.0015064068836474706,0.0017251728164307252,0.08107014366868046,-0.0019096107897575358,-1.960657785321612,0.9995620830253094,0.027127379631689062,0.011478423712079081,-0.0028272321285402317,0.9997205050951546,0.0062747471864214085,0.0227934034324701,-0.0050292289559776045,0.9985122240656191,-0.05429590451994651,-0.02310018502950138,0.05416609584673136,0.9982647021268084,0.00026418164662967737,0.07656907375538871,2.4142819451053332e-05,0.034097086889585834,8.312151510762089e-07
280,0.7,20,0.14115181562812554,0.9410964722375439,-0.45855096425811165,0.001798859204122336,0.0035377778059114836,0.006736655519030658,0.08388054852812893,-0.1027694667369408,-0.023151900036203016,0.0002723773472773237,0.001479725678203139,0.0019747690267124638,0.21238590157903303,-0.0694941991758038,-2.202201905200455,0.9995609351741663,0.027211304797929853,0.011375565836686368,-0.0028422292017853965,0.9997250364701195,0.006301050536293852,0.022586460921476332,-0.005062874579369889,0.9985029332487173,-0.05446337847307181,-0.022895823981937766,0.054334050611440365,0.9982602827861787,0.0002623403592536519,0.07659959875045753,2.555597855986234e-05,0.03410241364489578,7.316912981996952e-07
281,0.7025,20,-0.0029192898313255824,1.2326683603847044,-0.08493510422551367,0.005957872912921315,0.0014969379430190754,0.004530212572628823,0.07327829837537271,-0.10015735382962217,-0.023423080571824607,7.707599513212304e-05,0.0014616873413311978,0.0017721496435981802,-5.301125076378101,1.3060564536593335,-0.13559026781079395,0.9995597468489638,0.027295704422444826,0.01127245003904875,-0.00286162007179072,0.9997294860013638,0.006336099397839394,0.02237875474350045,-0.005105341540308789,0.9984935113012945,-0.05463188974370618,-0.02269119448609619,0.05450285986654618,0.9982557527803994,0.000260795077543149,0.0766187885676178,2.6855298549119084e-05,0.03410740977447373,6.403370357781634e-07
282,0.705,20,0.0402156426433013,1.0450492358684964,-0.15769969773054537,0.005060161153669694,0.0018479266289246432,0.0052521395187238315,0.06472896172732914,-0.09888065026195822,-0.017490605141456093,9.497886929208913e-05,0.001466755306116915,0.0014518804289130177,-4.274668324021789,0.6383517838319595,2.966237715184258,0.9995588005524514,0.027369504735426365,0.011171909568457483,-0.0028814727617019315,0.9997337711026355,0.006371942178697989,0.022176232091462827,-0.005148863651347381,0.9984852146505221,-0.054779241756350246,-0.022491690021048442,0.05465047554387941,0.9982521972942634,0.00025906272995777473,0.07664376296827566,2.7708667915406928e-05,0.034111720022839326,5.634443335567237e-07
283,0.7075,20,0.06526583449302534,0.9645345739587151,-0.21176981129968936,0.004276299235870923,0.0034376505079616103,0.005582056185332807,0.05762029213484225,-0.09848381833393147,-0.00973729355188043,0.00023476132630672228,0.001485763568677011,0.0010922854410354947,-3.5543347962434346,0.19841596401338432,3.8766557947878324,0.9995580759371128,0.027434690228110698,0.011072783301816623,-0.002895526020562188,0.9997380187980305,0.0063960495955746426,0.021976904226021714,-0.0051809360761813,0.9984779074023037,-0.05490925542102299,-0.022294655663707946,0.054781009292341164,0.9982494624840772,0.00025709585416930657,0.07667161790561,2.818122367986558e-05,0.03411552702792463,4.976512831417555e-07
284,0.71,20,0.08678832823618939,0.9367159881094281,-0.2563304216498068,0.0038187402072444076,0.003488906114923519,0.005722580277339184,0.05160833042634831,-0.0986746712070206,-0.002623665827301774,0.0003603859195623896,0.0015119511558289063,0.0007657268976618816,-3.005980854246978,-0.09542643654456621,3.5568138622893266,0.9995575507117798,0.027492682980515548,0.010974245480543939,-0.0029019189743300193,0.9997422896047984,0.0064046929485846085,0.02177921679009184,-0.0051978471407968085,0.9984714624975985,-0.055024730467377,-0.02209834294367743,0.054897344982621214,0.9982474366373313,0.00025486438865397466,0.07669999727816049,2.8329646417996963e-05,0.03411896294475808,4.4049766986217374e-07
285,0.7125,20,0.10939874835082208,0.925429245871668,-0.29679356978473326,0.0033003062899391944,0.0034910898182895864,0.006036622891768181,0.04649554679561158,-0.09929835096715542,0.003201104812243999,0.00046068153593233204,0.0015440584954435675,0.0004813480196207956,-2.5563918153683627,-0.31183988006740804,2.912385319772886,0.9995572007648453,0.027544588333531843,0.010875694486593835,-0.0029012621593313597,0.9997466038946342,0.006399088020281427,0.02158192933113392,-0.0052008219103834704,0.9984657566628382,-0.05512788970351102,-0.021901585618439662,0.055001676740029405,0.998246029845941,0.0002523654434754743,0.07672696704161039,2.8204165149599027e-05,0.03412212691239116,3.900856131326456e-07
286,0.715,20,0.1299945485054964,0.9213695471197324,-0.3340114750647379,0.0026721531294815934,0.0031311576637500483,0.006637793228158789,0.042054519714191115,-0.10024592520781858,0.0076113274447285485,0.0005253664618296996,0.0015808669199683899,0.00025932305953787826,-2.220513540710234,-0.4737871203315874,2.2051113162422746,0.9995570031313353,0.027591320876875304,0.010776665139055465,-0.0028948215582030603,0.9997509669932536,0.006381763174303497,0.021384038319301076,-0.0051923934709662365,0.9984606780408309,-0.0552205890613892,-0.021703526121275785,0.0550958029711089,0.9982451650015,0.00024962086153740965,0.07675094209377048,2.785035762481664e-05,0.03412509509105241,3.4481811360517886e-07
287,0.7175,20,0.14485647707179794,0.9177676319667384,-0.3721456297892927,0.0024242039110514636,0.0015974565518089374,0.006522518081685626,0.0381845937173629,-0.101454136772076,0.010711661052550748,0.0005823473669883817,0.0016164531523609159,0.00012033975120492368,-1.9349629984141035,-0.6041057821287139,1.5501668039110994,0.9995569390773305,0.02763356881407145,0.010676796962949568,-0.002883994377248978,0.9997553771660879,0.006355509191257513,0.021184742868705805,-0.0051753571768993695,0.9984561369020599,-0.05530423456396842,-0.021503523097038225,0.05518106727433572,0.9982447837624199,0.0002466802288778083,0.07677063854649706,2.7303985574371795e-05,0.034127925967819314,3.0352185986090764e-07
288,0.72,20,0.15673945109964516,0.9122035582046447,-0.41174963304195106,0.002250879157803245,0.0012540029771197809,0.006358308834819349,0.034841041131628454,-0.10287731156890594,0.012743946824366092,0.0006418970995578162,0.0016521165269212787,1.8114836878528742e-05,-1.6717762928672268,-0.711587398414959,1.0161428859076738,0.9995569919535466,0.027671918184413044,0.010575795181625875,-0.0028700761399349252,0.9997598304384545,0.006322914424224122,0.020983379014270914,-0.0051523042682198785,0.9984520552138922,-0.055380025278816344,-0.021301061062780173,0.05525861192916985,0.998244835000543,0.00024357798586578783,0.07678502605983714,2.6594126765062385e-05,0.034130668650769566,2.666601037417794e-07
289,0.7225,20,0.1676528899138764,0.9057878280478813,-0.45392487519873354,0.0016685228289459308,0.0010681345197222623,0.00570100314589598,0.032091915682925284,-0.10447869033302896,0.013837018214824753,0.0007250368959754148,0.0016858792115842813,7.198362174200034e-05,-1.3745627243515846,-0.8006893820615113,0.5465356952293309,0.99955714634257,0.02770690734361065,0.01047341710682619,-0.0028541224671151453,0.9997643230380983,0.006286089011783301,0.02077940001802193,-0.005125345022384021,0.9984483625407906,-0.05544905930685903,-0.021095715644996637,0.05532948964657079,0.9982452696391181,0.00024032037378813266,0.07679329516779645,2.574950995299713e-05,0.034133362885324474,2.3350193497614691e-07
290,0.725,20,0.17167925345306326,0.9003665389806349,-0.4966478932799171,0.0010244926555461587,0.002209503219081103,0.005968653128895853,0.029887458857723908,-0.10621512686981036,0.014083598678720156,0.0007823860909448973,0.0017245942849866487,0.00019334671415470394,-1.1022284126006878,-0.8682182683907096,0.12329023194769964,0.9995573847651601,0.027739140917215126,0.01036946043667593,-0.002837060602277844,0.9997688507547824,0.006246889600643105,0.020572346263344646,-0.0050963299034893425,0.9984449822966278,-0.055512563877031136,-0.020887136758693702,0.05539488872634405,0.9982460287028542,0.0002368822347406122,0.07679482463033473,2.4799272596985076e-05,0.03413604013434511,2.0354093504378717e-07
291,0.7275,20,0.15361593820926517,1.0397909640520036,-0.055413788222882586,0.002152135275475478,0.007316340524951514,0.00460891731352122,0.024141895589746862,-0.10203741245891895,0.014535825805138403,0.0006453301742941818,0.0016959633330027866,0.00025095232089285854,-2.872781633988523,2.088857205445713,0.22611356320912196,0.9995576908095254,0.027769172526704074,0.010263768351671965,-0.002819726925566541,0.9997734083985769,0.006206992177128876,0.020361854218253737,-0.005066926760602061,0.9984418443944948,-0.05557166198092525,-0.020675060152150735,0.055455897885009306,0.9982470562328107,0.00023327770965262645,0.0767891827332513,2.377611949435069e-05,0.034138722613614544,1.754694235143536e-07
292,0.73,20,0.1791524647377904,0.9925171392685908,-0.11151362803805416,0.001718494664914731,0.0031365414842593462,0.0034858502906752412,0.01951226348219851,-0.09856895098658805,0.0159502256675867,0.0005600858106837555,0.0016498337701074714,0.00014255008065954263,-2.3148160537741744,1.7342307361654519,0.7071999312241486,0.9995581030063202,0.027793444690518507,0.01016224835536958,-0.0028021161655915443,0.9997777537067166,0.00616664361295661,0.020159754455415076,-0.005036868062571502,0.9984393451544592,-0.055619277302522196,-0.02047127629807418,0.05550537410094085,0.9982485062811978,0.00022988225405982664,0.07678582371916866,2.2826507514981146e-05,0.03414113836594217,1.4875598851959248e-07
293,0.7325,20,0.1988076403459214,0.9721818491902813,-0.15752758937887465,0.001623896962707508,0.0020490545093254913,0.003305175315996964,0.015628463436225076,-0.09563042020686006,0.017133518729856127,0.0004888604699956922,0.0015989426054530264,9.281905071220399e-06,-1.941900022986718,1.4692653898639814,0.5916465311347159,0.9995586018257829,0.027813064681741245,0.010064221369471509,-0.0027832350460352674,0.9997819301018096,0.006123846742176009,0.01996473748834848,-0.005004179382494114,0.9984373740713756,-0.05565759827879583,-0.020274378673787948,0.05554555390428955,0.9982502897624711,0.00022671226569587793,0.07678311683480789,2.193136969033394e-05,0.03414337880219113,1.248727808468468e-07
294,0.735,20,0.21527580219280215,0.9553184652906763,-0.2011701130148559,0.0015854006037421976,0.003069523813911384,0.003344429580734661,0.012463770044564572,-0.09313382990890356,0.017798912175279992,0.0003989101968093794,0.0015461092419190232,0.00011721758320786943,-1.5823466958302537,1.2482951489782523,0.3326967227119314,0.9995591723822563,0.02782878191951165,0.009969153475334357,-0.0027632919426671095,0.9997859603932496,0.006079006410500229,0.019775719496608953,-0.0049692888185513436,0.9984358462290317,-0.055688123810693935,-0.020083315692018662,0.055577933084799525,0.998252349751723,0.00022376676144077697,0.07677967738527791,2.1082046449875687e-05,0.034145511335618786,1.0403027764474513e-07
295,0.7375,20,0.22823645993144198,0.9516932243725869,-0.2452213391629731,0.0010735198134513672,0.0019473845519215485,0.0033195207476150405,0.009969080365601174,-0.0910133645104333,0.017641946587032088,0.00031981375109323514,0.0014858505742479028,0.00037202661130172454,-1.2473448394816962,1.0602326992351403,-0.07848279412394953,0.999559798558003,0.027841321736154865,0.009876590634641292,-0.002742784735293208,0.9997898601786631,0.006033109390025973,0.019591760385867196,-0.004933200039964605,0.9984346758717595,-0.05571231061641789,-0.019897211394940443,0.05560395316830015,0.9982546275228392,0.00022107371426395467,0.07677432078387034,2.0271153444468448e-05,0.03414758836669746,8.62778519811976e-08
296,0.74,20,0.23050368129949267,0.9562273505490468,-0.2878154688911877,0.0014143003043773602,0.0042872692689902734,0.0033636063391670897,0.008048519952031331,-0.08920120094736363,0.01645995027218121,0.00024354327694927038,0.0014269288441450978,0.0005773503470876756,-0.9602802067849219,0.9060817815348251,-0.5909981574254414,0.9995604639101394,0.02785136310369533,0.009786135926039004,-0.0027225180716010885,0.9997936388779738,0.005987757303423104,0.01941201745350139,-0.004897528403190184,0.9984337789372318,-0.05573152871273846,-0.019715320810975528,0.05562495698509932,0.9982570662338064,0.00021867959914674038,0.0767660371162591,1.9494818728673884e-05,0.03414965184783728,7.139842318933888e-08
297,0.7425,20,0.23420228267991045,0.9578588712349131,-0.3300046524944009,0.0015688235514106582,0.003581913999755889,0.0034487779008306966,0.00669617654394203,-0.08765380207140895,0.01437306243522051,0.0001673993582243812,0.001369022159314146,0.0007502688750256581,-0.6761717040446521,0.7736994379773517,-1.0434439184803503,0.9995611533194112,0.027859490867793248,0.009697454285641345,-0.002703502123890358,0.999797300913288,0.005944963680137983,0.019235760794572693,-0.004864299123691313,0.998433079689707,-0.05574696382192117,-0.01953703356549903,0.05564209546889093,0.9982596162979305,0.0002165680538077427,0.07675401236669385,1.874935822970419e-05,0.03415172985034164,5.816139967868058e-08
298,0.745,20,0.23947289008650352,0.9586992333258582,-0.37219017030113133,0.0024574786229941163,0.001867649001449325,0.00387085067361699,0.0058918745852718155,-0.08633775763348189,0.01155285885971895,8.381143496327731e-05,0.0013186555857546739,0.0008027500267942032,-0.4021509793351063,0.6580222189635239,-1.4101017877507795,0.9995618516536003,0.027866282471367278,0.00961025744602927,-0.0026866283466170466,0.9998008499598964,0.0059065067069263965,0.019062360766436807,-0.004835298112471947,0.9984325046587063,-0.05575978419170986,-0.019361826144046457,0.0556565074314187,0.998262226506094,0.00021473591591846254,0.07673759524880787,1.803144142862494e-05,0.03415383955017316,4.6528208094569586e-08
299,0.7475,20,0.24909351164127233,0.9460521081492329,-0.41082287518595717,0.002603453873061777,0.0033414413909653206,0.002694761872572719,0.005508867480446024,-0.08523216387881759,0.008628033782013185,4.393838573687101e-05,0.001265807213588458,0.0007885932900154783,-0.19150355241289616,0.5527968773321453,-1.4624125388528817,0.9995625444078404,0.027872293247135915,0.009524295226002798,-0.0026726179146277103,0.9998042898278607,0.005873825424973394,0.018891273559081507,-0.004811969626927608,0.9984319847652562,-0.055771110317267725,-0.019189241520097714,0.055669291109086846,0.9982648461391872,0.00021314548361450213,0.07671628216668526,1.7340413741969176e-05,0.03415599266702251,3.6121753019877496e-08
300,0.75,20,0.25855325223633807,0.9338756275401028,-0.45049228950458503,0.0024587907562071067,0.0028602100927015996,0.004165488692760776,0.00555766861790946,-0.0843168585270147,0.005616169587899757,7.153931745640522e-05,0.0012194800124404324,0.0007935910507975189,0.024400568731718187,0.4576526759014413,-1.5059320970567132,0.9995632220026445,0.027877945707896007,0.009439355488845792,-0.0026615654707079924,0.9998076292744007,0.005847105594614878,0.018722067216737276,-0.004794506235272585,0.9984314724247054,-0.05578178539446835,-0.01901886312749891,0.05568129154392895,0.9982674374221256,0.00021171962370396605,0.07668972768912084,1.6664273258690413e-05,0.034158192540258245,2.8291641459584917e-08
301,0.7525,20,0.12725092998584844,1.1667809382195744,0.08418412916249265,0.001744410410785383,0.0017451827981806664,0.0012568867014190223,-0.003940397724825078,-0.08127027317456616,0.006979248303931052,4.293355439068103e-05,0.0012391435869856691,0.0007435025567867427,-4.7490331713672695,1.5232926762242802,0.6815393580156464,0.9995638743178706,0.027883672583691448,0.009355246746040217,-0.0026535486079051086,0.9998108760762123,0.005826499928829306,0.01855435200420775,-0.004783065380004385,0.998430918966062,-0.05579267279989035,-0.018850314726478697,0.0556933743919721,0.9982699603231324,0.00021052006248631596,0.07665768875184457,1.601322323894998e-05,0.03416044178039704,2.1112967708349938e-08
302,0.755,20,0.15727379333969785,1.0125674779946887,-0.004822686830347677,0.001290669103916591,0.0009361750933681552,0.0019008131422271857,-0.011484939670454265,-0.07926531011921001,0.012966907254130222,0.00010693582338139667,0.0012690244047613107,0.0006158527633208651,-3.772270972814593,1.00248152767807,2.9938294750995853,0.9995647596143957,0.027879886615067895,0.009274195869960025,-0.002644343077587084,0.9998139934813073,0.005803511363973482,0.018392870760397893,-0.004769257246771817,0.998431438744038,-0.05578455263623173,-0.018687766701095763,0.05568645601363607,0.9982734024265931,0.00020917241677331674,0.07663225423427197,1.5244854086724498e-05,0.034162369866090614,2.035206198149324e-08
303,0.7575,20,0.17609637103405446,0.9552203496526472,-0.0783648595858443,0.00042460389175715706,0.0015398977644567559,0.0023648623320478086,-0.017584271742152033,-0.077862379032427,0.01963120189016336,0.00016663582395358263,0.001298475916469823,0.0004732238109708927,-3.0496660358488823,0.7014655433915069,3.3321473180165695,0.9995658458518303,0.027868499047283755,0.009195295680776969,-0.002629278362920533,0.9998170668652667,0.0057687918794636075,0.018236058926922833,-0.004743755523786706,0.9984328673122836,-0.055761153629586474,-0.018529155093131213,0.055664445661689974,0.9982775865963892,0.00020765219921464018,0.07661121727435015,1.4387776908222749e-05,0.034164134559170126,2.3528902045077856e-08
304,0.76,20,0.1938825511798508,0.9284899324846707,-0.14103124840201114,0.00039793068962707214,0.002057687076545703,0.0027117528050868696,-0.022508707276500593,-0.07690056519629924,0.025539623556570034,0.000218001017311614,0.0013297238637178578,0.0003248796447988446,-2.4622177671742778,0.4809069180638713,2.9542108332033377,0.999567100024469,0.02785094968049808,0.009117967179714925,-0.0026076474219274386,0.9998201256988651,0.005720925233065932,0.018082789109626705,-0.004705149052623239,0.9984350495536346,-0.055725338897344566,-0.01837329093815703,0.05563023312290696,0.998282374552808,0.00020596323356057128,0.07659273155205157,1.346566007436156e-05,0.034165843415532145,2.9036706926004108e-08
305,0.7625,20,0.2107417265455649,0.914933465354091,-0.1977377582594185,0.0003531296151098221,0.0024066803673547686,0.0029868616244560714,-0.026426257727299958,-0.07628282039695602,0.030170064344387855,0.0002626462704183001,0.001361526309395133,0.00017810373527200012,-1.9587752253996857,0.3088723996716177,2.3152203939089078,0.999568491081093,0.027828421179527288,0.009041751593129041,-0.002580182290039229,0.9998231787749566,0.005661373179805857,0.017932095194373793,-0.004654902493668829,0.99843784326801,-0.055679484669841496,-0.018219304792322467,0.055586167200515395,0.998287651405566,0.00020410848384800628,0.0765752359211492,1.2498061969351784e-05,0.03416757066426897,3.5574214414880285e-08
306,0.765,20,0.2259837359297762,0.9067822265846436,-0.25125744843343095,0.000275162324437498,0.0025151116900649466,0.0032123376065553233,-0.029454293212561093,-0.07593980880654637,0.033415261235065274,0.00030199598197951495,0.001392796012221797,4.392415965169193e-05,-1.51401774263057,0.17150579520482287,1.6225984453387068,0.9995699902829899,0.027801932759820312,0.008966272155294022,-0.0025481413067833234,0.9998262258790357,0.00559265055365765,0.017783146635736356,-0.004595531771386717,0.9984411190213982,-0.05562564997405739,-0.018066519648831197,0.055534260660270326,0.9982933169969113,0.00020209388137620816,0.07655741582753367,1.1501501678244037e-05,0.03416936713139941,4.211980776244834e-08
307,0.7675,20,0.2421801947376035,0.9096257376082575,-0.30061126667837723,0.0005117299129324704,0.003066703764932492,0.003412757989279321,-0.03174250242342526,-0.07578474872683114,0.03491463981425512,0.00033317868633923593,0.0014280213493346229,9.954414936604717e-05,-1.1441046054320783,0.07753003985761656,0.7496892895949214,0.9995715712898265,0.027772386963905753,0.008891218103462176,-0.0025128931834009103,0.999829263216971,0.005517493875130756,0.017635239616939732,-0.004529772476131413,0.9984447597803517,-0.05556566231468938,-0.01791439578449322,0.0554762915892321,0.9982992815259275,0.00019993112736660607,0.07653817682802708,1.0490018851025836e-05,0.034171266475481236,4.79181588905459e-08
308,0.77,20,0.24078220922145682,0.9156824977614167,-0.35214040355505505,0.0013067221455449673,0.0024120265178066117,0.0032554939309273195,-0.033387170242291764,-0.07575789392972004,0.03487342388154478,0.0003599984608978988,0.0014596991471196794,0.00019646412648309752,-0.8223339094332521,0.013427398555546375,-0.020607966355158835,0.9995732103882061,0.02774053958296332,0.008816354989283832,-0.0024761709480600204,0.9998322809242778,0.005439369177160094,0.017487803884723353,-0.004461087398929356,0.9984486620821641,-0.05550106202187201,-0.01776256515751872,0.05541373881350302,0.9983054686966979,0.0001976221209431426,0.076516632804877,9.475717028521337e-06,0.03417328763852484,5.2352781124901565e-08
309,0.7725,20,0.24139916663883954,0.9243861194684883,-0.4035424813091706,0.0010825061765721868,0.0025743895322156334,0.0035640808978582247,-0.03444149622311583,-0.07580828986311562,0.033569997061477744,0.0003848547002557682,0.0014878620180151841,0.00028357226967523223,-0.527162990412035,-0.025197966697778053,-0.6517134100335223,0.9995748867635592,0.027707047967340505,0.008741513557628493,-0.0024395051291670675,0.9998352695108931,0.005361339197389327,0.017340411877756427,-0.004392533055595846,0.9984527366153205,-0.055433188603334814,-0.017610777820278044,0.05534788873469274,0.9983118108673146,0.0001952006375761025,0.0764920748859915,8.468578400269113e-06,0.0341754401557182,5.511984917763839e-08
310,0.775,20,0.24543199308509517,0.9219488262115275,-0.45302962974847033,0.0007975699577175915,0.0023104863144479838,0.00408479211245781,-0.03502228695991276,-0.07596489920297234,0.031681088844936825,0.00038916328641677917,0.0015120390388989912,0.00034053094237188254,-0.2903953683984659,-0.07830466992836284,-0.9444541082704626,0.9995765815573199,0.027672513476585104,0.008666583119007093,-0.002404149977056356,0.9998382207998583,0.00528591630754754,0.017192769310479323,-0.004326611754920866,0.9984569041215521,-0.05536326437926104,-0.017458884801038615,0.05527992131683417,0.9983182446698591,0.0001926795318179588,0.07646393498966406,7.476140603892816e-06,0.03417772706065619,5.60226838726443e-08
311,0.7775,20,0.235651124921612,1.0825321341005503,0.16772921358699966,0.001925858431370395,0.004822697683532905,0.0023858409764807745,-0.04262976263665112,-0.07183348855721712,0.033246073222359916,0.00031294778132370885,0.0014854624102831897,0.000377386052755261,-3.803737838369179,2.06570532287762,0.7824921887115497,0.99957828121842,0.027637414693911604,0.008591442527540013,-0.0023706836065186575,0.9998411339490675,0.005214258209338273,0.01704459957784774,-0.004264477169528147,0.998461106336549,-0.055292254138034506,-0.017306677841613393,0.05521078377020896,0.9983247208486655,0.00019011104242911827,0.07643177005296155,6.506272444395675e-06,0.034180147727677926,5.4896328871090294e-08
312,0.78,20,0.238279979558702,1.0051695188074021,0.07357518331215962,0.0025611798155843113,0.0027304715172543795,0.002061361727483526,-0.04867413608473224,-0.06837210746316907,0.03636960563369758,0.00025249186277657905,0.0014499453297813247,0.00033471702076729647,-3.022186724040554,1.730690547024015,1.5617662056688284,0.9995801512879247,0.027594689086039903,0.008520456102162477,-0.0023358324566593058,0.999843891429091,0.005139942194842357,0.016904844458486192,-0.004199464846800657,0.9984661540419584,-0.055206011698551966,-0.017162670740080568,0.05512640226691608,0.9983318699241118,0.0001876890707584578,0.07640275176953062,5.613529152690189e-06,0.03418239742485892,5.286710343452234e-08
313,0.7825,20,0.24938180551997147,0.9678022826350514,-0.006857362194440775,0.0026261618891866892,0.002024179560156824,0.0019204654638212831,-0.05346459695919176,-0.06537674313889749,0.03961489635767163,0.00020038413722801255,0.0014106064409653831,0.00024905285501875435,-2.395230437229764,1.4976821621357763,1.6226453619870256,0.9995821577300076,0.027545886905515817,0.008453001266261131,-0.0022980060929704603,0.9998465318751785,0.0050597826115614565,0.01677233725815727,-0.004128400943991013,0.9984718865651704,-0.05510760423603204,-0.017025539721937877,0.055029904042377016,0.9983395417683623,0.00018544417822605094,0.07637551083484531,4.7867636924594794e-06,0.03418458963020937,5.076765600658904e-08
314,0.785,20,0.2605916482118294,0.94630003372277,-0.07825616981369769,0.002602738744791537,0.0014524523461684447,0.0019280662558292586,-0.05718567971713693,-0.06275402373591848,0.042269137329061596,0.00015379006833073273,0.0013689139427098343,0.0001520943705232748,-1.8605413789725822,1.3113597014895153,1.3271204856949883,0.9995842697415379,0.027492261564296707,0.008388618779365207,-0.0022570587788720915,0.9998490735212864,0.004973485105776133,0.016646159452794355,-0.004050996699194215,0.998478162479498,-0.054999531609898906,-0.01689436605405333,0.054923797187264596,0.9983476132581095,0.0001833916708526921,0.07634886931217863,4.017494191969669e-06,0.03418680044281582,4.892413208874374e-08
315,0.7875,20,0.2686052137281275,0.9397768589484171,-0.14316039378453738,0.00217321904619443,0.000698003107307674,0.00178609072242469,-0.06002883377394227,-0.060410825487325924,0.04377673194755628,0.0001242274281122446,0.0013207064363214274,1.3276194689650718e-05,-1.4215770284026719,1.1715991242962691,0.7537973092473425,0.9995864592063548,0.027434887958437834,0.008326922538531614,-0.0022135616205026416,0.999851525011979,0.0048821888187130435,0.01652550040265764,-0.003968396071180221,0.9984848541353204,-0.05488394933849225,-0.01676841566284799,0.05481022071389949,0.9983559785674905,0.00018153255522869625,0.07632182111879926,3.2990235725032626e-06,0.03418908030233075,4.7449480382385696e-08
316,0.79,20,0.27108376730108186,0.9440093681065715,-0.20491868339909836,0.0015851897554265363,0.001278055339116413,0.0021622812459397905,-0.062137962457838515,-0.058273859875925746,0.04398785930265215,9.245095987187155e-05,0.0012692335881594608,0.00011723768757766612,-1.054564341948128,1.068482805700091,0.1055636775479289,0.9995887014266516,0.027374654080645332,0.008267603713920239,-0.002168645424063623,0.9998538874117086,0.004788152510078065,0.016409674684000754,-0.003882861343100364,0.9984918505819794,-0.05476264885087644,-0.01664713835723002,0.05469093084702779,0.9983645500855891,0.00017987077520023492,0.07629352896119893,2.623316412706108e-06,0.03419146023195315,4.693986360985989e-08
317,0.7925,20,0.26899174437727347,0.9520596398306669,-0.2660769766153983,0.0015101857154888366,0.0009619338197910933,0.0023620556377656533,-0.06353783659516615,-0.05629482539045204,0.042917338684027764,6.063476888746608e-05,0.0012172476389377216,0.00023394123784192068,-0.6999370686638161,0.9895172427368524,-0.5352603093121848,0.9995909750021816,0.027312305065284915,0.008210422298452605,-0.0021235940972579386,0.9998561586275824,0.004693942105434192,0.01629812756134149,-0.0037969598713135707,0.9984990566802618,-0.054637138508188327,-0.016530128560618078,0.05456739609087237,0.9983732539154038,0.00017840940785862625,0.07626330087125813,1.9879371661555063e-06,0.03419395843140215,4.726889703183542e-08
318,0.795,20,0.2700552754834162,0.9446548566674228,-0.3268776579133517,0.002008415582354193,0.001464171900033077,0.002745965969597309,-0.06418473456682568,-0.054502762682333075,0.04123058423169064,2.6227973493205614e-05,0.0011724710782763758,0.0002569259474074664,-0.32344898582975096,0.896031354059495,-0.8433772261685684,0.9995932591771446,0.027248560886130438,0.008155187006383516,-0.002079678374074583,0.9998583357255026,0.004602099187325317,0.01619040343222092,-0.003713230748600433,0.9985063817349905,-0.054508875900215394,-0.016417076403419082,0.05444103523600056,0.9983820177090516,0.00017714500646175325,0.07623055785530994,1.3905325700290298e-06,0.03419658597403944,4.841196005063179e-08
319,0.7975,20,0.2709301373680174,0.9408132912895374,-0.3842086045559034,0.001986486692229023,0.0008694736587448672,0.0024966147617455593,-0.06419473547867463,-0.05286904393939146,0.038902747805802114,2.6440182814412416e-05,0.001125475251645353,0.0002877791948333559,-0.0050004559244840405,0.8168593714708065,-1.1639182129442647,0.9995955339456426,0.027184179610195026,0.008101695945408292,-0.0020375027986787217,0.999860422210307,0.004513833311376332,0.01608606248476018,-0.0036328814804676606,0.9985137379225321,-0.05437938352097992,-0.016307613852902414,0.054313354608328666,0.9983907658034576,0.00017603886703467707,0.07619481111156537,8.319536800064571e-07,0.03419935030317644,5.001157869333318e-08
320,0.8,20,0.2753228662064791,0.9437787132190032,-0.4353595049448133,0.002157802471730291,0.0009520230568744676,0.002543257436944824,-0.06379638757792547,-0.05137781511947367,0.0358187872161202,3.937079627809896e-05,0.0010788341685017669,0.0003165738877620903,0.19917395037457214,0.7456144099588927,-1.5419802948409536,0.9995977824051804,0.027119803379512857,0.008049774883024073,-0.001997698584625797,0.9998624206493952,0.004430406774365737,0.0159847198582104,-0.0035571735260579206,0.9985210509300431,-0.054249952682631886,-0.016201428629516734,0.05418562858707039,0.9983994347779784,0.0001750570325068542,0.07615569642545365,3.1109064998437435e-07,0.0342022512941264,5.2551955303115957e-08
321,0.8025,20,0.24139304788191235,1.1596877773457916,0.2983990856725007,0.0004062973198565954,0.000769113909685659,0.0006886348957598243,-0.07322831557436581,-0.04838267622609907,0.0370266896052017,3.0616955531181556e-05,0.0010861168554276808,0.0002996162047366157,-4.715963998220165,1.4975694466872986,0.6039511945407507,0.9995999936920626,0.027055846774734243,0.007999261780341172,-0.001961014303889197,0.999864332467739,0.004353313373675168,0.01588601024528221,-0.003487606169515574,0.9985282711564041,-0.05412142186425913,-0.016098237855398566,0.054058675197171925,0.9984079859325433,0.00017419676406554296,0.07611297109446064,2.282183592472762e-07,0.034205282554246416,5.600064875473448e-08
322,0.805,20,0.2463287134890745,1.048643014598769,0.17185699120829537,0.00042633392135243807,0.0005134407412868604,0.0011738377469993665,-0.0807816898409166,-0.04590193862924946,0.040786696011097634,6.366275658855208e-05,0.001096202923964171,0.00025615363740343137,-3.7766871332753857,1.2403687984248033,1.8800032029479614,0.9996024300302656,0.026982447422664948,0.007951754903817115,-0.0019232791323017288,0.9998661411826577,0.004274144605770944,0.01579339749358846,-0.0034159133713302908,0.9985364970569247,-0.0539740269122629,-0.016000976605854218,0.053912853135176145,0.9984174342500655,0.00017326168100765865,0.0760710393209693,7.648199203359527e-07,0.0342080892376339,6.477469104706474e-08
323,0.8075,20,0.24673825759451123,0.9855078843815374,0.06225888826576424,0.00042249551838676217,0.0013508392710671253,0.0015319973423692196,-0.08686940547444116,-0.0437763936321436,0.04572088629210909,9.408860129871462e-05,0.0011073357658671326,0.00019903895235362105,-3.043857816762295,1.0627724985529385,2.467095140505728,0.9996050479979621,0.026901463192542052,0.007906813553844809,-0.0018819124626191163,0.9998678814098155,0.004187748102626787,0.015706129086314486,-0.003336928687470592,0.9985455393671667,-0.053811436673525996,-0.01590863388169342,0.053751916949659646,0.9984275871550501,0.00017225100964860502,0.07602908525477012,1.3507070778628767e-06,0.03421083405528719,7.722866459882369e-08
324,0.81,20,0.2499540151865533,0.949031386116542,-0.033223590212211815,0.0004180215396326425,0.0015960862979845889,0.0018014101818259781,-0.09174304666825242,-0.04191053265109934,0.05063001254312153,0.00012038017244522945,0.0011182763200964605,0.0001407255728541773,-2.436820596905638,0.9329304905221163,2.4545631255062235,0.9996078112959357,0.02681435036857199,0.007864117670568748,-0.0018357188575888195,0.9998695715790786,0.0040917402318946874,0.015623619687650674,-0.0032482554056614535,0.9985552415011747,-0.05363654078471355,-0.015820514122153,0.053578795548288906,0.9984382925351498,0.0001711668371882049,0.07598643653402835,1.964052834412055e-06,0.03421362697396742,9.216166770070053e-08
325,0.8125,20,0.25440254142014485,0.9257388401007474,-0.11818486579753999,0.0004579591687430224,0.0026508240971947583,0.0017840417456733283,-0.09549694636354829,-0.0402360914036909,0.05482113244763711,0.0001226191705109768,0.0011282996086274485,7.410224490416072e-05,-1.8769498476479172,0.8372206237042258,2.0955599522577932,0.9996106874799684,0.02672232329459618,0.007823409530351875,-0.0017847063860837818,0.9998712181728717,0.003986142512558373,0.015545344556075027,-0.0031499037976140225,0.9985654645217091,-0.05345176489704606,-0.015736110560214473,0.053395914941246986,0.998449423402119,0.0001700156885875201,0.07594253450372843,2.594901535159682e-06,0.03421654102326207,1.0872298020634663e-07
326,0.815,20,0.2558436654787445,0.9053249985604908,-0.1971505600826891,0.0006076503306576202,0.00305310275272379,0.001949002193626808,-0.09817989581340553,-0.03870187109210151,0.05818437830870741,0.00011973597946779953,0.001138418247894624,3.3618168814683955e-06,-1.3414747249286134,0.7671101557946939,1.6816229305351442,0.9996136451257249,0.02662650741889961,0.007784480671644599,-0.0017295785051845115,0.9998728208377344,0.0038723676129088355,0.01547084092938709,-0.003043273483485533,0.9985760753217314,-0.053259368016834195,-0.015655051468986547,0.05320551253505939,0.9984608619266881,0.00016883248557154323,0.07589693211379907,3.2397734940457627e-06,0.03421962147373588,1.2714066628647381e-07
327,0.8175,20,0.2556719906487578,0.9034711193677485,-0.27101393855022077,0.0006339360448247604,0.0036062505160779877,0.002157841815444339,-0.10010308100318759,-0.03725240797881137,0.0601476907578144,0.00010983112225751269,0.0011481387139108405,8.389196276846855e-05,-0.9615925948910329,0.7247315566450693,0.9816562245534974,0.999616653958183,0.026527980169788353,0.007747170708351018,-0.001671150374222444,0.9998743772048848,0.0037520530725286116,0.015399737234273167,-0.002929985908836208,0.9985869470490761,-0.053061514921642586,-0.015577066210225598,0.05300972817272888,0.998472495228254,0.00016762194282779347,0.0758492815598296,3.892177675481513e-06,0.03422289399640781,1.4693684474644435e-07
328,0.82,20,0.25566455475876326,0.9137855039963059,-0.3410938077377243,0.000644328732213235,0.0034458945551868554,0.0022910618417718645,-0.10141027371993498,-0.03587267952935864,0.06072713170485876,0.00010093505718476849,0.0011561924424727042,0.0001607641772065319,-0.6535963583737091,0.6898642247263675,0.28972047352217556,0.999619691093991,0.02642751223703064,0.0077113588694453965,-0.0016108129942469878,0.9998758804517683,0.003627984837211527,0.01533171278174577,-0.002812816713665915,0.9985979837569183,-0.05285976635166687,-0.01550199190221389,0.052810080123386054,0.9984842430826965,0.00016638784897563626,0.07579930329922738,4.546729549525042e-06,0.03422637370140583,1.6776122144466834e-07
329,0.8225,20,0.2552609537879644,0.9190533127715506,-0.40939377257946796,0.0011924824324932896,0.003824267695221095,0.0019372005834833001,-0.10207626948061639,-0.03456164745256533,0.06026819229019241,9.015592684703759e-05,0.0011668502305880342,0.0002408019389102642,-0.33299788034068806,0.6555160383966533,-0.2294697073331733,0.9996227379340977,0.026325730347683225,0.0076769397424387865,-0.001549942899025878,0.9998773245464014,0.003502918419841234,0.01526648029095537,-0.0026945142376218092,0.9986091071973416,-0.05265539493301183,-0.015429693806211616,0.05260779966005166,0.9984960410357041,0.00016513626728641763,0.07574676950778134,5.199370016449937e-06,0.03423006827630638,1.8938576286652983e-07
330,0.825,20,0.24634845087851764,0.921503642016835,-0.48834365381541034,0.0012706630627074532,0.003951584441938091,0.0018189720627074313,-0.10213066026967596,-0.03324374675275288,0.05906455743415693,7.573102458183122e-05,0.0011767261240392378,0.0003125115289182585,-0.027195394529810523,0.6589503499062237,-0.6018174280177415,0.9996257762850358,0.026223283645592926,0.007643818361527984,-0.001489571159237403,0.9998787064372351,0.003378919486828459,0.015203792832810488,-0.0025771354187094997,0.9986202411452086,-0.052449712564692594,-0.015360038620886397,0.05240416851918146,0.9985078228713975,0.00016386769516701227,0.07569152004151246,5.823836779689503e-06,0.03423397924685613,2.1154647654856084e-07
331,0.8275,20,0.2950030573293511,1.0587599817310487,0.3392308852158322,0.001217504876493586,0.004440716867243364,0.0003073291031511911,-0.10967133015482056,-0.030760393157618405,0.060680758809133414,1.547601034421447e-05,0.0011520051779112422,0.00034935605928287277,-3.7703349425722714,1.2416767975672391,0.8081006874882493,0.9996287890662955,0.026120789248626694,0.007611983139887224,-0.0014304375410004412,0.9998800231222388,0.003257475108612669,0.015143586661953454,-0.002462151079168293,0.9986313164349403,-0.05224396278501074,-0.01529304329212064,0.05220040891923171,0.9985195241634138,0.00016259612972892404,0.07563415131056339,6.3990572035162566e-06,0.03423809977309848,2.340110961300805e-07
332,0.83,20,0.29121969187822316,0.9937757489001731,0.19944319524869067,0.001252928843124995,0.002453016664491535,0.0007238844630696286,-0.11561837371356569,-0.028396988458767536,0.06345007025962461,9.22630669029989e-06,0.0011273792295212364,0.00036117603401869395,-2.973521779372578,1.1817023494254324,1.3846557252456022,0.9996319663921,0.026010741024022493,0.007582660308715607,-0.0013698106027509999,0.9998812537631104,0.0031330741599517316,0.015088479692089186,-0.002344151705699187,0.9986431299405877,-0.05202311001129441,-0.015230998847449651,0.05198156277734266,0.9985318892280477,0.000161453748899086,0.07557094329550292,6.9734896786252885e-06,0.03424213480566422,2.5898480069845246e-07
333,0.8325,20,0.28711140163264226,0.9587880801049204,0.07313831714670674,0.0012832309984920358,0.0017000679681736593,0.0007153911154981786,-0.12042038615287162,-0.026098852411978117,0.06656138619554364,1.8292365303206606e-05,0.0011013682249912554,0.0003470612352448196,-2.4010062196529627,1.1490680233947113,1.555657967959505,0.9996352668588825,0.02589472333225794,0.0075557630950672805,-0.0013065219355051047,0.9998824068889666,0.0030033995971329628,0.015038350467625292,-0.0022207820174895538,0.9986555126079557,-0.051790300877403564,-0.015173678563815015,0.05175081379651082,0.9985447474951941,0.00016038062244339954,0.07550271012155221,7.541283330155077e-06,0.03424620688290918,2.851264687443519e-07
334,0.835,20,0.282971376844696,0.9391002332911027,-0.04043902079598771,0.0013172358048786814,0.0012683831417227753,0.0007554823078371485,-0.1242281390203979,-0.023826096088225647,0.06947349559213867,2.6433131012014306e-05,0.0010744121887959325,0.0003184544986403252,-1.9038764337631489,1.1363781618762347,1.4560546982975213,0.9996386594761574,0.025773878322921186,0.007531237221776274,-0.0012402188580294118,0.999883484646187,0.0028677598169453773,0.014993101261265464,-0.0020913230498449107,0.9986683381067589,-0.05154781111730653,-0.015120962261028032,0.05151044958759957,0.9985579753242092,0.0001593834295359143,0.07543009151615121,8.104100187328547e-06,0.03425040869215671,3.1260998819213365e-07
335,0.8375,20,0.2788810563972769,0.9342000286898017,-0.1431538523555563,0.0013147033558308888,0.00030115785098012966,0.0006251276939397596,-0.1271864193592242,-0.02154699125576804,0.07168036752186698,2.4383921782503863e-05,0.0010442685963781124,0.00023398828358660027,-1.4791401694131516,1.1395524162288069,1.1034359648641516,0.999642116517398,0.025649201552230026,0.007509053735556087,-0.0011710919462204878,0.9998844853113,0.002726548128972262,0.014952657591778716,-0.0019561431980530467,0.9986814940067732,-0.051297631838011996,-0.015072807885237927,0.05126245666859821,0.9985714651434592,0.00015846494117820474,0.07535363310043311,8.662457419659072e-06,0.03425480233105727,3.4142372681999927e-07
336,0.84,20,0.2749354100242095,0.9423028068084225,-0.23667346557748078,0.0013570867185981911,7.042836513137504e-05,0.0007836065061950361,-0.1294242126261537,-0.019238533045116628,0.072749320179555,2.4493875927502942e-05,0.0010141925049648613,0.0001595000717840893,-1.1188966334647448,1.154229105325704,0.534476328844012,0.9996456136112287,0.025521547658073407,0.007489201950009193,-0.0010998395877370964,0.9998854044140665,0.002581171688090933,0.014916956540641364,-0.001816627590138549,0.9986948819160358,-0.051041480179496376,-0.015029234974460036,0.05100853249635566,0.9985851249185773,0.00015764001661255979,0.07527381346038833,9.21854258463222e-06,0.034259425760845216,3.7173246579599466e-07
337,0.8425,20,0.2715323607537718,0.9493851730290753,-0.3241349049894147,0.0013938696396723887,0.00018581268346721847,0.0009328425514820916,-0.1309679543916238,-0.01690654716736773,0.0727606899298469,2.629354631301624e-05,0.0009840588921147676,9.29143187269293e-05,-0.7718708827350337,1.1659929388744477,0.005684875145947621,0.9996491296153317,0.02539164556702914,0.007471682853959858,-0.0010275942963871888,0.9998862360105838,0.00243390413359626,0.01488593790312441,-0.0016750308423282702,0.9987084167707208,-0.05078082849853363,-0.014990307143766667,0.050750117063793065,0.9985988765814564,0.00015690420763565935,0.0751910579863206,9.770255160553395e-06,0.034264298250135355,4.0319698653490023e-07
338,0.845,20,0.2633013097345005,0.952628159253185,-0.40883017128438537,0.001449196160150745,0.001483669788892867,0.001269227252455403,-0.1317867581931921,-0.014538781203601919,0.0719057021138598,3.576389790533553e-05,0.0009568771179076414,8.998244522880479e-05,-0.40940190078416405,1.1838829818829049,-0.4274939079935498,0.9996526448394403,0.0252601971543952,0.0074564938213655405,-0.0009554083550702451,0.999886975789534,0.0022868579861117858,0.014859539932689955,-0.0015334479700788927,0.9987220192691922,-0.050517093782106656,-0.014956075146338076,0.050488597796120804,0.9986126462792261,0.00015625409301293442,0.07510572459791158,1.031595475369841e-05,0.03426942619698607,4.3560806434240596e-07
339,0.8475,20,0.24942972541156397,0.95147008438061,-0.49033350396821956,0.007751887907320573,0.0012225390476623941,0.0005353784882190613,-0.13190014638607983,-0.012295906211908224,0.07041374812636254,4.5159043015099226e-05,0.0008031574158568652,7.211748584030005e-05,-0.05669409644386882,1.1214374958468487,-0.7459769937486243,0.9996561395397331,0.02512793370157933,0.007443649614441915,-0.0008841429884800141,0.9998876207431867,0.002141765001349073,0.014837746702524371,-0.0013935908653111412,0.9987356104781299,-0.050251748898692924,-0.01492661344811334,0.05022542389623168,0.9986263580566129,0.00015566241696405626,0.07501811020795109,1.0853303822914743e-05,0.034274805874030465,4.686086756856253e-07
340,0.85,20,0.22906739661546652,0.9530068854874679,-0.568406716929349,0.005264775459496268,0.0012005576427834665,0.00021029307068086284,-0.131372936474038,-0.010324418131705154,0.06821458316593094,5.3228363512527885e-05,0.000702311204203074,5.173438609480454e-05,0.26360495602091216,0.9857440401015353,-1.0995824802158058,0.9996595964517474,0.024995565399842136,0.00743301030327971,-0.0008144262416500589,0.9998881741354565,0.0019998826064418795,0.014820246071623529,-0.0012567134258285656,0.9987491168404783,-0.0499862209186698,-0.014901674249169574,0.049962006364088006,0.9986399441363472,0.00015521121677212964,0.07492846426698194,1.1386235061744714e-05,0.0342804234417137,5.017242782653129e-07
341,0.8525,20,0.3631244837842182,1.0405269030099027,0.43131730554276404,0.00034842851712851884,0.00017399571257100904,0.001147708928114772,-0.13875218493781932,-0.009682782983273354,0.0694626070328222,2.6639073785245133e-05,0.0007166359406837353,3.215179962541797e-05,-3.6896242318906545,0.32081757421590007,0.6240119334456277,0.9996630014818509,0.024863738274007202,0.007424287722768858,-0.0007469532436768381,0.9998886440253226,0.0018625941367008845,0.014806427397708542,-0.001124211949461485,0.9987624731597868,-0.049721809653699454,-0.014880715597523348,0.049699627270513407,0.9986533489417024,0.000154860607488797,0.07483701012369647,1.1910953326239166e-05,0.03428625587742727,5.355165016729315e-07
342,0.855,20,0.34114228259482277,0.9940504513446266,0.23780964033753013,0.0033703561878929036,0.0013870205189177643,0.0016959259235465268,-0.14508797822130146,-0.008788869623924916,0.0723334609760278,1.340864801694614e-05,0.0006696556521597273,5.526586552023982e-05,-3.167896641741073,0.4469566796742179,1.435426971602797,0.9996665630814553,0.024724524160908826,0.007416229932143089,-0.0006783034136941981,0.9998890788761451,0.0017228799968684492,0.014793972716293975,-0.000989428972307941,0.9987764756189912,-0.049442621091679684,-0.01486105563285521,0.049422499275360826,0.9986673948772204,0.00015447476925258913,0.07472960550976551,1.2493170375851802e-05,0.034291976770941236,5.739913560726652e-07
343,0.8575,20,0.30474385072199506,0.9716252569085961,0.0617525856518367,0.00499969725896325,0.0013797753394600865,0.002030935385022333,-0.1504959932789695,-0.00790190449060663,0.07563658805544207,2.227580058054761e-05,0.0005970245703388157,9.273343230322746e-05,-2.704007528834017,0.443482566659143,1.6515635397071364,0.999670251398628,0.024578953868028393,0.00740913119401275,-0.0006068527888211045,0.9998894730092852,0.0015775227475651231,0.014783544473326048,-0.0008490879722858852,0.998791013512892,-0.0491506904885901,-0.01484320770013052,0.04913270548087879,0.9986819596034064,0.0001540756907446841,0.07460924099657978,1.3123786670052438e-05,0.034297725934548356,6.152614751508342e-07
344,0.86,20,0.28131401005320394,0.9603014217865218,-0.09359354187803852,0.0001595269512091409,0.001649808957194576,0.000416347798145057,-0.15504601074924648,-0.006741099656093067,0.07877102856906269,3.6698505583066345e-05,0.0006175208150165489,0.0001349400207130133,-2.2750087351384662,0.5804024172567827,1.5672202568103117,0.9996740406882915,0.024427951646352176,0.007402996414980367,-0.0005321619937879019,0.9998898248953844,0.0014256571381878963,0.014775167423824164,-0.0007022969843348607,0.9988059839639517,-0.04884785744275857,-0.014827165933633273,0.048832099069429764,0.9986969416448865,0.00015366605215488764,0.07447845970433757,1.3795664310193312e-05,0.03430359640672333,6.583229981791224e-07
345,0.8625,20,0.2699003097368122,0.9522706579704524,-0.23094637599381765,8.546841203343728e-05,0.0020076686640782236,0.00015815287947780447,-0.15882464219775136,-0.005270432029148067,0.08162440264581611,4.709272133088431e-05,0.0006367223404370587,0.00017872014774668037,-1.8893157242524663,0.7353338134725004,1.4266870383767127,0.9996779048490412,0.024272376321443592,0.007398096049853044,-0.0004543998006545641,0.9998901233913167,0.0012676456241327901,0.014769367592054364,-0.0005493681385959164,0.9988212905370628,-0.04853584000019697,-0.014813485043901871,0.04852239322671586,0.9987122398450947,0.00015319929395891265,0.07433944319204373,1.4495564504202773e-05,0.0343096481508839,7.026853827925559e-07
346,0.865,20,0.2597929391926855,0.9583336507812824,-0.3544951163137564,0.0001258007776272605,0.0023032109741217464,5.713668967380516e-05,-0.16195239769891884,-0.003504477861668856,0.08366805752646515,5.412785667863583e-05,0.000654968874952446,0.00022382906699040543,-1.5638777505837438,0.8829770837396052,1.0218274403245196,0.9996818200478677,0.02411300101374222,0.00739473359801297,-0.00037384877759148076,0.9998903563042119,0.0011040780903011247,0.014766732252155346,-0.00039084121532016313,0.9988368468384056,-0.04821618650470026,-0.014802790715967545,0.04820512845623534,0.9987277621942514,0.00015268573910925633,0.07419406394452568,1.5215313387474234e-05,0.034315913544846435,7.473552313963123e-07
347,0.8675,20,0.25095822819375324,0.969760562352129,-0.4667880329425588,0.00015694152175541317,0.002355323304064961,0.00021281375401833565,-0.1644858921398638,-0.0014704679430087388,0.0847013794531036,5.9468832404518897e-05,0.0006718038799895342,0.0002623037096226013,-1.266747220472474,1.0170049593300587,0.516660963319228,0.9996857658006305,0.023950482358119782,0.007393184890450945,-0.00029132043543492593,0.999890511899159,0.0009365984737604003,0.01476776886793332,-0.00022831709660414793,0.9988525790544346,-0.047890220166626,-0.014795677927731097,0.04788160502325986,0.998743430423978,0.00015213288429898717,0.07404394104583381,1.5948093791985528e-05,0.03432240151407591,7.915927222267551e-07
348,0.87,20,0.24075854078637032,0.9822001057650052,-0.5712461174747225,5.937831640626741e-05,0.0025977047474726738,7.752994297684634e-05,-0.16642507819059585,0.0008368013433929332,0.08466607631732948,6.284415161021076e-05,0.0006974613800836325,0.0003005142905525216,-0.9695930253660053,1.1536346432008362,-0.017651567887065275,0.9996897237662188,0.02378542194338972,0.007393693754399849,-0.00020782652004727378,0.9998905802016075,0.0007672483241719187,0.014772912850955302,-6.379982149749591e-05,0.998868421022225,-0.047559156995787,-0.014792685816836706,0.047553010573213914,0.9987591739912821,0.00015154993429462765,0.07389045357733122,1.668849887657467e-05,0.0343291053053821,8.348738982075072e-07
349,0.8725,20,0.2318522333983181,0.987229491728644,-0.6694976121442362,0.00012874126886036817,0.003109699902079976,0.00034488611187473244,-0.16772532925461686,0.0034300541225195436,0.08383439347822748,6.160506824350556e-05,0.0007206906327394797,0.0003505491775121267,-0.6501255320105308,1.2966263895633057,-0.4158414195510062,0.9996936762483939,0.023618421891958646,0.007396508075731157,-0.00012443709498814097,0.9998905523673901,0.0005981856504205258,0.014782606683640348,0.00010058974261906487,0.9988843093254857,-0.04722421481667137,-0.014794362714874108,0.04722053321675937,0.9987749236312382,0.0001509381733197216,0.07373475594664988,1.7432246793265733e-05,0.0343360075120523,8.766995625508205e-07
350,0.875,20,0.22556607685990326,0.9873497758403976,-0.7584738251157928,0.0001225654985431744,0.0030017644211880077,0.0005855677546671468,-0.16839444530214362,0.00625249739291152,0.08241186422231564,5.941607377019305e-05,0.0007408478945584377,0.00039011490373195304,-0.33455802376334703,1.4112216351959876,-0.7112646279559139,0.9996976051436676,0.023450126991923816,0.007401895316773512,-4.194994523287754e-05,0.9998904203718433,0.00043102528988896144,0.014797346580319188,0.00026327625074809867,0.9989001795685295,-0.04688669260648855,-0.014801281506491248,0.04688545057007591,0.9987906069795643,0.00015030250033903415,0.07357778962424517,1.81747806955311e-05,0.03434308350760031,9.166359782737289e-07
351,0.8775,20,0.4132358630240633,0.9206402626890101,0.41227473626185757,0.0013419413030985963,0.002423588610404397,0.0012406553818871174,-0.1736609572728657,0.005257470692159647,0.08353474951203248,4.548801587342152e-05,0.0007331352542106223,0.0004074062238050675,-2.6332559853610844,-0.4975133503759368,0.5614426448584205,0.9997014936037747,0.023281172792765627,0.007410071210363813,3.904398550521565e-05,0.999890178640449,0.0002669656352587393,0.0148175364929682,0.00042309495776197216,0.9989159709379212,-0.046547867790124854,-0.014813900533875938,0.04654902506497658,0.9988061556761014,0.00014965438363027722,0.07342032388140597,1.891336924623023e-05,0.03435030185765198,9.54486644973181e-07
352,0.88,20,0.36478237564910515,0.9460171232238762,0.16426589432207414,0.0012326956894223085,0.0018497122661015305,0.0009728238455185758,-0.17870366323590647,0.005241911669774666,0.084721720594406,3.203057875408395e-05,0.0007251903279892442,0.000391206992908725,-2.5213529815203706,-0.007779511192489423,0.5934855411867671,0.9997054758404925,0.02310694444310861,0.007417278275999576,0.00012114460064628072,0.9998899386139243,0.0001005634328160042,0.01483578597981244,0.0005849991153543902,0.9989321088849776,-0.04619848065300618,-0.014824588853585577,0.046202074905864685,0.998822106202959,0.00014904228553891218,0.07323390862768477,1.969626208747288e-05,0.03435743587157712,9.976199503268075e-07
353,0.8825,20,0.32915664797966826,0.9708845159303932,-0.051380713228566674,0.0005095608333730365,0.0018227937606296177,0.0001418924664161493,-0.18349248996969686,0.00608193856740844,0.08574394823505002,1.8942315621844418e-05,0.0007151893631938997,0.00036640341960500293,-2.3944133668951997,0.42001344881688674,0.5111138203220132,0.9997095364297521,0.02292766518443038,0.007424497516418,0.00020439478820358098,0.9998896701187985,-6.821805148918503e-05,0.014854054531262918,0.0007491236243654523,0.9989485607839225,-0.04583897600869215,-0.01483530935018542,0.0458450461230817,0.9988383980116388,0.00014848525787160502,0.07302469434276873,2.0515544152542533e-05,0.034364602963625625,1.0524451628723838e-06
354,0.885,20,0.30750910873834264,0.9931438004284591,-0.23891465191655623,0.0005562315173552037,0.0019565945530400017,0.00021381316690062514,-0.18795822306584334,0.007645125622942349,0.08645171228431422,1.4242587498851883e-05,0.0007047577586546967,0.0003413661026735623,-2.232866548073246,0.7815935277669539,0.3538820246320965,0.9997136602821463,0.022743590152361496,0.007432580663553133,0.0002886120836057391,0.9998893468954899,-0.0002389717482338614,0.01487403299089111,0.0009151460217787394,0.9989652916200932,-0.04546986525316482,-0.014847776691120916,0.04547844578353233,0.9988549717033224,0.00014799108869738826,0.0727979216549267,2.136363539426027e-05,0.03437189944149531,1.1231145121673079e-06
355,0.8875,20,0.28862955202508933,1.0122741801155433,-0.4055410362894989,0.0006236527529398003,0.002247725653943197,0.00042065377765281074,-0.19206004897095202,0.009848684692144952,0.08679702816138538,3.138800153304506e-05,0.0006954422333799963,0.0003164029990767349,-2.050912952554336,1.101779534601302,0.17265793853557704,0.99971783193082,0.022555044901894906,0.007442243648915594,0.0003734681841090705,0.9998889470619713,-0.00041100532728105375,0.014897134554113643,0.0010824458859695874,0.998982260941978,-0.04509180229440682,-0.014863440187465608,0.045102920059291854,0.9988717659178874,0.0001475628377720639,0.07255804308466768,2.2232528618570446e-05,0.03437939663791085,1.2051982776124854e-06
356,0.89,20,0.27067448071314987,1.0330034218532615,-0.5559491446139031,0.00043353220175034146,0.0024618150015788425,0.00016399372790859435,-0.19578166585683773,0.012690691690452841,0.08661024669563151,5.6723184901217125e-05,0.000690166162933636,0.0002910316904534833,-1.8608084429428415,1.4210034991539442,-0.09339073287694052,0.9997220358907318,0.022362396251232763,0.007454118612179954,0.00045858925939056347,0.9998884516232135,-0.0005835396678525993,0.014924603578949184,0.0012503074842896288,0.998999425859588,-0.04470552385788784,-0.01488358296000898,0.044719197372822914,0.9988887186992368,0.000147211141401552,0.07230883815577019,2.311485778364964e-05,0.03438714677358098,1.305080795152718e-06
357,0.8925,20,0.2539890723585345,1.053355291154174,-0.6925339454417362,4.890087018861668e-05,0.0022656798729546006,0.00010527507557783575,-0.19908607370179318,0.01615284163553305,0.0857627734114341,8.304034423717828e-05,0.0006854533829622129,0.00025623435818424495,-1.6522039224777363,1.731074972540106,-0.42373664209869155,0.9997262567326498,0.02216602870430521,0.007468832047237177,0.0005434322903721237,0.9998878424583919,-0.0007554583677893595,0.014957666480993021,0.0014176757499761352,0.9990167437056514,-0.04431180419735536,-0.014909483538004083,0.044328039415378696,0.9989057674386601,0.0001469397588099336,0.07205349691048535,2.4005181948610253e-05,0.03439519207197305,1.4174498237056335e-06
358,0.895,20,0.24165246058283257,1.0698953689661916,-0.8137016970956203,0.0002744956117034509,0.0026654360766482444,0.0001289226760754829,-0.20195743697228905,0.020143228823761926,0.08429866732601947,0.00011225670804833318,0.0006781978984678202,0.00023414553963971605,-1.4356816352479147,1.9951935941144385,-0.7320530427073236,0.9997304788124141,0.021966364837255208,0.007486989423792031,0.0006273266343277421,0.9998871029013238,-0.0009253912305851338,0.014997503214465717,0.0015832389954478815,0.9990341705542609,-0.0439114952972817,-0.014942382871578634,0.0439302824487876,0.9989228476104093,0.00014675324839252024,0.0717946922711009,2.4898735680422226e-05,0.0344035448937067,1.5378199369735185e-06
359,0.8975,20,0.23336952193659627,1.0748233508899239,-0.9206328221484483,0.000699727634102865,0.003878746582913304,0.00017856782716586477,-0.20433703432113445,0.02455121173215548,0.0825743420355329,0.0001488445350207943,0.0006694872116721542,0.00025560485659965545,-1.189798674422726,2.203991454196773,-0.8621626452432796,0.9997346872448165,0.021763842807046005,0.007509105497477337,0.000709648086738395,0.9998862194684415,-0.00109206563276134,0.015045115810833868,0.0017457735994358269,0.9990516630917263,-0.04350547951919617,-0.014983337133201486,0.04352679480859378,0.9989398969617959,0.00014665036399733625,0.071534642488543,2.5791105579011995e-05,0.03441219432904542,1.6625931390729951e-06
360,0.9,20,0.22609341496673624,1.08026486987475,-1.0082710370348094,0.0005885224473515458,0.0032888201274008065,0.00019839577694498247,-0.20623588458588232,0.029275297108687065,0.08049369999072689,0.00018227465879175643,0.0006582066868255492,0.0002538546097496133,-0.9494251323739082,2.3620426882657988,-1.0403210224030173,0.9997388668626516,0.021558956871219382,0.0075355925103263634,0.0007901318399749054,0.9998851810743875,-0.001254931992878808,0.015101318271345917,0.0019047700485956473,0.9990691741406007,-0.043094746003196314,-0.015033180598303532,0.04311856244949825,0.9989568524482865,0.00014662272633364577,0.0712751478866481,2.667726805758078e-05,0.03442111524730936,1.7886845312132185e-06
361,0.9025,20,0.41989329933552105,0.9008895354625253,0.3245980352207236,0.0014798028510625675,0.0013705802092147952,0.003015256543003395,-0.2100823204244741,0.026289866820650837,0.07955447403771232,0.00016547776843746576,0.0006592830373269438,0.0002823705123044565,-1.9232179192959045,-1.4927151440181197,-0.469612976507279,0.9997430039478906,0.02135219101234258,0.007566759155864072,0.0008684193097272517,0.9998839800075593,-0.0014132584851053488,0.01516671436722771,0.002059526032466956,0.9990866595737499,-0.04268026492757103,-0.015092543747307298,0.042706549406623065,0.9989736561896991,0.00014667681248723677,0.07101767484267335,2.7556592896779092e-05,0.03443027180595204,1.9142494326061215e-06
362,0.905,20,0.3621062783157612,0.9478335107908986,0.016420226617902767,0.0012025477298690424,0.001650043320265022,0.0029716829584738357,-0.21442366717439348,0.02478523318275628,0.07945126928018499,0.00015537794294932116,0.0006588611215770096,0.00030512021597830927,-2.1706733749597014,-0.7523168189472798,-0.05160237876366756,0.9997471960712673,0.021141583108028213,0.00759492390795137,0.0009458023883493878,0.9998828451773493,-0.001569989141581408,0.015225999282292148,0.0022122640015778254,0.9991042778430571,-0.042258110271174806,-0.015146016243103907,0.042286843459860696,0.9989907011890375,0.00014669888557953804,0.07071903565860638,2.8515406562166014e-05,0.03443944152606297,2.045294704293594e-06
363,0.9075,20,0.3135899762175179,0.9871241294119433,-0.25188196520364975,0.0007275500024750397,0.0021701868809325467,0.0027710423914679093,-0.2190799061194443,0.024594848958014875,0.07997410425980164,0.00014883754463312356,0.0006564630499621213,0.0003384439726981562,-2.328119472525396,-0.09519211237070035,0.26141748980833646,0.9997514394878684,0.02092663319183717,0.0076215858129871335,0.001023081074322048,0.9998817294696213,-0.001726665292235541,0.015282202060164101,0.0023646418148295083,0.9991220586567393,-0.041827268313944455,-0.015196563490692708,0.04185845831475081,0.9990079749058991,0.00014670530782901059,0.07038869083584043,2.953679494045897e-05,0.03444874911760938,2.1779701155728978e-06
364,0.91,20,0.2834435990363908,1.0260623736980263,-0.48155144533986965,0.0007342594787507778,0.002383776299213109,0.0027210373161090096,-0.22385929944448013,0.02552468973268137,0.08060278487485131,0.00014740035776037946,0.000653493876220212,0.00036685479701681215,-2.3896966625179337,0.464920387333249,0.31434030752481606,0.9997557273240416,0.020707022868961134,0.007648072565637778,0.0011008509035450214,0.9998805902266378,-0.0018844263644576908,0.015337999390642537,0.0025179016185382336,0.999140014662385,-0.04138709064295908,-0.015246818011302444,0.04142076819333613,0.9990254523798702,0.0001466986815450273,0.07003468703892804,3.0606453479046175e-05,0.034458275108402145,2.309333129333104e-06
365,0.9125,20,0.25763354828705687,1.0624693721488778,-0.6796815153444082,0.000572163399034368,0.002818793318857483,0.0029383534242845297,-0.22866435491118026,0.027522568226183607,0.08113193491098236,0.0001514717877720938,0.0006598294354418304,0.0003975629978937671,-2.402527733350019,0.9989392467511168,0.26457501806553263,0.9997600502094071,0.0204826293600549,0.007675506676185196,0.0011791933880083,0.999879392200435,-0.002043391764805701,0.015395635842151905,0.0026722499984014143,0.9991581427949046,-0.04093732730141399,-0.015299023917710299,0.040973530928302665,0.9990430969835249,0.00014669190858894403,0.06966384001206957,3.171156556555892e-05,0.03446806470705839,2.4371059629995312e-06
366,0.915,20,0.2389985984527226,1.0948409561311565,-0.8612568459378505,0.0005200805869095215,0.002868805729268023,0.002733451281868979,-0.23341268634740442,0.030576562166299677,0.08144664863212514,0.00015968123157566859,0.0006637790867614382,0.0004199587048860014,-2.374165718112091,1.5269969700580333,0.15735686057139942,0.9997643971269646,0.020253429034619148,0.007704954143257656,0.0012579870218337949,0.9998781023006064,-0.0022032777890434916,0.015457234769596163,0.0028274847568653468,0.999176432161985,-0.04047792907246746,-0.015355320566103432,0.04051670000173163,0.9990608645879799,0.00014669384154553455,0.06928191161774945,3.2841652265964927e-05,0.03447813596744466,2.5594555849536647e-06
367,0.9175,20,0.22193274817360575,1.1228178331544216,-1.0181377201805322,0.0005597479859289547,0.002947245431408384,0.002498312714704654,-0.23803947247184673,0.03451403523915887,0.08147379664779941,0.00017177800389164813,0.0006647759756744355,0.0004361190409179624,-2.313393062221171,1.9687365364295988,0.013574007837122495,0.9997687554642855,0.02001948167163302,0.007737466679073718,0.0013369967776428466,0.9998766880980136,-0.0023635750641543226,0.015524886829337925,0.0029831753536206725,0.9991948655864314,-0.04000901461574315,-0.015417822899397712,0.040050394487811315,0.9990787039259788,0.0001467178353330513,0.06889372303679682,3.398775022202216e-05,0.03448847592678926,2.6751301184687995e-06
368,0.92,20,0.20454797342936848,1.1459936923903808,-1.153146999589135,0.0009127823557537733,0.002805645993819903,0.002309082216872861,-0.24249867050938567,0.039170435292152514,0.08120019531107701,0.00018807332120969299,0.0006622297710296227,0.00043713668561740467,-2.2295990187694446,2.328200026496823,-0.1368006683611936,0.9997731126693968,0.01978091237240507,0.007773921954170847,0.0014159189635811207,0.999875122621878,-0.0025236448810835076,0.015600332637430745,0.003138745956944986,0.9992134213584076,-0.039530834180967374,-0.015488299961650645,0.03957486315503262,0.9990965632863313,0.00014677548184604,0.06850327246313956,3.514237865336678e-05,0.03449905340402219,2.7833510854931005e-06
369,0.9225,20,0.18691437017929965,1.1650645536019675,-1.268501837513401,0.000934438032349641,0.002882143645642549,0.0020535054101276625,-0.24675698953981812,0.04439510583862459,0.08061680395897391,0.00020765790780486972,0.0006570904947146276,0.0004338774085093253,-2.1291595152162404,2.6123352732360368,-0.2916956760515391,0.9997774565729884,0.019537892302822758,0.007815032928609272,0.0014944407430484712,0.9998733838143805,-0.002682837786763732,0.015684983933379526,0.003293594873572458,0.9992320748224577,-0.03904373033939265,-0.015568191044217,0.03909044675385977,0.9991143920493761,0.00014688227866012157,0.0681138359291274,3.629898853381841e-05,0.03450982416962761,2.88367197168138e-06
370,0.925,20,0.17240444917810288,1.18274558502018,-1.3655696575286485,0.0009486380479423794,0.002948756113968003,0.0017931511272997276,-0.25078526567013704,0.050058199698829686,0.0796220406771895,0.00023023565589739192,0.0006494334827572494,0.00042683379741691104,-2.014138065159446,2.8315469301025518,-0.4973816408922141,0.9997817755849645,0.019290625899018397,0.007861361843259258,0.0015722438008150652,0.9998714540788003,-0.0028405002169124144,0.01577995173830641,0.003447102578412942,0.9992507996037099,-0.03854811247208378,-0.015658633470372114,0.038597552381779886,0.9991321414847869,0.00014704657040364612,0.06772805435019064,3.745263747659583e-05,0.034520735453725845,2.975967064288333e-06
371,0.9275,20,0.3538288897326141,0.8018608597340894,0.05428902670942888,0.0020356540693624685,0.0018118197763843614,0.005057307154702834,-0.25136797419418594,0.04525315065871864,0.07824277742140723,0.00022849212344939465,0.0006312241003569905,0.0004362452315284843,-0.29135426202448617,-2.4025245200555263,-0.689631627891144,0.9997860588153701,0.019039347469947485,0.00791333923882868,0.0016489112891461737,0.9998693203073035,-0.0029957874073919906,0.015886080889277437,0.003598446669054506,0.9992695686789582,-0.03804445154997887,-0.015760504109352747,0.038096645127601865,0.9991497646200196,0.0001472755328775368,0.06734800774329369,3.8599375223901484e-05,0.03453172994564807,3.060333939699295e-06
372,0.93,20,0.2900921212663645,0.9368329844924794,-0.3115255338366351,0.0019291994575264123,0.0021063102423922045,0.0050413629532687475,-0.25373228287162686,0.04239084117509399,0.0762948269696976,0.00023390919272478296,0.0006124607971977392,0.00044409973419957504,-1.1821543387204656,-1.4311547418123216,-0.9739752258548136,0.9997903218757669,0.01878748859426776,0.007960489404371017,0.0017242866100735824,0.9998673148882584,-0.003148734922004264,0.01598243055780947,0.0037469653375619034,0.9992881142160132,-0.03753964620722135,-0.01585285049772945,0.037594550868379706,0.9991673217615263,0.00014751556085683485,0.06691418030746658,3.981910713778519e-05,0.034543108596427376,3.145755342704798e-06
373,0.9325,20,0.2253371180581464,1.0420725696147755,-0.6279699951119548,0.001765285470532229,0.003158929592672863,0.0048383972015798695,-0.2573848734179155,0.041307721235578125,0.07406533358845642,0.00024345980892215093,0.0005939521986798891,0.000488757972737671,-1.8262952731442965,-0.5415599697579383,-1.1147466906205883,0.9997945838288972,0.01853327524767374,0.008004745635801301,0.0017977492324050635,0.999865384290007,-0.003298051582970438,0.0160728390259052,0.003891468199594121,0.9993065716125827,-0.03703015537582402,-0.015939566300503374,0.03708771747711345,0.9991848835118001,0.00014778050548248448,0.06643986467263055,4.109413866922969e-05,0.03455484273684789,3.2305059992950843e-06
374,0.935,20,0.18356586852264178,1.1198785300405774,-0.8965562353634962,0.0012695801065553398,0.002493179829055148,0.004814407588859176,-0.26193104156500285,0.04181176375777888,0.07193242353939636,0.00025685591175421456,0.0005793059558609995,0.000489754268165154,-2.273084073543674,0.2520212611003799,-1.0664550245300275,0.9997988534538831,0.01827542455126523,0.00804788343366193,0.0018689735177443258,0.9998634770204563,-0.0034430381873743632,0.01616084182843509,0.004031352133331427,0.999325031590922,-0.03651341446345303,-0.016024216690387696,0.03657357958749866,0.9992024808594184,0.00014806460973473,0.06593627231384724,4.2409458890983786e-05,0.03456690246153253,3.313270015157012e-06
375,0.9375,20,0.15941406330301866,1.1707836241023628,-1.1272800146094997,0.000891499570474271,0.0024467012672233722,0.00459624409964554,-0.2671189873324913,0.04379021498818075,0.07046464207600114,0.0002761348683383837,0.0005650400504450937,0.00047939511509056607,-2.593972883744223,0.9892256152009414,-0.7338907316976055,0.999803131629127,0.018013045238459816,0.008091493480505974,0.001938019371143731,0.999861543628344,-0.003583770796632714,0.01624962030394392,0.004166780549076941,0.9993435485643085,-0.03598763513696512,-0.016109981781522228,0.036050361021391926,0.9992201158689843,0.0001483912700058175,0.06541279256123099,4.375498263948716e-05,0.03457925435279195,3.3934325084861022e-06
376,0.94,20,0.1394431022391683,1.2085740303437338,-1.3230013482756324,0.0015770854539738724,0.002225356862120065,0.00440464194386487,-0.2727974285910154,0.04704269433333887,0.06970531780986956,0.0003023901197489202,0.0005466933447302561,0.000448621204410901,-2.8392206292620665,1.6262396725790578,-0.37966213306578594,0.9998074132292825,0.017745493242191723,0.00813706403266396,0.0020055199551683037,0.9998595321572755,-0.003721475007507217,0.016342171765180616,0.0042990598667188955,0.9993621507186015,-0.03545151330131886,-0.016199816001934535,0.03551678947849482,0.9992377713170393,0.00014877509975727088,0.06487725251872084,4.511969905809437e-05,0.03459185429027194,3.470102415580283e-06
377,0.9425,20,0.11341635653550511,1.2366890341815449,-1.4873374500827254,0.001572799289170043,0.0024490970830278336,0.004053955141612388,-0.27885485356625095,0.051329185170176664,0.06965377143790522,0.000333926926042282,0.0005260881732909299,0.00041847678514698414,-3.0287124876177822,2.143245418418896,-0.025773185982178037,0.9998116908110801,0.01747227511358146,0.008185883220635277,0.00207215726781771,0.9998573949603111,-0.0038574821157694064,0.01644109409093465,0.004429586130483765,0.9993808515332255,-0.03490404497243418,-0.016296272883486975,0.03497189472207076,0.9992554218365068,0.00014923493537104916,0.06433615530548471,4.6494087526210725e-05,0.03460464417597945,3.5428864697893758e-06
378,0.945,20,0.09184079219278593,1.2628571382048845,-1.6220527070406774,0.0015600430950361728,0.0026278435206550195,0.0037058382422053195,-0.2851811992619705,0.05645178994191156,0.07001981177026602,0.00037013872380721935,0.0005031861491621653,0.00038825718493795257,-3.1631728478597485,2.5613023858674415,0.18302016618039413,0.9998159558996798,0.017193008490531354,0.008238998657056115,0.0021386183818511858,0.9998550904250917,-0.003993143215781854,0.016548503203915824,0.0045597559112388235,0.9993996535409226,-0.03434444828955178,-0.01640142606792713,0.03441492858545588,0.9992730387203471,0.00014977882694000046,0.06379483922790422,4.787134593266875e-05,0.034617561236958534,3.6120426386067045e-06
379,0.9475,20,0.07445827171448857,1.2870791558854937,-1.7305564704790115,0.0015398488054407032,0.0027701203739001375,0.0033651529912005077,-0.2916838301902556,0.06222720772820341,0.07056300185827574,0.0004104562986331771,0.00047798516849269766,0.0003575151338715621,-3.2513154641425737,2.8877088931459225,0.27159504400486345,0.9998201994568232,0.016907423073835283,0.008297254523724205,0.0022053050784882123,0.9998525843937587,-0.004129246741706662,0.01666609739764568,0.004690387512042257,0.9994185513490262,-0.033772170264888414,-0.016516953293770172,0.03384536217504313,0.9992905892247418,0.0001504138550790285,0.06325760635461487,4.924612347363321e-05,0.0346305432153359,3.6778564987777316e-06
380,0.95,20,0.06100742909207872,1.3093843550478454,-1.8159275636806058,0.0015132442095812464,0.0028826681935711605,0.0030358608309754695,-0.2982852117545363,0.06848735782524289,0.07108589390463085,0.000454345132842727,0.000450516270103303,0.0003259899456786316,-3.300690782140329,3.1300750485197484,0.26144602317756216,0.9998244121838182,0.016615342831005245,0.008361307262132519,0.002272383057198191,0.9998498496322191,-0.004266116135487886,0.016795191083977305,0.004821820082190709,0.9994375333156991,-0.03318685057256788,-0.01664416538982244,0.033262850944401866,0.9993080378469528,0.00015114610609070217,0.06272785327341199,5.0614315574219534e-05,0.034643529980924584,3.7406239542606372e-06
381,0.9525,20,0.18968770456735856,0.8287174165071673,-0.09259739582378135,0.0032341101427715425,0.004582178330292835,0.0007301021423770372,-0.2969398191532516,0.061913242853270656,0.06885930893322005,0.00047529197284675387,0.00045592215598722156,0.0003753113094016344,0.6726963006423313,-3.2870574859861215,-1.1132924857053959,0.9998285847587749,0.016316670581546452,0.008431641724619864,0.0023398244007402248,0.9998468652792027,-0.004403693997387806,0.016936749113370515,0.004953999279316784,0.999456582965814,-0.03258829018895432,-0.016784036537508346,0.03266720443313658,0.9993253473579219,0.00015198066515636647,0.06220818919489195,5.1972878345195306e-05,0.03465646474836527,3.8006396666075007e-06
382,0.955,20,0.10796850529641841,1.082918444096587,-0.5339344598093549,0.0027961468553185575,0.005599655744281092,0.00029206318496794456,-0.29912357624118574,0.05749097668627985,0.06372345174567215,0.0005128650551684999,0.00044979148293827406,0.0004403395064516068,-1.0918785439670224,-2.2111330834954,-2.5679285937739538,0.9998326982227187,0.016019346781026123,0.008495369813668323,0.002405158023138873,0.9998440878132255,-0.00453733072169749,0.017064955167271325,0.005081691822010347,0.9994751914871859,-0.031992468017943795,-0.01691083892552801,0.032074198845411295,0.9993424184408765,0.00015285267734374352,0.06161967270155274,5.3434011615618796e-05,0.03467597609844215,3.99533602978969e-06
383,0.9575,20,0.046120143017592104,1.2594178780916983,-0.8963483429521887,0.0016065673177525276,0.0061106018758347305,0.0005526637764434426,-0.303943290487043,0.05495930467688283,0.057461465908691924,0.0005792864859574285,0.00043400872551640736,0.0005129432962209358,-2.409857122928634,-1.2658360046985189,-3.1309929184901195,0.9998367997885664,0.015719871342024603,0.00855460071163958,0.002465408731404897,0.999841481132903,-0.00466105830721859,0.017183921014115797,0.005198967197496055,0.9994936148095546,-0.03139243053681943,-0.017028897381863042,0.03147679288597207,0.9993594089033092,0.00015379131885272907,0.060980415698766666,5.496624923630573e-05,0.03470123660767695,4.302810730516195e-06
384,0.96,20,0.007100987960753038,1.39270649960342,-1.196433315177832,0.0015967708748703283,0.005877217956204489,0.00018891454598404792,-0.310767313222818,0.05423548636962065,0.0512677258894659,0.0006344652128742262,0.0004127788557391596,0.0005557095576930541,-3.4120113678875144,-0.3619091536310742,-3.0968700096130126,0.9998409164628801,0.015415622616531219,0.008611212795761401,0.0025193967926897464,0.9998389993079742,-0.004772497582812909,0.01729736192749673,0.005303486409733319,0.9995120224382914,-0.030782950365719333,-0.01714200964678711,0.03086973061331457,0.9993764111870617,0.00015485258568920747,0.06030550595433572,5.6537909806950715e-05,0.03473160230165094,4.699571401559873e-06
385,0.9625,20,-0.019516860551921197,1.4834886522036763,-1.4469495438669977,0.0015490263940932862,0.006414011447090498,0.00040861731952913374,-0.31932848221787785,0.05495519945583569,0.04606148177348953,0.000699984976062055,0.000383558723143465,0.0006144200371813128,-4.280584497529913,0.35985654310751447,-2.603122057988187,0.9998450597725945,0.015104600701445535,0.008667021202635444,0.002567144222660528,0.9998365850280263,-0.004871669148428231,0.017408908041651378,0.005395316726575314,0.9995305216163799,-0.030160021795539924,-0.017253805287946136,0.03024901976917201,0.9993934675622459,0.00015602292707117142,0.059607427325204,5.814069994123615e-05,0.034766547799249446,5.176691589450026e-06
386,0.965,20,-0.046252633289356554,1.5246659395627857,-1.6510120807188826,0.0017619609019889429,0.006280718894990755,0.00043727567320534666,-0.3291884291476609,0.05684511185065978,0.0429883257559129,0.0007706584658634117,0.0003454654432908837,0.0006709273968717849,-4.929973464891559,0.9449561974120455,-1.5365780087883116,0.9998492349276076,0.01478506403252981,0.008723490107216902,0.002609600847112238,0.9998341814075361,-0.004960460101258531,0.01752151605044654,0.0054763695405479,0.9995491837299455,-0.029520140268214097,-0.01736718358795095,0.029611199576908373,0.9994106052038065,0.0001573195848892416,0.05889658303658152,5.9757319394158064e-05,0.03480553917243647,5.719255993457942e-06
387,0.9675,20,-0.06582651261557015,1.5514486256272346,-1.8184858244081916,0.0015772337524842673,0.006059120725822695,0.000506074819302551,-0.3400832596898321,0.059735816058737845,0.041767421047105686,0.0008453693781682311,0.0003009851449446771,0.000711461711372194,-5.447415271085622,1.445352104039028,-0.6104523544036079,0.9998534371487647,0.014455698780875019,0.008781826665231578,0.0026488705101889724,0.9998317260108841,-0.0050430696863120045,0.017637661699762604,0.005550859450385781,0.9995680325155537,-0.028860636381531943,-0.017484496602943263,0.02895368406824844,0.9994278245863569,0.0001587540455492544,0.058181447975617494,6.137619464447284e-05,0.03484810333333158,6.315731092546192e-06
388,0.97,20,-0.09683818740085978,1.5800134305248332,-1.9452105390681091,0.001418817130537055,0.005865769029225138,0.0005703315834176872,-0.3516460915493576,0.06260343883844297,0.04145936543286262,0.0009229558564892521,0.000250939540698995,0.0007392930816651586,-5.7814159297627175,1.4338113898525646,-0.15402780712153472,0.9998576575333946,0.01411545679423968,0.00884306257368991,0.0026867816510967313,0.9998291628973542,-0.0051231506805632125,0.017759457961324873,0.005622446151313924,0.9995870701676985,-0.02817937637407967,-0.017607757360078427,0.028274413887129632,0.9994451082476156,0.000160338099817935,0.05746887193634607,6.298811371890639e-05,0.03489377484365409,6.955411561212469e-06
389,0.9725,20,-0.10698298906840228,1.6030902997967522,-2.048387218516498,0.0013520966714597443,0.0065375717979637895,0.0035356385076438226,-0.36384974363643136,0.06609713128774539,0.0420894480206871,0.0010321582523374268,0.00019889234985217855,0.0007418597982453403,-6.101826043536873,1.7468462246512104,0.31504129391223973,0.9998618914987444,0.013763662125781994,0.008907190388783568,0.0027242416960808194,0.9998264809331185,-0.0052025397922837715,0.017886911544644796,0.005692922028288691,0.9996062802241373,-0.02747499181516392,-0.0177369293756295,0.027572053172972136,0.9994624471285306,0.00016207976759757803,0.05676380963909498,6.458632436073466e-05,0.03494213301703654,7.628873218291245e-06
390,0.975,20,-0.11317891948570599,1.6271963123170454,-2.1085939975283976,0.0010917119328860546,0.006171317437937667,0.003564339896439927,-0.37663686458582385,0.07004115553080471,0.04335403974203375,0.0011434669837626045,0.00013967266928673896,0.0007259775007907789,-6.393560474696225,1.9720121215296635,0.6322958606733268,0.9998661267129947,0.013399667418385781,0.008974851346112422,0.00276217456828115,0.999823644869939,-0.0052830895274501065,0.01802132414765765,0.00576412962011954,0.999625638609462,-0.026746166909442738,-0.01787327526539169,0.026845327334012077,0.9994798019127836,0.00016404504591288458,0.05607053036171054,6.616057661492472e-05,0.03499278122591576,8.37934937355283e-06
391,0.9775,20,-0.13583840005998704,1.1916617197396389,-0.2927377143551723,0.002628065715131012,0.006719225959329111,0.00414999224851302,-0.3768407101677623,0.06151282954452558,0.038524281316947,0.0012025156178160888,0.00015212291899924438,0.0007810638103255219,-0.10192279096927215,-4.2641629931395695,-2.4148792125433727,0.9998703508235084,0.013022884805007936,0.009046506092429166,0.0028012038393237923,0.9998206279691404,-0.005366058117646662,0.018163625950558034,0.005837304544564693,0.9996451154568121,-0.025991710582237683,-0.018017706930898592,0.026093075012632,0.9994971303977502,0.00016623846002225974,0.05539224579978543,6.770680397387573e-05,0.035045549337474266,9.197066871459032e-06
392,0.98,20,-0.2220691175045803,1.6048105428097774,-0.8230082476309413,0.0025948259163129806,0.006392773757885222,0.004680217378889323,-0.3833197316640485,0.05436077036610491,0.02589381769761893,0.0012775093777011913,0.00014560874412225728,0.0007923730408888504,-3.2395107481430494,-3.5760295892103278,-6.315231809664035,0.9998745201275266,0.01264591922429998,0.009109587961278356,0.0028355129865276314,0.999817950546558,-0.005439916146389407,0.018288605119059546,0.005900712600489334,0.9996640811861515,-0.025237004122004573,-0.018145174446311217,0.025340325541869053,0.9995141922682964,0.00016856124890305085,0.05463118894508351,6.927876661691496e-05,0.03511903491898636,1.0141846067424242e-05
393,0.9825,20,-0.26074983889143866,1.8366452892555951,-1.249544071170861,0.0017953482550570766,0.0069595795428229,0.004872550732888321,-0.39459675717529913,0.04857023075691323,0.012020459090334178,0.0013651694094220903,0.00012598072656715863,0.0008245127814374262,-5.638512755625331,-2.8952698045958436,-6.936679303642379,0.9998787233730619,0.01226256872977595,0.009165381784460542,0.002857224308406044,0.9998156640919931,-0.005488973339625862,0.018398614294662677,0.005938537835892198,0.9996829313547979,-0.024469788030344847,-0.018258466656829814,0.024574538236866377,0.9995312503697852,0.0001710475607788765,0.05381096878106193,7.085674322558413e-05,0.035210415134044125,1.1193155992900796e-05
394,0.985,20,-0.26802087537604813,1.966152232298537,-1.5908639397367181,0.001244072546757717,0.006873916523447673,0.004847073028851059,-0.4096149136831405,0.04402338583324769,0.00017272361574769516,0.0014605636264375123,9.253607488959799e-05,0.000853558147200536,-7.5090782539207455,-2.2734224618327716,-5.923867737293241,0.9998830032571141,0.011868050768169477,0.009215246336929748,0.002865031142599213,0.9998137416630033,-0.005510657863838784,0.018496341036352382,0.0059481259093102645,0.9997018819350322,-0.02368052055428634,-0.018360331696141364,0.02378612842525445,0.9995484572118277,0.00017371959739543365,0.052950883576914444,7.242825850689968e-05,0.03531739003231781,1.2333042166736976e-05
395,0.9875,20,-0.27111387734365794,2.0407484797861795,-1.8539807598334708,0.0007109977998414652,0.005816665104537882,0.0047032925682729465,-0.42753796248230785,0.04039567207419163,-0.008348631106334714,0.001558280874608693,4.806609281890412e-05,0.0008344138852106296,-8.96152439958365,-1.813856879528031,-4.260677361041205,0.9998873733114674,0.011458609860790411,0.009260462481427634,0.00286090667142522,0.9998121180952949,-0.0055089448605509,0.018584403039200132,0.005933392967371566,0.9997210309461512,-0.022861651993226005,-0.018453274985616153,0.022967625268800404,0.9995658881893765,0.00017659178459671952,0.05206665060625994,7.398614121956534e-05,0.03543800966771846,1.3546343598175001e-05
396,0.99,20,-0.28946272775155873,2.0537665126283837,-2.0589794255440417,0.0009725308940364886,0.005150838585025197,0.004688637657283308,-0.4477182675646273,0.03740885118083494,-0.01185854538923875,0.001661177877758077,1.9017316055664033e-05,0.0007888531047183959,-10.090152541159718,-1.4934104466783418,-1.7549571414520184,0.9998918296708086,0.01103131373397095,0.009301999326336012,0.00284813682926923,0.9998107218502692,-0.005490430944897653,0.01866482363385538,0.005900884036585649,0.9997403964678089,-0.022007254212531514,-0.018539148870171596,0.02211322768000021,0.9995835658516711,0.00017966822170957744,0.051170927903316996,7.552841245014863e-05,0.03557062032396602,1.4820423779825703e-05
397,0.9925,20,-0.3047977899235124,2.0760196143301863,-2.219345130921941,0.000568062363902478,0.006208533431783513,0.004677084675094388,-0.46980345461577766,0.03492678551225425,-0.012146505752997357,0.0017716511179832195,7.619443305635042e-05,0.0008142891334416126,-11.04259352557518,-1.241032834290348,-0.14398018187930342,0.9998963532429406,0.010583860994613632,0.009340563219148612,0.002831702079037648,0.9998094706841694,-0.005465098719154655,0.01873913088248906,0.005860535610046134,0.9997599266995646,-0.021112628638914655,-0.018619249517758292,0.021218427408062835,0.9996014715303916,0.00018295554781393302,0.05027380545473999,7.705329163988712e-05,0.03571377817747521,1.6143445813932535e-05
398,0.995,20,-0.31105903039002236,2.1085409962932027,-2.3325254876720356,0.00043866943363263526,0.005308481105487099,0.004588812432365481,-0.4932410169453424,0.03288277551500922,-0.010856505289435131,0.0018850257853655816,0.00014778589982490314,0.0008072688808076817,-11.718781164782346,-1.0220049986225168,0.6450002317811138,0.999900922586842,0.010114318335967277,0.009376698925095,0.00281479872262809,0.9998083088508384,-0.005439361843566318,0.018808479352707748,0.00581871751504205,0.9997795549454996,-0.020173845430627738,-0.01869460027137841,0.020279419511255038,0.9996195561637337,0.00018646729560244555,0.04938325856626797,7.855985005801406e-05,0.03586616129445195,1.7504254590138285e-05
399,0.9975,20,-0.3094263607034276,2.12407676822178,-2.413137744471069,0.00038477040233496373,0.004513460953253929,0.004328874334818181,-0.5177519661455813,0.03109651555545321,-0.008252306028155089,0.0019942780324913425,0.0002253623541934583,0.0007821103238829275,-12.25547460011937,-0.8931299797780031,1.3020996306400205,0.9999055112991604,0.009621319878176977,0.009410863823105138,0.002798985435713412,0.9998072026452672,-0.005416352064087728,0.018873809074040144,0.00577853178877596,0.9997991917686649,-0.019188139802765944,-0.018766089337194713,0.01929350328587936,0.9996377316918096,0.00019020790428484825,0.04850529455624239,8.005006343162674e-05,0.036026618969613504,1.8894068471945655e-05
