bin_id,phase_center,bin_count,acc_H_x,acc_H_y,acc_H_z,acc_H_std_x,acc_H_std_y,acc_H_std_z,omega_H_x,omega_H_y,omega_H_z,omega_H_std_x,omega_H_std_y,omega_H_std_z,alpha_H_x,alpha_H_y,alpha_H_z,orientation_quat_w,orientation_quat_x,orientation_quat_y,orientation_quat_z,orientation_R_00,orientation_R_01,orientation_R_02,orientation_R_10,orientation_R_11,orientation_R_12,orientation_R_20,orientation_R_21,orientation_R_22,orientation_dispersion_rad,left_foot_z_mean,left_foot_z_std,right_foot_z_mean,right_foot_z_std,acc_H_raw_x,acc_H_raw_y,acc_H_raw_z,omega_H_raw_x,omega_H_raw_y,omega_H_raw_z
0,0.0,20,-0.3011558790950736,2.123858632613031,-2.465515999184124,0.0004666122999919759,0.00420634765741047,0.004386475247810272,-0.5526610941788273,0.01612596285150162,-0.04148873771582798,0.0021204075535653016,0.000350740643282432,0.0007494815639358702,-10.77808792108698,-2.8192006607881943,-3.8750608168107252,0.9999146019286321,0.008708004818230603,0.009355453954016065,0.002726716579567626,0.999810080996018,-0.005290032770244515,0.01875679855480889,0.005615902122677741,0.9998334713375607,-0.017363503000015733,-0.01866182151035759,0.01746554168563892,0.9996732922667999,0.0002749581839448848,0.047645520465020984,8.277449799257584e-05,0.036193858132293456,2.0562153374415145e-05,-0.3011558790950736,2.123858632613031,-2.465515999184124,-0.5430673028524184,0.02933694385706224,-0.004320594894312383
1,0.0025,20,-0.6021353987714367,1.6205236359144313,-1.3972021108282733,0.0049840653272693975,0.0027326039912789826,0.013510821550031783,-0.5745040515867456,0.01031619559378173,-0.04950454580293084,0.002228019728876118,0.00030954850087771846,0.0007014534725911799,-10.921567173322657,-2.9005588789589116,-4.00801243377718,0.9999191975982834,0.008155876661027952,0.009372941185016017,0.002688479837646505,0.9998098400994097,-0.005223636099525193,0.01878822147763725,0.0055294143085494315,0.9998525075041054,-0.016260037366420548,-0.018700513837791227,0.016360833220001997,0.9996912592988647,0.0002054079605476687,0.046804884327246936,8.428446133249394e-05,0.036367370527573856,2.2007088499178215e-05,-0.6021353987714367,1.6205236359144313,-1.3972021108282733,-0.5517995739298047,0.02139748638388769,-0.010005372131776399
2,0.005,20,-0.654693279813132,2.285481798705408,-1.974257310539611,0.0037793524910500038,0.006503562022077819,0.014070059773512519,-0.5972149303026886,0.004814687155444386,-0.058105635773147084,0.002362695742711213,0.0003003445758251742,0.0008518580624426403,-11.355527827335042,-2.7464294692676368,-4.300653375333869,0.9999237282630127,0.007581964642547746,0.009384612619226981,0.002642066377472029,0.9998098970624881,-0.005141422122834394,0.01880785778475763,0.00542603732708634,0.9998710665948324,-0.015113183166935646,-0.018727729569328604,0.015212362244803082,0.9997088857162924,0.00020960483671837656,0.04588084080735034,8.588350834702976e-05,0.036577984432190194,2.3635658951487322e-05,-0.654693279813132,2.285481798705408,-1.974257310539611,-0.5692215833916203,0.013551156931324752,-0.036326042714250814
3,0.0075,20,-0.6349344432594043,2.559870302183004,-2.417038303711385,0.0031853492087467556,0.00691373411066774,0.014219377196530679,-0.620424622639134,-0.0005444938861157477,-0.06691188808087986,0.002509241410981188,0.0003151254944440886,0.0010263939145943827,-11.604934637586178,-2.6752657708790304,-4.403234544092139,0.9999281601250997,0.006985407039699154,0.009390779612212062,0.0025868775768419904,0.9998102426453546,-0.005042186635738156,0.01881635074523123,0.005304580307783794,0.9998890243057843,-0.013921224823446795,-0.018744069173886786,0.01401839601227838,0.9997260346935292,0.00021406294955735256,0.044898840842705526,8.755663330555139e-05,0.03682008210045577,2.54163183428128e-05,-0.6349344432594043,2.559870302183004,-2.417038303711385,-0.5929781149672979,0.00567578581422121,-0.06611551317236415
4,0.01,20,-0.611304339045337,2.632057884917795,-2.7567154694188893,0.002655490266347764,0.006467518778175303,0.014219347722233554,-0.6430485318616694,-0.005031431864788731,-0.07522877864196793,0.0026619716494183363,0.0003490437639453495,0.0011830502673732513,-11.312043080631225,-2.2391442394354555,-4.158553670769783,0.9999324535999324,0.006365707536132383,0.009391591655989158,0.002522699219218269,0.999810867989633,-0.004925489388373499,0.01881403210642613,0.005164625891496732,0.9999062275124275,-0.012683170789133308,-0.01874979704470144,0.012777939432884432,0.9997425515474632,0.00021880742359495122,0.04387911367704521,8.929677310889172e-05,0.03708907122071513,2.7323000646125374e-05,-0.611304339045337,2.632057884917795,-2.7567154694188893,-0.6213646136386703,-0.0022711144211337007,-0.09112540837010066
5,0.0125,20,-0.5823383227833046,2.6346697928248894,-3.0135168645487265,0.0023707154828142237,0.005575419819502528,0.014176541811208613,-0.6645617685426829,-0.008770619058541776,-0.08218344937252556,0.0028177505621512573,0.00039910848339364164,0.0013003022695205267,-10.756706809870286,-1.8652688469754852,-3.477443755504569,0.9999365511896766,0.005723449170541866,0.009387923740105993,0.0024500229259078743,0.999811728551025,-0.0047922723410490815,0.018802701338392746,0.005007197558422761,0.9999224790345095,-0.011400170792222228,-0.01874661101166036,0.011492173305781965,0.9997582180348844,0.00022386205431789897,0.0428376162062219,9.110110627217916e-05,0.03738105753298061,2.933316820169391e-05,-0.5823383227833046,2.6346697928248894,-3.0135168645487265,-0.6532594647116114,-0.010320654506374441,-0.10955308666092056
6,0.015,20,-0.5268440287351639,2.637751911929078,-3.1984586613193864,0.0018930191631622124,0.00502959948228338,0.014062388369405607,-0.6845760145399206,-0.011900858675092265,-0.0875380858507409,0.0029748307915841905,0.00046259657408739396,0.0013959723569868475,-10.00721146798229,-1.5607950583742085,-2.677426629333414,0.9999403916977565,0.005059731364982733,0.009380524014810933,0.0023702192006515668,0.9998127756602968,-0.004645229968662717,0.01878391506026335,0.004835081694973568,0.9999375623589102,-0.01007439172970836,-0.01873594437053767,0.010163327322236673,0.9997728097754436,0.0002292465509864516,0.04178681048331896,9.296926583778565e-05,0.03769265312788568,3.142687126170718e-05,-0.5268440287351639,2.637751911929078,-3.1984586613193864,-0.6878155354727709,-0.01848200793695977,-0.1229080058793682
7,0.0175,20,-0.5063957209479146,2.561292374233531,-3.3257308023847245,0.001217528888382059,0.004564366685154919,0.01394641431938603,-0.7023398842941423,-0.01415171319748259,-0.09116574182178784,0.0031316562075695185,0.0005350161873296528,0.0014761748239856597,-8.882023346474403,-1.1211025112941264,-1.813936375749226,0.9999439147475021,0.0043760393720879654,0.009369998258317669,0.0022849007622462738,0.9998139647222917,-0.004487538263430593,0.0187589431105927,0.004651552188609769,0.9999512590158413,-0.00870876884930433,-0.018718947847805086,0.008794406913955034,0.9997861068241061,0.00023497247746251084,0.04073622695658817,9.490273548752197e-05,0.03802087249614085,3.358617189964248e-05,-0.5063957209479146,2.561292374233531,-3.3257308023847245,-0.724186695623997,-0.026917918314855176,-0.12838745759706172
8,0.02,20,-0.5810703805798134,2.1168208953471273,-2.7854743495762113,0.08237574835123851,0.38110720075122295,0.6105518195067251,-0.7174855730864537,-0.01566528031297574,-0.09279615830216027,0.00043588510614749477,0.0008587701440326025,0.0007168507449950294,-7.572932865519157,-0.7524588078455376,-0.8153166304119652,0.9999470576734436,0.003674608857656935,0.00935721605611026,0.0021958159407121035,0.9998152418000675,-0.00432263116020944,0.018729578856055366,0.00446016759622061,0.9999633512841954,-0.007307735182276264,-0.018697303797233267,0.00738992207898304,0.999797879514845,0.00024104628502699723,0.03969290198477407,9.690387713407245e-05,0.03836310765512253,3.579443107793661e-05,-0.5810703805798134,2.1168208953471273,-2.7854743495762113,-0.7590560676945894,-0.03426295670140553,-0.12715326088230955
9,0.0225,20,-0.5665675334577338,1.6213692534186415,-1.9432891022036753,0.0872757305771442,0.041173325101202536,0.16861593196617597,-0.7298161245818643,-0.016664161307869987,-0.09239779300139479,0.0014266047412010137,0.0009131592100465664,0.0019869306977176385,-6.165364217068791,-0.4951157475460864,0.1990742601569926,0.9999497633513899,0.002958040669154078,0.009342900937129937,0.002104987168184672,0.9998165584622015,-0.004154489479488134,0.018697316437500194,0.004265036203247766,0.9999736380488429,-0.005876450761036257,-0.018672409886894045,0.005955117507381372,0.9998079203949573,0.0002419300609651512,0.038706779847493974,5.429411068907352e-05,0.03871814946011638,3.9172083699285875e-05,-0.5665675334577338,1.6213692534186415,-1.9432891022036753,-0.7895466598340636,-0.04178953713237017,-0.12321302373056182
10,0.025,20,-0.4008662809519466,1.5242218867280601,-1.5841905966901944,0.08029281365126831,0.0027810727288717463,0.13348014942672723,-0.7392121750186258,-0.01734040510110078,-0.09015004313756668,0.0027201817124096095,0.0024372090635570633,0.004875951839580622,-4.6981136877442555,-0.33379714671436017,1.1237665416883038,0.9999519836772488,0.0022291322005180275,0.009327551656565635,0.0020144700697633335,0.9998178773808643,-0.003987161993137291,0.01866318860386861,0.004070331376135874,0.9999819457599413,-0.004420470184301019,-0.018645226523470653,0.004495630478846311,0.9998160554994534,0.00023900724124280978,0.03781575176705634,2.2578399472924716e-05,0.03908547168165215,4.292525983888787e-05,-0.4008662809519466,1.5242218867280601,-1.5841905966901944,-0.8165257206088177,-0.0524909359612023,-0.12065855389588187
11,0.0275,20,-0.7882984201090195,0.9180978100520131,-1.8824421084167837,0.09610762186361028,0.024858349936657916,0.11299435847603179,-0.7450002519398727,-0.015074757364935559,-0.087327420730198,0.0033194818223348404,0.0020280903326646265,0.005523107410530763,-2.893888263762597,1.1356085978950181,1.411311203684345,0.9999536877322066,0.0014907137707139994,0.009311490312925514,0.001922579352543309,0.9998191996735709,-0.003817219093396264,0.018627850184417427,0.003872742160737656,0.999988162922174,-0.0029454853067232183,-0.018616386122352918,0.003017093622791369,0.9998221478412121,0.00023366865557698351,0.03699933317917888,7.059368738574889e-06,0.03946384617441338,4.694205580702131e-05,-0.7882984201090195,0.9180978100520131,-1.8824421084167837,-0.8353389701521085,-0.0519639568813131,-0.12497793008712636
12,0.03,20,-0.643217029352715,1.0171831802838738,-1.3931027932187487,0.0848351715868577,0.06450948300295158,0.07181911629073323,-0.7483382072811079,-0.010345585255848111,-0.08557657771684747,0.004051905024357693,0.0013964268646777624,0.004263251137682002,-1.6689776706175268,2.364586054543724,0.8754215066752633,0.9999548262524013,0.0007465280390663004,0.00929759037531265,0.0018283773215159963,0.9998204236991661,-0.00364270762989887,0.01859707060649653,0.0036704712775425656,0.9999921994645141,-0.0014589896244202425,-0.01859161086675051,0.0015269876379681107,0.9998259950181996,0.00022778230689081376,0.03620302049813199,2.1965455459177166e-05,0.039887877247722456,5.060715584301393e-05,-0.643217029352715,1.0171831802838738,-1.3931027932187487,-0.8537691632025673,-0.05401884766055872,-0.14209860805759403
13,0.0325,20,-0.5357650956466532,0.8632405976568739,-0.8972635161172828,0.08187209127802147,0.05479342474437311,0.05752231470006355,-0.748978976772962,-0.003751833461139429,-0.08416330778588328,0.004401111183381738,0.0006754761293548745,0.002403408467198835,-0.32038474592708666,3.2968758973543406,0.706634965482092,0.9999553553831098,-1.0098387007700244e-06,0.009288364215638606,0.0017359521354993789,0.9998214255207618,-0.0034717680286620034,0.018575895574290027,0.003471730509663396,0.9999939729383269,3.426789862468392e-05,-0.018575902586416622,3.0228724157051485e-05,0.9998274525783557,0.0002207663095522435,0.03542774029045107,3.6246720016012536e-05,0.04035210039591623,5.3853823095826056e-05,-0.5357650956466532,0.8632405976568739,-0.8972635161172828,-0.8707232707294009,-0.05818203150665789,-0.15903748076476942
14,0.035,20,-1.0399447650286249,-1.7570047195957514,3.871031657347075,0.06807579981272205,0.09673876188751931,0.07655157613222668,-0.7467387447146914,0.004220636492825578,-0.08278282631729793,0.004434921548958427,0.00035616815616578036,0.0003225414528815797,1.1201160291353134,3.9862349769825016,0.6902407342926821,0.9999552532844396,-0.0007491963159712307,0.00928569375096526,0.0016450000898768234,0.9998221397325352,-0.00330376657815033,0.018568091637322193,0.003275939347952489,0.9999934653591689,0.001528875517903375,-0.018573021349350623,-0.0014677756496837488,0.9998264291928869,0.0002128750931586682,0.03467387744408609,4.729976724061768e-05,0.04085187935710142,5.6812082758118186e-05,-1.0399447650286249,-1.7570047195957514,3.871031657347075,-0.8696988508485435,-0.04565546679521944,-0.16263424269251525
15,0.0375,20,-0.8993362227908117,-2.552067211258144,5.007322489436804,0.05608965775778694,0.04343121301642512,0.016303240236627204,-0.7414888648301323,0.01317235486855019,-0.08131712940013702,0.004320974858579763,0.0012716398923379568,0.0009357435736719739,2.6249399422795574,4.475859187862304,0.7328484585804514,0.9999545103022021,-0.0014951473537708933,0.009290974869194866,0.0015555213447388614,0.9998225162786522,-0.003138683922065199,0.018576452983866995,0.003083118416106685,0.9999906897754731,0.0030190632993841436,-0.018585755918356275,-0.0029612540604942836,0.999822884640741,0.00020433681205123735,0.034020364870237345,5.670937848682033e-05,0.041389990677476764,5.9587964454420485e-05,-0.8993362227908117,-2.552067211258144,5.007322489436804,-0.8613928839844256,-0.03449954523556621,-0.14587536172596274
16,0.04,20,-0.7587254752074,-2.969052895160419,5.812052583229677,0.06731476179569397,0.05129271185934931,0.0031390005586512315,-0.7331378838584384,0.022779518559231215,-0.07969156415790651,0.004127707363175458,0.0022844638535496637,0.002889361428436066,4.175490485846908,4.803581845340512,0.8127826211152538,0.999953129046381,-0.0022358518047065953,0.009305199143639168,0.001467632772997102,0.9998225186458817,-0.0029767380598958583,0.01860296318139508,0.0028935178747020187,0.9999856940415021,0.004498807246845655,-0.01861608881893169,-0.004444180785955778,0.9998168284712092,0.0001956109723452357,0.03345582323604797,6.379275232493082e-05,0.04196422619391006,6.210776739080252e-05,-0.7587254752074,-2.969052895160419,5.812052583229677,-0.8478371284242969,-0.025339359873368668,-0.12079599714885661
17,0.0425,20,-0.9782550494159651,-4.189985650533594,8.348950780687792,0.09682270811207314,0.00903475992635514,0.17573884327069908,-0.7216426468819176,0.03278703748064394,-0.07778351842335739,0.0028354207321721224,0.002537124602598357,0.004604712002975926,5.747618488260379,5.00375946070636,0.9540228672745699,0.9999511239827864,-0.002968208209756901,0.009329028656885384,0.0013815244857565355,0.9998221212288285,-0.0028182949235808267,0.018648944077599126,0.0027075329257871283,0.9999785622602376,0.005961902834158318,-0.018665346686881534,-0.005910349708087071,0.9998083179286851,0.00018674358874353782,0.032969230493949356,6.898516707446378e-05,0.0425719612255626,6.436083362017852e-05,-0.9782550494159651,-4.189985650533594,8.348950780687792,-0.8207595324032851,-0.0098590937893619,-0.08803932078122476
18,0.045,20,-0.7951410928770581,-4.488647641404221,8.968655931904774,0.06649469967427035,0.004075792830657317,0.08586601745734564,-0.7069942087630635,0.04300319096213168,-0.07565363625493621,0.0021549649763084495,0.003483255050653456,0.005784369925724081,7.32421905942708,5.1080767407438685,1.0649410842105893,0.9999485206542029,-0.003689073576072345,0.009362865562854166,0.001297507639123459,0.9998213064447566,-0.002663962288446547,0.018715193935027925,0.0025258010886695745,0.9999694144201535,0.007402064109139881,-0.018734340339612892,-0.007353470550772324,0.9997974549692045,0.0001803004602831923,0.032584079308331584,6.980508177496386e-05,0.043213082784876504,6.615733295187405e-05,-0.7951410928770581,-4.488647641404221,8.968655931904774,-0.7878629192543152,0.003141876086898155,-0.04638525184081841
19,0.0475,20,-0.552680441939805,-4.425961792118938,9.03326310961271,0.055071568691959734,0.015123272408803543,0.05739350924733754,-0.6893369855443895,0.053217506927565765,-0.07336798881340392,0.0016019644613722718,0.0046879234101313404,0.007167237137124215,8.828611609336994,5.107157982717044,1.1428237207661363,0.999945355044507,-0.004395295847577724,0.009406915221551137,0.0012158311321599693,0.9998200634013452,-0.0025142217370673296,0.01880211448712198,0.0023488370354201316,0.9999584062581407,0.00881298577443141,-0.018823490237228135,-0.008767236892895606,0.9997843826408537,0.00017584055213222646,0.032290721657964004,6.858170621291265e-05,0.043885025755409646,6.755763542997295e-05,-0.552680441939805,-4.425961792118938,9.03326310961271,-0.7521825983489647,0.01190627462223006,-0.0024908339733599504
20,0.05,20,-0.34401478442247535,-4.256258532633009,8.97902608290728,0.0446638241567401,0.03501775641949456,0.023717386228050467,-0.6689605958288767,0.063356465902431,-0.07091915521896175,0.0012085184811175226,0.006120707205018721,0.008729401564907717,10.188194857756368,5.069479487432623,1.224416797221077,0.9999416725691629,-0.005083867375281228,0.009461169133003797,0.0011366752976842073,0.9998183884958086,-0.0023694166548433866,0.018909677161706738,0.0021770193384942032,0.9999457245235563,0.010188650247198417,-0.01893279198755548,-0.010145633138235627,0.9997692811422945,0.0001739616501890222,0.032074396401403915,6.619091840622436e-05,0.04458453309594211,6.861504995409421e-05,-0.34401478442247535,-4.256258532633009,8.97902608290728,-0.7150690253175729,0.016895395897606563,0.03895044111223513
21,0.0525,20,-2.2175540032616197,-4.496955633449842,1.7739190148492454,0.05891301823850325,0.04331859975496553,0.008705030384338973,-0.6466924152174464,0.0738108150131484,-0.06828713751258829,0.0022834042104980332,0.006496058562853236,0.008994029483359808,11.134090305715205,5.227174555358703,1.3160088531867429,0.9999375248567325,-0.0057520705543155125,0.00952554417576795,0.0010602244504664853,0.9998162798645402,-0.002229899629918626,0.019037701160376747,0.0020107332212495606,0.9999315792169056,0.011523620815445388,-0.019062095103746724,-0.011483223956088797,0.9997523553849873,0.0001755982465827234,0.0319224037511618,6.345093909199993e-05,0.04530835701542558,6.93903074224742e-05,-2.2175540032616197,-4.496955633449842,1.7739190148492454,-0.6646169181986041,0.07691554631653194,0.05495447566043008
22,0.055,20,-1.7631192722477596,-3.3443273435780347,1.965217248798584,0.04752803522774171,0.009265918950795605,0.021136940753361897,-0.6230726972511903,0.08377590102023842,-0.0650226786606693,0.0029441722058229946,0.006625822705848262,0.006975331110217157,11.80985898312799,4.982543003545009,1.632229425959499,0.9999329603352565,-0.006398014855018984,0.009600349466377122,0.0009866768512806947,0.9998137195178292,-0.002096067766589258,0.019186786178031753,0.0018503750525922405,0.9999161837494122,0.012814116753661519,-0.019212037270638145,-0.0127762269833308,0.9997337973920768,0.00017817537394897027,0.031823027648797436,6.062799152325776e-05,0.04616069666140209,7.235909157076948e-05,-1.7631192722477596,-3.3443273435780347,1.965217248798584,-0.6218966360957409,0.1207101006747241,0.026762331148584655
23,0.0575,20,-1.4090939068905248,-3.0430163880932617,2.122693386470423,0.03573575119794379,0.02730126006485434,0.033220788836732684,-0.5982279832072271,0.09321263011351659,-0.06037839332973881,0.003220599885837317,0.006580730657857472,0.004523342149281112,12.422357021981568,4.718364546639081,2.322142665465237,0.9999280341117963,-0.007020355698123964,0.009685087200198195,0.0009166728504547379,0.9998107175936196,-0.001969199276783203,0.019355909669652997,0.0016972282483322478,0.9998997486335142,0.014057457056962703,-0.019381651147529017,-0.01402194483099987,0.9997138273835927,0.0001811658831433019,0.03176709251986559,5.778063142146758e-05,0.04710889175294721,7.688742670553885e-05,-1.4090939068905248,-3.0430163880932617,2.122693386470423,-0.582677742720558,0.15201994462020707,-0.00664737416400295
24,0.06,20,-1.101023922956034,-2.9157800535901695,2.2945988004988944,0.033108172532957884,0.028003007330089848,0.030187388189214792,-0.5723178000751166,0.10205892251628092,-0.0541896241940488,0.003607961939889324,0.006452238437409917,0.0022005873589720604,12.955091566055254,4.423146201382163,3.0943845678450055,0.9999228017647096,-0.007617882301601394,0.009779221012486296,0.0008515965249317397,0.9998072832394953,-0.0018520554757146066,0.01954395742357247,0.0015540676570167354,0.9998824853051953,0.015251244330323667,-0.019569906871954,-0.015217932527800576,0.9996926694112558,0.00018397927177603765,0.03174667391524816,5.4949540279408965e-05,0.04812768436259862,8.254799199679227e-05,-1.101023922956034,-2.9157800535901695,2.2945988004988944,-0.5459332417436145,0.17309765484748632,-0.03712540233207152
25,0.0625,20,-0.865343905096106,-2.895643596014472,2.4170809112983904,0.02925470951459811,0.031718361209188,0.032949870929888866,-0.5462660889247773,0.10939553033750907,-0.04693000687357497,0.003904464619986747,0.00622168542177662,8.922863516477774e-05,13.02585557516966,3.6683039106140796,3.6298086602369124,0.9999173193886846,-0.008189545284195335,0.009882150426061765,0.0007929927756019417,0.999803428530829,-0.0017477150577878985,0.01974967822715519,0.0014239937841100461,0.999864605020992,0.01639340928296024,-0.019775655228138518,-0.01636206338737913,0.9996705489019896,0.00018579723941198218,0.03175498494576183,5.2159125027194476e-05,0.04919530880157427,8.903518825107783e-05,-0.865343905096106,-2.895643596014472,2.4170809112983904,-0.5111171360629287,0.18571497146908314,-0.06034577310972171
26,0.065,20,-0.6801803171374228,-2.9095390886999812,2.5065488091899697,0.02657958569426075,0.03182142058621907,0.03410727981365313,-0.5204727974520853,0.1151935163445658,-0.03944672462486323,0.004136895335367586,0.005913116604839883,0.0020104438591098633,12.896645736346033,2.898993003528357,3.741641124355868,0.9999116452599109,-0.008735216613489773,0.009992357887257795,0.0007419219543644614,0.9997992046713332,-0.001658283625335454,0.019969988332184222,0.0013091419828366144,0.9998462910850581,0.01748371673077738,-0.019995911728110934,-0.017454062532007687,0.9996476975491367,0.00018644826487773634,0.0317862354603369,4.943252337629103e-05,0.050293733463145016,9.607934022507955e-05,-0.6801803171374228,-2.9095390886999812,2.5065488091899697,-0.4778888643060412,0.19142978299792707,-0.07541621657407993
27,0.0675,20,-0.5314111610642146,-2.9077641347136765,2.61728070621206,0.02419249285541067,0.03310531823466906,0.03577305413542362,-0.49522998878112906,0.11950801921627341,-0.03204867673263567,0.004312979416593612,0.005540966278320785,0.0038296934027182597,12.62140433547812,2.157251435853805,3.6990239461137833,0.9999058337339554,-0.009255160447013258,0.010108295590272908,0.0006985915569171776,0.9997946686601925,-0.0015841593413851694,0.0202017563057498,0.00120994375124992,0.9998277079498733,0.01852270098613301,-0.02022761861353459,-0.018494454706316263,0.9996243287307194,0.00018610554367994042,0.0318355051491736,4.67875535678333e-05,0.05140770851450329,0.0001034525214656388,-0.5314111610642146,-2.9077641347136765,2.61728070621206,-0.4464155589658346,0.1916758894127074,-0.08283904545383627
28,0.07,20,-0.41540841022691144,-2.8990088851747884,2.6914917654397787,0.021497931365334934,0.03991205692806484,0.03866459499156875,-0.47121383556583535,0.12199422807317421,-0.0250525672079008,0.00441477143708878,0.005111470659535045,0.0057959492290623115,12.00807660764685,1.2431044284504074,3.4980547623674383,0.9998999339027838,-0.00974993021786006,0.010228470578126394,0.0006628963628611006,0.999789877916089,-0.0015251138075627545,0.02044196772343116,0.0011262063100740862,0.999808998858318,0.019511469992677798,-0.020467820496549438,-0.019484348328902314,0.9996006345007585,0.0001850498873417585,0.03189863812003478,4.423824254166324e-05,0.052522984093563575,0.00011097669468888677,-0.41540841022691144,-2.8990088851747884,2.6914917654397787,-0.4165694951280597,0.1876213047963873,-0.08365993206021698
29,0.0725,20,-0.32553088994706375,-2.8777314392589206,2.7422327367917423,0.01952078710037578,0.03425706522344504,0.037966739409313235,-0.44872906792844586,0.12274665329986735,-0.018858984371185272,0.004496280595449614,0.004643425627366219,0.007292793373387917,11.242383818694746,0.3762126133465725,3.0967914183577623,0.9998939891567732,-0.010220753009587987,0.010351047539586648,0.0006344059466589975,0.9997849066878561,-0.001480268386084525,0.020686932219640162,0.001057086384914051,0.9997902674740237,0.020452472530112585,-0.020712868645594625,-0.020426205465659528,0.9995767840455004,0.00018356819251296485,0.03197214059958099,4.1795998773164904e-05,0.053627424202337716,0.00011850107061303003,-0.32553088994706375,-2.8777314392589206,2.7422327367917423,-0.3882543801024357,0.18023767857271028,-0.0791546646101318
30,0.075,20,-0.2615009207831938,-2.808800708639635,2.7300023118274597,0.01697907672915149,0.021872658211509386,0.034980998667845487,-0.42793051088364437,0.12195958515742827,-0.01357284610749622,0.004588010098883238,0.004150813340112398,0.007995698781852285,10.399278522400763,-0.3935340712195514,2.6430691318445243,0.9998880354860232,-0.01066915687969759,0.01047428706908414,0.0006122856947551638,0.9997798288332448,-0.0014479379048559643,0.02093316349698132,0.0010009306570837781,0.9997715883954088,0.021348751137736342,-0.02095929378551147,-0.02132309811319571,0.9995529168037416,0.00018241541840710416,0.032053098270024435,3.946718969967199e-05,0.05471081837839883,0.00012591399818196066,-0.2615009207831938,-2.808800708639635,2.7300023118274597,-0.36164247580829617,0.17112860133980007,-0.07178751824727657
31,0.0775,20,-1.1486126833371901,-2.267500410938566,-0.11132306235944878,0.012124594166597943,0.020855270650558227,0.011779272733870753,-0.40824763880546716,0.12149365173866274,-0.010078252013559982,0.003939123941911043,0.0032807560157262798,0.0076615739044875964,9.841436039088586,-0.23296670938277592,1.7472970469681182,0.9998821014940487,-0.011096823612955942,0.010596644966554618,0.0005955946614767396,0.999774712764904,-0.0014262270836779456,0.021177572858083478,0.0009558706833460496,0.9997530115454043,0.02220365323840563,-0.02120400969369638,-0.02217840801771905,0.9995291432423115,0.0001822894981027468,0.03213913103655045,3.725484684414246e-05,0.055764626138025075,0.00013312964579112357,-1.1486126833371901,-2.267500410938566,-0.11132306235944878,-0.34889392776877887,0.16705039536386324,-0.06538618206203865
32,0.08,20,-0.9645351555391081,-2.1644554105433853,0.24367806099960462,0.00199433527181424,0.031693494696841476,0.020351497419340944,-0.3905898948456864,0.11839932699048437,-0.008455616193814231,0.0035928472986445172,0.0026702530702960785,0.004825879093101306,8.82887197989037,-1.5471623740891742,0.8113179098728767,0.9998761992109817,-0.011504853032928142,0.010718453970778892,0.0005825397568968436,0.9997695507838159,-0.001411563751378643,0.021420849966862637,0.000918306800682578,0.9997345980082447,0.023019345297231146,-0.02144765810401838,-0.022994369594949354,0.999505506202334,0.00018344966191215386,0.03222840697158126,3.514549868427934e-05,0.05687127113656221,0.00013866460310428305,-0.9645351555391081,-2.1644554105433853,0.24367806099960462,-0.3393248928607328,0.1573028492675773,-0.05642429419682739
33,0.0825,20,-0.8132980478424437,-2.0858423268416244,0.5154222796754739,0.00858367892048822,0.005752214378127639,0.011754092878547388,-0.3747495535301132,0.11321866342234037,-0.006996789728657714,0.003139144147352136,0.0021298562860886648,0.003408192656851191,7.9201706577866,-2.5903317840720033,0.729413232578259,0.9998703585202716,-0.011895253020741792,0.010837103823002585,0.0005712169863073799,0.999764461783768,-0.0014001060497573858,0.02165780822849026,0.0008844656818107301,0.9997163533334542,0.023799802480649033,-0.021684987310817746,-0.023775041129504727,0.999482120272604,0.00018528402970724472,0.03231933552895298,3.312633687463681e-05,0.05800874435842327,0.00014284828833619829,-0.8132980478424437,-2.0858423268416244,0.5154222796754739,-0.3320301682793413,0.1441524632982827,-0.04456861610805404
34,0.085,20,-0.6828322438025125,-2.0542841264510505,0.7490710258440763,0.0057727091603055995,0.014475239644434425,0.011376748586500177,-0.36065287618905906,0.106393392413864,-0.005326367035791967,0.002757858968616634,0.001709120059742783,0.001664745853266898,7.048338670527071,-3.4126355042381844,0.8352113464328725,0.9998646018004863,-0.012269838170328506,0.010950521992313602,0.0005614318523387297,0.999759541724742,-0.0013914339364061693,0.021884301266760487,0.0008539894055009244,0.9996982717310983,0.02454864965635628,-0.021911855978647945,-0.024524057768971395,0.9994590742787396,0.0001871212562632133,0.032410627859464955,3.1200519222723145e-05,0.059159008011989755,0.00014588389994498843,-0.6828322438025125,-2.0542841264510505,0.7490710258440763,-0.3266094249550801,0.127590108951393,-0.029073328915279185
35,0.0875,20,-0.5894507873465668,-2.0339773885814325,0.9383967968150693,0.00511860521843628,0.016528041578057782,0.009367226815931388,-0.34823278342237163,0.09829924722974921,-0.003318736049155262,0.0024152767588993254,0.0013880297111558543,8.038735511917526e-05,6.210046383343713,-4.04707259205739,1.0038154933183527,0.9998589445897671,-0.012630352730305935,0.011057074633636976,0.0005533663264515291,0.9997548697725098,-0.0013858860478509916,0.02209705152309279,0.0008272670366983784,0.9996803359512336,0.025269379526982983,-0.02212500837066142,-0.02524490507589772,0.9994364305809085,0.0001885938453561238,0.03250122257372638,2.9364807058764208e-05,0.06030717517331756,0.00014798873549177262,-0.5894507873465668,-2.0339773885814325,0.9383967968150693,-0.32261291669141784,0.10841329745057196,-0.010182278962564923
36,0.09,20,-0.5261038441114163,-2.0103786765819778,1.088384080769505,0.003854712149262574,0.014793397256454345,0.006980507173180197,-0.3374292910135021,0.0892423460911119,-0.0010587181638894681,0.002091147624516972,0.0011368887291164727,0.0016075812844186705,5.401746204434736,-4.528450569318656,1.1300089426328968,0.999853396462498,-0.012978475297626942,0.011155500515161811,0.0005473295275617055,0.999750510477289,-0.0013840613499709559,0.022293523153141124,0.000804935798496187,0.9996625192186743,0.02596535668412721,-0.02232193716415361,-0.0259409337448205,0.9994142279744103,0.00018957517525454301,0.032590272217542016,2.7617812568653632e-05,0.061441081578789504,0.00014934151385148357,-0.5261038441114163,-2.0103786765819778,1.088384080769505,-0.31973376305789203,0.08725816091262475,0.01127356549698372
37,0.0925,20,-0.448808867819568,-1.9835895608378382,1.2084890916863056,0.002388731112068156,0.010738344943039485,0.00449954256908802,-0.3281990911496017,0.0794737042747001,0.0012548825799897551,0.0017766864382621388,0.0009395021337133542,0.0028455190115356543,4.615099931950212,-4.884320908205899,1.1568003719396116,0.9998479618899958,-0.013315823964273978,0.011244842947171844,0.0005435473001551457,0.9997465161268518,-0.0013863980188827604,0.02247179104467548,0.0007874606221209683,0.9996447867769699,0.02663982311117981,-0.022500742165335968,-0.026615374695081392,0.9993924846784918,0.00019014789203512127,0.032677115831297184,2.595876613402928e-05,0.06255084861979214,0.00015009492526039128,-0.448808867819568,-1.9835895608378382,1.2084890916863056,-0.31773814633421593,0.0652652004324911,0.03456300858792228
38,0.095,20,-0.4155711348339085,-1.9532240897615032,1.2913805430213745,0.001403008800657529,0.00823480491749345,0.002184525392789909,-0.3204820482054235,0.06919484730270756,0.0034084396774850378,0.0014721367861779272,0.0007876707568124571,0.0038523741899511668,3.8585214720891488,-5.139428485996275,1.0767785487476411,0.9998426407526915,-0.013643971755015579,0.011324396287456807,0.0005420481135349285,0.9997429284651345,-0.0013929451206808833,0.02263043719965972,0.0007749061483262273,0.999627096437182,0.027295926235068897,-0.022660019956263436,-0.027271372764490747,0.9993712001669459,0.0001905352350164057,0.032761254867317645,2.43868488586477e-05,0.06362853824658739,0.00015038108182117695,-0.4155711348339085,-1.9532240897615032,1.2913805430213745,-0.3164203148821175,0.04235129220555522,0.05887897923820766
39,0.0975,20,-0.39230098618283044,-1.9197499917277419,1.348795228897456,0.0005630434996145736,0.005443674888791986,0.002068636035019608,-0.3142159732791403,0.058572612442891935,0.005262649075813657,0.0011156592016968254,0.0006911543129209883,0.004734341716495592,3.1330374631415685,-5.311117429907801,0.927104699164309,0.9998374291946376,-0.013964429565435397,0.011393657055539456,0.0005426483861192013,0.9997397802232596,-0.0014033321775576962,0.02276845400873831,0.0007669084917784691,0.999609400479282,0.027936684212975404,-0.022798765109405345,-0.027911953214522667,0.9993503585716255,0.00019099745944554017,0.03284232294490973,2.2900930987508766e-05,0.06466786400364569,0.0001503144234611544,-0.39230098618283044,-1.9197499917277419,1.348795228897456,-0.3156827988691359,0.018942805847454208,0.08367998773020761
40,0.1,20,-0.37574725268800596,-1.8854669195658225,1.3820928764985563,0.00018747172705426972,0.00018948002758261906,0.002086552150242215,-0.30933939416491324,0.04774322586200107,0.006704616824109359,0.0006857650448952293,0.0006379752215318155,0.005407260830391952,2.4382895571135412,-5.414693290445435,0.7209838741478509,0.9998323201084028,-0.014278644848845369,0.011452288577058177,0.0005450268587558746,0.9997370960641421,-0.0014169172600191665,0.02288517202720356,0.0007628246148259568,0.9995916464940076,0.02856498482418736,-0.022916301007000588,-0.028540017604712482,0.9993299307752567,0.00019186151083312234,0.032920065732053375,2.149761344217818e-05,0.06566399631471348,0.00015000955263063946,-0.37574725268800596,-1.8854669195658225,1.3820928764985563,-0.3154129004081326,-0.004622156368991114,0.10851806956411011
41,0.1025,20,-0.7234580532882852,-1.7445084572152278,-0.3354259975313707,0.013968337933728777,0.020639046822159925,0.0005144429742066101,-0.30587963519492867,0.037020666238483324,0.008146720952805771,0.0009510597542333699,0.0012085203299664607,0.005517846549304163,1.729879484992303,-5.361279811758871,0.7210520643482092,0.9998273035748647,-0.014588002501004602,0.011500090504952301,0.0005487509673493359,0.9997348935815075,-0.0014328390981340172,0.022980198599898485,0.0007617857019419233,0.999573778110813,0.02918358778182402,-0.02301221932183497,-0.02915834503866723,0.9993098762028172,0.00019342932480432307,0.03299432413333494,2.0173734055393284e-05,0.06661334971464497,0.00014956537800417415,-0.7234580532882852,-1.7445084572152278,-0.3354259975313707,-0.30172871167585213,0.007110794103529952,0.1123369170848961
42,0.105,20,-0.5335516916775347,-1.069338776817455,-0.24585169604446316,0.013168763156275572,0.014141108793013418,0.007157500407141789,-0.3031469969916705,0.026166347051865515,0.010147103896103522,0.0010235860210785804,0.0016131041991126356,0.0041141066096886955,1.3663191016290719,-5.427159593308902,1.0001914716488745,0.9998223633384611,-0.014893919263923782,0.011537167657704718,0.0005538047418416037,0.9997331741254919,-0.0014510800188886506,0.02305373982129084,0.0007637454443758236,0.9995557289385353,0.029795325791969536,-0.02308673311374271,-0.0297697684393445,0.9992901298627954,0.00019660635478419648,0.03306519928225576,1.892723673765622e-05,0.06759056215754995,0.0001501559714216668,-0.5335516916775347,-1.069338776817455,-0.24585169604446316,-0.29380429504320865,0.011934726604786623,0.08902982787509092
43,0.1075,20,-0.4226845030654746,-0.7770756508312688,-0.11972823539121916,0.010813818992353013,0.02312444956638127,0.010287610638773384,-0.3009757966000635,0.015439496042051535,0.012777706695588283,0.0010166134176842507,0.0019281994644586862,0.002436465796841436,1.0856001958035202,-5.363425504906987,1.3153013997423808,0.9998174939348455,-0.015197128884463323,0.011563376323172314,0.0005607348063754974,0.9997319478089712,-0.0014727251783903839,0.023105488755474357,0.000769804697099179,0.9995374657002919,0.03040167860770519,-0.023139574991964326,-0.030375742657370707,0.9992706712033554,0.00020059029104478035,0.03313282378578732,1.7763266567774435e-05,0.06857758139913908,0.00015156276031380386,-0.4226845030654746,-0.7770756508312688,-0.11972823539121916,-0.2892494684687037,0.011916165743699953,0.05739768691687156
44,0.11,20,-0.3174823308870414,-0.7207887244269588,0.016851151726535108,0.023737198612228144,0.023863481150788207,0.014931053761517096,-0.299250736791568,0.004990208489478565,0.015921044587865703,0.0009775330254142818,0.0019070915575163867,0.000853481868892128,0.8625299042477748,-5.224643776286491,1.57166894613871,0.9998126881589658,-0.015498200041521241,0.011578830010643627,0.0005701643625140636,0.9997312112163687,-0.001499017175458707,0.023135649274661045,0.0007812130804518092,0.9995189614161454,0.031003797762740853,-0.0231709953600482,-0.03097739041781414,0.9992514729821153,0.00020478932556444157,0.03319724742953206,1.6681928319190848e-05,0.06955989726056992,0.00015361179625642994,-0.3174823308870414,-0.7207887244269588,0.016851151726535108,-0.28664751855842097,0.008689253442203322,0.02843150238617771
45,0.1125,20,-0.23307283899336667,-0.7390047324315315,0.1441209445637158,0.005446596905557418,0.023969913123253826,0.01681449365665772,-0.29789611306697833,-0.005027855917204045,0.019374344991526037,0.0007273791411035805,0.0021009586948718454,0.00042900102146558244,0.6773118622948154,-5.009032203341303,1.726650201830167,0.9998079378669591,-0.01579758466870861,0.011583793488735965,0.0005826021493496416,0.9997309526062917,-0.0015309724239225303,0.02314472994773458,0.0007989885902299628,0.9995001937867412,0.03160259858776881,-0.02318154477486467,-0.031575603615832164,0.9992325040940906,0.0002084029545090829,0.03325850019913901,1.5679954901469078e-05,0.07052570481446804,0.00015615585526951683,-0.23307283899336667,-0.7390047324315315,0.1441209445637158,-0.2851112936431786,0.003120605981075892,0.005034848387299303
46,0.115,20,-0.18066398996222685,-0.7685784732404859,0.24802367643667428,0.0050458736446577146,0.01739610857372051,0.01312712503090208,-0.29685161291758383,-0.014496457330216775,0.02292731022188762,0.0006468840912922343,0.002289916568773168,0.0013672744572559676,0.5222500746972322,-4.734300706506364,1.7764826151807926,0.9998032335406278,-0.01609565654784541,0.01157868779221439,0.0005983569245847745,0.9997311519160025,-0.001569211539978993,0.023133557094524398,0.0008237452120661398,0.9994811436185692,0.032198835301026595,-0.023172080884728965,-0.03217112254895429,0.9992137276586085,0.00021198496513123407,0.033316616544132045,1.4757597750435886e-05,0.07146538995673764,0.00015907202362461673,-0.18066398996222685,-0.7685784732404859,0.24802367643667428,-0.28424379547666995,-0.004479952442300514,-0.012885397519140081
47,0.1175,20,-0.15604409439351646,-0.7760294615776481,0.32289807580287355,0.0035684438522895563,0.010963639890512715,0.012089842213415369,-0.29605995639721333,-0.023325687896918395,0.026403855911063662,0.0005782708173118494,0.0024576208542086294,0.001889496295164092,0.3958282601852502,-4.414615283350808,1.7382728445880198,0.9997985646123179,-0.016392726623982144,0.0115640550993136,0.0006175294652469962,0.9997317825740392,-0.0016139429337349472,0.023103205395370887,0.000855677358104089,0.9994617943423819,0.03279313138700208,-0.02314369736219508,-0.032764566807955815,0.9991951022869828,0.00021564230741263673,0.0333716468670784,1.3907586116999405e-05,0.07237116606627365,0.00016227173686856778,-0.15604409439351646,-0.7760294615776481,0.32289807580287355,-0.28405466716413225,-0.013711695146720724,-0.026830600952616218
48,0.12,20,-0.1506972370590542,-0.7779520420687546,0.37708129977916033,0.0031134137435903436,0.015795357142949155,0.013231828045074499,-0.29547280247038393,-0.03147665862063227,0.02965979677746286,0.00047984604703703104,0.002578117139946232,0.0025354956880077844,0.2935769634147014,-4.075485361856941,1.627970433199599,0.999793919882967,-0.016689046426761077,0.011540530097240499,0.0006400464760892934,0.9997328130111662,-0.0016650300356377491,0.023054940116185394,0.0008946282653086283,0.9994421321397478,0.03338598724348244,-0.023097667177604354,-0.03335644134099868,0.9991765837888802,0.0002195525276857954,0.033423663041240136,1.3125886409278933e-05,0.07323682572104138,0.000165654111140398,-0.1506972370590542,-0.7779520420687546,0.37708129977916033,-0.2843576571380905,-0.024180106999136166,-0.037614346406435344
49,0.1225,20,-0.12568017084372088,-0.8006437158669911,0.416853846485082,0.009742965618629302,0.02223435599967889,0.01445472233754406,-0.29505008947687233,-0.038903800388998,0.03258784474915066,0.00037616242225801787,0.0026113215300097178,0.003424592129160531,0.2113564967557933,-3.7135708841828654,1.4640239858439024,0.9997892881085284,-0.016984817380574904,0.01150878866068455,0.0006656917862664856,0.9997342092760187,-0.001722052381528845,0.022990113937271652,0.0009401536868354118,0.9994221456659884,0.03397779956731928,-0.02303534055095759,-0.0339471543429941,0.9991581275242244,0.00022365946470115293,0.03347275135813932,1.240908770829138e-05,0.07405756312927607,0.00016913114036143956,-0.12568017084372088,-0.8006437158669911,0.416853846485082,-0.28498192167611375,-0.03544562725974039,-0.04472153469531599
50,0.125,20,-0.09291618244768204,-0.8178091786063039,0.43998519193102803,0.007033996465043021,0.0210971545931453,0.014763161931474842,-0.2947551510881335,-0.04557971412006416,0.03510539555805893,0.0002683818173576058,0.0026380619970883287,0.004162513250967576,0.14746919436944317,-3.33795686553308,1.2587754044541288,0.9997846579131435,-0.017280199502226624,0.011469554122281008,0.000694143283520917,0.999735934986676,-0.0017843799773845355,0.02291017862027726,0.0009915952436461292,0.9994018257405304,0.03456887972392696,-0.02295815835796675,-0.03453703366809112,0.9991396880667986,0.00022783461740321552,0.033519009269733516,1.1753684779819016e-05,0.0748297885028182,0.0001726308101947263,-0.09291618244768204,-0.8178091786063039,0.43998519193102803,-0.2858462187036669,-0.04717943962599793,-0.048873341895922094
51,0.1275,20,0.06680208247202893,-0.9290644159925672,0.19092981497444333,0.008534777675352016,0.012825441344778612,0.016477856007459414,-0.2940240955253057,-0.050708216110561664,0.03652281497024452,5.845465003619592e-05,0.0020562172704235732,0.004223251537979569,0.3655277814138794,-2.564250995248752,0.7087097060928003,0.9997800180666387,-0.017575315088426136,0.011423578820397679,0.0007249973435751434,0.9997379524515719,-0.0018512217089275652,0.022816647565382518,0.0010481297201037228,0.9993811653567887,0.03515946180186492,-0.022867615792388937,-0.035126333544669285,0.9991212202929534,0.00023224358872651107,0.033562544540256825,1.1155144266056287e-05,0.07555097120049888,0.00017608917563637937,0.06680208247202893,-0.9290644159925672,0.19092981497444333,-0.2889875374386194,-0.05404515075407255,-0.0415033315446518
52,0.13,20,0.08439999204880198,-1.1368804978993032,0.30537733593276606,0.005984872091223714,0.008829600750822194,0.01812113247385835,-0.29363007826530735,-0.05611229535509559,0.03697650725018469,0.0002009890432323473,0.0016137022304060064,0.0032406023724535276,0.19700862999917176,-2.7020396222669647,0.22684613997008407,0.9997753587142314,-0.017869714802854948,0.011372426031783728,0.0007571834958595427,0.9997401891986104,-0.0019204708219800173,0.0227126813245064,0.0011075827827618627,0.9993601999320364,0.03574862308088893,-0.022766803937004157,-0.03571417902769233,0.9991026824380325,0.0002359118053964242,0.03360340944294889,1.0594528859194014e-05,0.07623895597099603,0.00017838730733717363,0.08439999204880198,-1.1368804978993032,0.30537733593276606,-0.2915085255003579,-0.060890307555110657,-0.02337814025278595
53,0.1325,20,0.09012148956645286,-1.2314882506487868,0.3801038152082805,0.0008774645764492625,0.021346648301333693,0.01963023566887677,-0.29338048000912276,-0.061571284457258416,0.03744183843333346,0.00023196443613743555,0.0012270280762294314,0.002038857788970546,0.12479912809231475,-2.729494551081411,0.2326655915743817,0.9997706773181334,-0.018163725314647446,0.011315837633267075,0.0007897317218832347,0.99974265628493,-0.0019901767699252613,0.02259779636992979,0.0011680257040220078,0.999338910813003,0.03633699287276855,-0.022655174250203997,-0.036301246969013864,0.9990840618027031,0.00023905377296553346,0.033641630853267476,1.0068088522352552e-05,0.07689069858852973,0.00017974897337269522,0.09012148956645286,-1.2314882506487868,0.3801038152082805,-0.293729684636985,-0.06796102193851619,-0.0011816354076474053
54,0.135,20,0.09561985383652609,-1.2651571324562265,0.4262950331481677,0.0017924573307364947,0.018848216014267716,0.015431233448987404,-0.29316448120492383,-0.06693797597754378,0.03831865728586015,0.00028363115938742736,0.00088688488895737,0.0008408033683564592,0.10799940209947767,-2.6833457601426796,0.43840942626334645,0.9997659711146512,-0.018457492407178974,0.011253764649412423,0.0008226520729758671,0.9997453520495649,-0.002060351648393815,0.02247189369804968,0.0012294865461189794,0.9993172884352115,0.036924861507244416,-0.022532630075612486,-0.036887829775973935,0.9990653475105091,0.00024156323524456442,0.03367729127379364,9.570174731913754e-06,0.07750386180714322,0.0001803524271192996,0.09561985383652609,-1.2651571324562265,0.4262950331481677,-0.2958039123009347,-0.07528257530574989,0.02144147962977176
55,0.1375,20,0.10030621653799472,-1.2744353671700261,0.4505446549331486,0.0007827364712240135,0.018391904964325825,0.013240197788404993,-0.29291975740549187,-0.0721262305476253,0.03961018674460087,0.0005109410613893563,0.0006275005954363322,0.00030107838877228377,0.12236189971597188,-2.5941272850407624,0.6457647293703632,0.9997612371283433,-0.018751055720072563,0.01118629952070229,0.0008563574139520231,0.9997482667100254,-0.0021318157464216263,0.02233514208424041,0.0012927960439651875,0.9992953291227246,0.037512316269382964,-0.022399372506581652,-0.037473998387266005,0.9990465292248317,0.00024341006486756624,0.03371050223960653,9.101230156859159e-06,0.0780767920639335,0.00018033842803562606,0.10030621653799472,-1.2744353671700261,0.4505446549331486,-0.29816232673869797,-0.0827892435889418,0.04344597956158783
56,0.14,20,0.10206017429506968,-1.2764495723358258,0.4590822005965826,0.0006017345552219276,0.016343620096514126,0.00929827068189287,-0.29261631435610364,-0.07707997931344159,0.04121157175302739,0.0005464097810466824,0.0004099660054972559,0.0013077509129784592,0.1517215246941055,-2.476874382908144,0.8006925042132608,0.9997564724531975,-0.01904439248693999,0.01111361995553186,0.0008912655196564967,0.999751386194515,-0.0022054012246695647,0.022187879745123158,0.0013587926631342157,0.9992730335211537,0.03809931967804447,-0.02225577418658882,-0.03805969893298474,0.9990275971325748,0.00024475287117896826,0.03374139057797597,8.65723697434951e-06,0.07860850724007913,0.0001798602008792347,0.10206017429506968,-1.2764495723358258,0.4590822005965826,-0.30067841355413405,-0.09042733222269536,0.06442999087502836
57,0.1425,20,0.09987024247359755,-1.277540650595536,0.4553355593235205,0.0009435906681470403,0.018131483818320783,0.007220856659467812,-0.29223674655766374,-0.08174820246901651,0.04302110468534079,0.0005577463088965709,0.00022607492764157165,0.0023024961996191097,0.18978389921996036,-2.334111577787462,0.9047664661566952,0.999751674194275,-0.019337448558224963,0.011035960300648663,0.0009276902741792881,0.9997546939419955,-0.0022817344386977913,0.022030561247920296,0.0014281051802801658,0.9992504049480264,0.038685769047536435,-0.022102317899739928,-0.03864481723538787,0.999008541327001,0.00024564321141514405,0.03377009312990636,8.240455505899996e-06,0.07909858889548955,0.00017900553168675453,0.09987024247359755,-1.277540650595536,0.4553355593235205,-0.3031089761301117,-0.09815568098810921,0.08428102496968055
58,0.145,20,0.09623338681323605,-1.27864321197567,0.4421606721932295,0.002211060454002504,0.018861422350677233,0.005121079919676597,-0.29175893010713,-0.08609102799688065,0.04499323953459919,0.0005608404297871889,7.484242432775559e-05,0.0032380689078432886,0.23890822526683744,-2.1714127639320666,0.9860674246291996,0.9997468393651235,-0.019630151002175165,0.010953606490119446,0.0009658446756431706,0.9997581712978443,-0.002361242222422687,0.021863747582637396,0.0015011584247448843,0.9992274486313887,0.03927152180638461,-0.021939586289947483,-0.03922920387635432,0.9989893513529828,0.000246201229066212,0.03379675173583947,7.84964431194166e-06,0.0795470987229644,0.00017787107581766648,0.09623338681323605,-1.27864321197567,0.4421606721932295,-0.30540791387079846,-0.10590518476550044,0.10293776678230544
59,0.1475,20,0.09161778570929927,-1.280050489478867,0.4211421170754237,0.00319301287722557,0.019276055795735852,0.003122614654966991,-0.2911664972630154,-0.09008078694533547,0.04710188915162615,0.0005601677834721691,8.751472855984856e-05,0.004082852120825114,0.2962164220573057,-1.9948794742274087,1.0543248085134813,0.9997419651175443,-0.019922404054818117,0.01086688414140078,0.0010058969355943206,0.9997617980008247,-0.002444263671557327,0.02168808044208056,0.0015782858448298008,0.999204171976063,0.03985638869017378,-0.021768239982834215,-0.039812664828344606,0.9989700172914678,0.0002465814511916954,0.033821506143000266,7.483809735544116e-06,0.07995453020389523,0.0001765392588879452,0.09161778570929927,-1.280050489478867,0.4211421170754237,-0.30754334201837424,-0.1136186849301251,0.12036798664365159
60,0.15,20,0.08649517685296013,-1.2821367474990306,0.39351754873887357,0.003881429616486861,0.020313576860178834,0.001447637107021999,-0.2904488162024916,-0.09370524269553314,0.049277297679007744,0.0005570645134861894,0.0002054296418418653,0.004805162201423877,0.35884053026192747,-1.8122278750988399,1.0877042636907959,0.9997370488030244,-0.02021409512952887,0.010776146168722075,0.0010479897252450756,0.9997655527825723,-0.002531088397753321,0.021504256808374707,0.0016597682226162965,0.9991805841512603,0.04044014619896268,-0.021588993464378196,-0.040394973037112446,0.9989505300636894,0.0002469564547814176,0.03384449137791825,7.142955519382161e-06,0.08032174071588111,0.0001750797129849915,0.08649517685296013,-1.2821367474990306,0.39351754873887357,-0.30948909270561936,-0.12125138250493514,0.13654855471728106
61,0.1525,20,-0.16938535017757822,-1.5253324663994885,0.04020210048984065,0.011760085931638707,0.02728156287781259,0.0028740821253434292,-0.2895392033363613,-0.09689221575307011,0.051747220239629105,0.0002693178631661732,0.0002176246330110661,0.005145606771621417,0.4548064330651236,-1.5934865287684865,1.2349612803106829,0.9997320881215677,-0.02050510007332886,0.010681758209899719,0.0010921962360252474,0.9997694142978545,-0.0026218682894662663,0.021313001693746666,0.0017457462052538827,0.9991566959567295,0.041022546179123515,-0.02140258406622431,-0.04097587987467957,0.9989308818250561,0.00024749714735253356,0.03386583348010118,6.829787909385706e-06,0.08064988919958145,0.0001735512626352837,-0.16938535017757822,-1.5253324663994885,0.04020210048984065,-0.30006073358874974,-0.11232069816943868,0.1382838772200077
62,0.155,20,-0.034392101032013865,-1.0964503964565018,-0.002126153261586783,0.0060681963702545385,0.004222995351140144,0.009911168053637787,-0.28829244623237915,-0.09986114959934156,0.054347726954874075,0.00022973547487953571,0.0005338160716383992,0.004560345432682097,0.6233785519910715,-1.4844669231357264,1.3002533576224864,0.9997270813832633,-0.02079522974958472,0.010584151283119956,0.0011388196434222694,0.9997733576628716,-0.0027172173919546307,0.021115161310128257,0.0018368179614072651,0.9991325230189635,0.041603215567273824,-0.02120988937464148,-0.04155500180971314,0.998911068322556,0.00024922357223569754,0.03388544819757598,6.54059112005288e-06,0.08097776737081955,0.00017261227948347745,-0.034392101032013865,-1.0964503964565018,-0.002126153261586783,-0.29345434921588703,-0.10637487003168258,0.12186445496363965
63,0.1575,20,0.023875295666650594,-0.8950728605291941,-0.01407738242557155,0.009009617262556847,0.010021844607216683,0.010855157858934544,-0.28674272747654256,-0.1026150407247809,0.0566528482181011,0.0001589690175416058,0.0007842258576301019,0.003359976131638889,0.7748593779182783,-1.376945562719671,1.1525606316135126,0.9997220327724138,-0.02108414755793942,0.01048353823873551,0.0011879971147742837,0.9997773681777045,-0.0028174067153294187,0.020911152504419373,0.0019332608467102193,0.9991080947692207,0.04218148253815393,-0.0210113441302846,-0.04213166488543296,0.998891108295504,0.0002517507037162908,0.03390360509963561,6.287685454077116e-06,0.08129924085146216,0.00017211344949384164,0.023875295666650594,-0.8950728605291941,-0.01407738242557155,-0.2885627316633314,-0.10270404454063267,0.09880178272121495
64,0.16,20,0.05403545249665968,-0.8318069142939575,-0.010759650185179482,0.007344008056597168,0.014472212836629025,0.012508818992686235,-0.2849033806702583,-0.10515052978659907,0.058489491420789005,0.0001276739020268321,0.0009949983267517944,0.0020834205376505065,0.9196734031421488,-1.267744530909076,0.9183216013439527,0.9997169467364895,-0.021371545991345036,0.010380135811936586,0.0012394395252559919,0.9997814331403779,-0.0029218564955093094,0.02070141788360367,0.0020344982959044676,0.9990834416232061,0.04275672451221752,-0.02080737283887367,-0.04270526230980617,0.9988710196049312,0.00025455207588155984,0.03392048841979005,6.072735398553036e-06,0.08160946290388689,0.00017195904324834703,0.05403545249665968,-0.8318069142939575,-0.010759650185179482,-0.28471349358052567,-0.1007843561822926,0.0758108828199321
65,0.1625,20,0.07308164854761288,-0.8274636743618199,-0.0036188074134300583,0.005276010945715818,0.014630940110861258,0.013596807897382102,-0.28277995731502215,-0.10746563974205732,0.05982361496994385,0.00011315554195531295,0.0011854672913391494,0.0009259148491962635,1.0617116776180873,-1.1575549777291292,0.6670617745774186,0.9997118280913512,-0.021657128868935588,0.010274167116235456,0.0012926845983677797,0.9997855409131936,-0.0030296420884741576,0.02048642110590811,0.0021396062434449912,0.9990585954713669,0.04332833830073158,-0.020598404453643065,-0.04327521327036272,0.998850820518444,0.0002573459548324765,0.033936230844703895,5.895818287774304e-06,0.08190459212558585,0.00017205604729533496,0.07308164854761288,-0.8274636743618199,-0.0036188074134300583,-0.28150831877035015,-0.1002640925295087,0.05555362101973298
66,0.165,20,0.08511605410344178,-0.8416820239339797,0.0007297827036434335,0.005556488074901032,0.015481051023591985,0.014121130745509082,-0.2803617672708923,-0.1095620070067108,0.06066046926941247,0.00011260466147918547,0.001341409689040012,0.00014191231159729674,1.209095022064916,-1.0481836323267384,0.41842714973431266,0.9997066820459218,-0.02194060523470386,0.010165858049478716,0.0013472359803555654,0.9997896805706622,-0.003139771780379592,0.020266634095982446,0.002247591467036996,0.9990335895942962,0.04389573094200125,-0.020384870787194326,-0.04384094770305946,0.9988305303441055,0.00026003985703623614,0.03395093542567752,5.7549941182392555e-06,0.08218160964309643,0.00017232611753523124,0.08511605410344178,-0.8416820239339797,0.0007297827036434335,-0.2787389896060261,-0.10090811810106617,0.03866393356425627
67,0.1675,20,0.09519930856167126,-0.861890835994339,-0.0004949769598806775,0.00583108624316436,0.01539352487049135,0.014462395449481857,-0.2776525074630574,-0.11144218044475929,0.061025204678030714,0.00012016279539176466,0.0014686713825747893,0.0010856968114564076,1.354629903917429,-0.9400867190242432,0.18236770430912097,0.9997015145504461,-0.022221673597461168,0.010055433052680425,0.0014026026505597423,0.9997938419438555,-0.003251265090509663,0.020042526947875127,0.002357470885798515,0.9990084598566651,0.04445828905655961,-0.020167199661025818,-0.04440187394835075,0.998810170977302,0.0002625772495093575,0.03396468786453182,5.647212270538468e-06,0.0824381917068221,0.00017270341428854728,0.09519930856167126,-0.861890835994339,-0.0004949769598806775,-0.2762728717094315,-0.10251263870937395,0.025114794059441132
68,0.17,20,0.10439752318718909,-0.8822000022282097,-0.007979119345256436,0.0060261582928173175,0.014982635611848713,0.014752006361897555,-0.27466176645876145,-0.11311059675565564,0.060950215908789615,0.00013314948672262888,0.0015716314580306553,0.0019021824150984225,1.495370502147986,-0.8342081554481804,-0.03749438462055016,0.999696331967798,-0.022500036533805334,0.009943113837622352,0.001458318661998079,0.9997980155877843,-0.0033631924836919095,0.019814564417272865,0.0024683107852667566,0.998983243325315,0.04501540844090883,-0.01994581330996441,-0.044957407527037724,0.998789765686379,0.00026497881401784117,0.03397756276934336,5.568739544328273e-06,0.08267261481198661,0.00017313204028390663,0.10439752318718909,-0.8822000022282097,-0.007979119345256436,-0.2740205217029251,-0.10491103123186751,0.014584230881810174
69,0.1725,20,0.11304517243317028,-0.9007345377592515,-0.02159819903291895,0.006122098275400454,0.01451207469708419,0.015100578709672269,-0.271404411770231,-0.11457354697729097,0.06047300837438964,0.00015038166410202665,0.0016535200783504437,0.002600124216855439,1.6286773442652112,-0.7314751108176647,-0.2386037671999905,0.9996911409324091,-0.02277540665294555,0.009829117337214687,0.0015139502708530895,0.9998021928138973,-0.0034746896359572734,0.019583201384255313,0.002579241058378946,0.9989579776127407,0.04556650611387528,-0.01972112471653938,-0.045506982934455584,0.9987693386083285,0.0002673066200802153,0.03398962730706753,5.515378062249418e-06,0.08288367818769957,0.000173564439694346,0.11304517243317028,-0.9007345377592515,-0.02159819903291895,-0.27191656741168363,-0.10796504491668735,0.006667295551130881
70,0.175,20,0.12120257978273083,-0.9172058227332517,-0.04084319710773663,0.006131167386165449,0.014079562107050511,0.015540813597898603,-0.2678894510786199,-0.11583849520084347,0.059634378994659926,0.00017126670070507016,0.0017169322094684157,0.003192552066090286,1.7574803458055512,-0.6324741117762454,-0.41931468986485254,0.9996859482096394,-0.023047511918609175,0.009713653726056043,0.001569100967450257,0.9998063657068884,-0.0035849674770133838,0.019348878524927244,0.0026894652769153073,0.998932700233031,0.04611103101937362,-0.019493534017922486,-0.0460500642055375,0.9987489142513037,0.0002696399546119811,0.03400094211194785,5.481377113581349e-06,0.08307063626591442,0.00017396030284700645,0.12120257978273083,-0.9172058227332517,-0.04084319710773663,-0.26991061940511274,-0.11155919801389166,0.0009620443796974278
71,0.1775,20,0.15518161196876434,-1.0386817286391352,0.20486742286069806,0.003533565631253322,0.013719386255583515,0.001233753331913975,-0.26374335903349033,-0.11627669826431737,0.058087185922158696,0.000424243204398916,0.0012170109549604858,0.003125674393675635,2.0730460225647986,-0.21910153173694918,-0.7735965362506162,0.9996807607971336,-0.02331608981628033,0.009596925139662047,0.0016234147981846457,0.9998105271045136,-0.0036933186181100615,0.019112019479373882,0.002798267544044146,0.9989074489601444,0.04664845239328443,-0.019263426220348087,-0.04658613323212924,0.9987285179670857,0.0002720605504922632,0.034011562093526,5.459538888941513e-06,0.08323313795426406,0.00017428571832671486,0.15518161196876434,-1.0386817286391352,0.20486742286069806,-0.2667443485149317,-0.11410587383427435,0.002995031877126588
72,0.18,20,0.16865579336424888,-1.218103452744374,0.20429169233365255,0.003334854353159657,0.0018904801562114166,0.0005950971473032421,-0.2596157651777459,-0.11678738413957489,0.05597202367348228,0.0005369834829923996,0.0008091710077380605,0.0025033059639681826,2.063796927872199,-0.25534293762875976,-1.0575811243382098,0.9996755894983788,-0.02358050079193409,0.00947977159282134,0.001676208226455292,0.999814648513059,-0.003798404416911208,0.018874340851904568,0.002904253370703696,0.9988823006167663,0.047177482201945,-0.019032444169550067,-0.04711392191742978,0.9987081878258991,0.00027377303796528185,0.03402169372704086,5.443491339289023e-06,0.08337238004910556,0.00017369094175909098,0.16865579336424888,-1.218103452744374,0.20429169233365255,-0.2628056382549945,-0.11639276152577305,0.013107309475492638
73,0.1825,20,0.2009990396641875,-1.2757243728504604,0.18867882866945446,0.0028058042423716877,0.010596845265843329,0.00019975998507316687,-0.25543428211953473,-0.11731303732795596,0.05381976757625596,0.0005311900979316892,0.0004644728379542216,0.0016840899393971074,2.090741529105604,-0.2628265941905411,-1.0761280486131652,0.9996704389425336,-0.023840757819254304,0.009362133492054368,0.0017269127143259252,0.9998187364579081,-0.003899087896802475,0.0186357543792867,0.003006286467780084,0.9988572720781616,0.04769813684251447,-0.01880043801047564,-0.047633466493071895,0.9986879374461612,0.00027499615630845425,0.0340312729691069,5.421025068106119e-06,0.0834890741905021,0.00017236299780092642,0.2009990396641875,-1.2757243728504604,0.18867882866945446,-0.25896443162779004,-0.11872202118933686,0.025029406274981576
74,0.185,20,0.21616834778540986,-1.308133964460726,0.1601780175239859,0.0044618835200929165,0.01367311775586811,0.0020545154937648617,-0.251160935229012,-0.11780519683747452,0.051932070261960575,0.0005186900055195411,0.0001686293352569892,0.0008186795845223933,2.136673445261347,-0.24607975475926802,-0.9438486571476856,0.9996653139531997,-0.02409680824413029,0.009244000169992932,0.0017754920877389785,0.9998227921774071,-0.003995297509632071,0.018396245279484396,0.003104293911611961,0.998832382920584,0.04821031205559888,-0.018567380048993266,-0.04814466145895535,0.9986677845866055,0.0002757715555638318,0.034040270394065306,5.386115493270039e-06,0.08358396756242756,0.00017044569899997826,0.21616834778540986,-1.308133964460726,0.1601780175239859,-0.2551034017050147,-0.12120629223669739,0.037387871848798604
75,0.1875,20,0.22206049200949854,-1.3256090617872327,0.12207536507640544,0.006808701111978444,0.013227451782172795,0.005775682710881493,-0.24677493570280676,-0.1182274413419625,0.05040975736242538,0.0005297109917550175,9.822070053045717e-05,8.854069757524552e-05,2.1929997631026117,-0.2111222522439914,-0.7611564497675971,0.999660219248551,-0.024348564762039303,0.009125403338205017,0.0018222129082476736,0.9998268131080642,-0.004087568459072847,0.018155868865589585,0.003198806562432789,0.9988076538682916,0.04871384003232719,-0.018333341941616357,-0.04864732632130382,0.9986477488158877,0.00027613059743392983,0.03404868715624905,5.336216916858956e-06,0.0836578309708274,0.00016806045630045924,0.22206049200949854,-1.3256090617872327,0.12207536507640544,-0.25121202184097496,-0.12389988437037333,0.049458074162023344
76,0.19,20,0.2240798374572462,-1.3353802455427195,0.07694499676397867,0.00891969194856579,0.014407147973839858,0.010358016563718753,-0.24226748133941534,-0.11855369335369195,0.049256577625614105,0.0005620055094079297,0.0003174210860943692,0.001027287337769303,2.2537271816957416,-0.1631260058647328,-0.5765898684056371,0.9996551595313943,-0.0245959200980998,0.009006408398970545,0.0018674433167932024,0.999830794526419,-0.004176640496233359,0.017914742276540427,0.0032905568908256208,0.998783106739973,0.0492085147733207,-0.01809846822297073,-0.04914123894462883,0.9986278506445577,0.0002761307603503975,0.034056543836849675,5.272086921096186e-06,0.08371148000115271,0.00016530541708899028,0.2240798374572462,-1.3353802455427195,0.07694499676397867,-0.2473803358119715,-0.1268129561466648,0.06101991985042896
77,0.1925,20,0.22022152654338406,-1.3369757680986005,0.00687979415558031,0.014709564930857136,0.011007725161817838,0.03581802429933418,-0.2376351383812364,-0.11876439985653493,0.04844378977004758,0.0007319653997219144,0.00048764587140359385,0.0019524695773368583,2.316171479089477,-0.10535325142149764,-0.4063939277832617,0.9996501395038176,-0.024838757873636833,0.008887105951369129,0.0019115556758916128,0.9998347306054142,-0.00426326314199556,0.01767303207095182,0.003380284450301901,0.9987587641243856,0.0496941119426124,-0.017862954745333608,-0.04962615915131804,0.998608110910208,0.0002758579145471781,0.034063871092272616,5.1957984318248485e-06,0.08374580322669523,0.0001622719013437715,0.22022152654338406,-1.3369757680986005,0.00687979415558031,-0.24378395758960208,-0.12991097442171357,0.07208943445601146
78,0.195,20,0.2192380612966819,-1.342800662220873,-0.04775318845113326,0.014803428223158848,0.011639529230375072,0.036242243139268625,-0.23287797307624328,-0.11884659532852977,0.04793192218253786,0.0008822522013803822,0.0006375029603063435,0.002857039758465888,2.378582652496545,-0.04109773599741516,-0.2559337937548605,0.9996451638809939,-0.025076957637263638,0.00876760598681477,0.001954893925459741,0.9998386149500004,-0.004348130284795471,0.01743094426275867,0.0034686707491491785,0.9987346491707981,0.0501703983332472,-0.017627035431375063,-0.050101839374509405,0.9985885505618377,0.0002755048720131883,0.0340707238135733,5.12969724744275e-06,0.08376174454108645,0.00015902756628185936,0.2192380612966819,-1.342800662220873,-0.04775318845113326,-0.24030341503989622,-0.13319242351693278,0.08270626081561745
79,0.1975,20,0.21701130279172914,-1.3437861991260154,-0.11389354055473389,0.011821816760008689,0.016784220215370856,0.016606176598857894,-0.2279982315485005,-0.1187927182185129,0.04768221195406243,0.0008874888897098109,0.0008015340974874065,0.0036826243498611594,2.4398707638714012,0.02693855500843827,-0.1248551142377181,0.9996402374011673,-0.025310398291013725,0.008648031630116956,0.0019977627017859043,0.9998424409862237,-0.004431858212952007,0.01718871244421957,0.003556317712985828,0.9987107853650752,0.05063713854276314,-0.0173909691229121,-0.050568031682625095,0.9985691905745495,0.00027518570898456507,0.03407713660778659,5.0685204276667694e-06,0.08376031491586203,0.0001556372055269945,0.21701130279172914,-1.3437861991260154,-0.11389354055473389,-0.23700346541165968,-0.1366271394198424,0.09291640855990586
80,0.2,20,0.21424393409011594,-1.3500469681743785,-0.1727137775977643,0.013287599253880605,0.019456330045614326,0.016181362194775627,-0.2230000368916375,-0.11860017186141532,0.04766073356896146,0.0007862537929804872,0.0009206257315786694,0.004380256192984632,2.499097328431502,0.09627317854878979,-0.010739192550484306,0.9996353648262296,-0.02553896032401262,0.008528513831785368,0.002040427925806834,0.9998462022114013,-0.0045149865807766025,0.016946587255642246,0.0036437490752855646,0.9986871963188962,0.05109409947712993,-0.017155028887007002,-0.05102449220597791,0.9985500519147791,0.00027491514540910146,0.034083153656286384,4.989605334703101e-06,0.08374256086353218,0.00015216799304195025,0.21424393409011594,-1.3500469681743785,-0.1727137775977643,-0.23372916749454098,-0.14018259762472746,0.10275676966932774
81,0.2025,20,0.2575237101012462,-1.5919557016796617,0.009600551800005875,0.006048818495444951,0.016363471746331713,0.011954908973358953,-0.21767465514726364,-0.11816685319035503,0.047969692383974624,0.0005176108528099249,0.0005103731661516637,0.004498375170015447,2.6626908721869174,0.2166593355301428,0.15447940750658587,0.9996305509290881,-0.025762527786266375,0.008409186404322437,0.0020831215248114073,0.9998498923774605,-0.004597987631801439,0.016704826324106224,0.0037314200381964382,0.9986639055335494,0.05154105440303279,-0.01691949222876672,-0.051470984974212805,0.9985311554921584,0.0002748287396723852,0.034088802344096794,4.8877027612505184e-06,0.08370992695824761,0.0001490372831789453,0.2575237101012462,-1.5919557016796617,0.009600551800005875,-0.22242115975789778,-0.13045364683788702,0.10405750019475517
82,0.205,20,0.23643578688441308,-1.29616595954136,-0.0711476861808232,0.005897600140142463,0.005343547217547866,0.017676631209041928,-0.2120857085115359,-0.11755752168843966,0.04831939241264397,0.0005424905770733157,0.00019887204305531024,0.0038907015858224404,2.794473317863872,0.3046657509576794,0.17485001433467393,0.9996258049158739,-0.025980776250344867,0.008290281206352607,0.0021261818455226714,0.9998535011765587,-0.00468154835960561,0.016463878338166194,0.0038199965953068654,0.9986409572323786,0.05197736203397087,-0.01668483775735047,-0.051906855452389974,0.9985125410058983,0.0002757605406188878,0.034093729482941725,4.7912900815728044e-06,0.08368123419410424,0.0001463988215335568,0.23643578688441308,-1.29616595954136,-0.0711476861808232,-0.2133812626181173,-0.1230451015498466,0.0938654699978029
83,0.2075,20,0.2502490965357123,-1.093630555086189,-0.12184946039851016,0.006228221806057518,0.010210684106001825,0.01577394492432416,-0.2062955117072436,-0.1168047885827597,0.04837187909244543,0.0004345764628411275,8.98942245311733e-05,0.003007790738993436,2.895098402146141,0.3763665528399891,0.02624333990072583,0.9996211357551931,-0.02619344221830412,0.008171972308733844,0.00216965546571269,0.9998570229274908,-0.004765771090623166,0.016224090991083476,0.003909562752709561,0.998618392359833,0.05240249764796897,-0.01645141397138257,-0.05233157619042778,0.9984942449066833,0.00027730362226194787,0.03409814485812827,4.706372065254768e-06,0.08365343255736264,0.0001441262998704692,0.2502490965357123,-1.093630555086189,-0.12184946039851016,-0.20564320499345157,-0.11741358698768527,0.07666707692188668
84,0.21,20,0.2661259691660677,-1.0291561034689667,-0.1594509071470588,0.006009100057116506,0.016336218552634032,0.01674420735663153,-0.20032298405878485,-0.11593025422080691,0.04805785611072026,0.0003727872026230752,0.00032291435676803384,0.0019140960864349591,2.9862638242293804,0.4372671809763893,-0.1570114908625805,0.9996165520173715,-0.02640032114336115,0.008054408854834112,0.0022132497437289916,0.9998604560471421,-0.004850080115934516,0.01598577980800511,0.003999524194384307,0.9985962491381986,0.05281604882362367,-0.016219501824024738,-0.05274474315028827,0.9984762990830531,0.00027908990776115373,0.03410218276200403,4.629805483311244e-06,0.08362418097354661,0.00014215795570682408,0.2661259691660677,-1.0291561034689667,-0.1594509071470588,-0.1988224469623549,-0.11303939424052187,0.059160139121012145
85,0.2125,20,0.28047615007467275,-1.0207988501517538,-0.19091362650881027,0.0056879453911632,0.017534392049336427,0.01701737618936862,-0.19418546032110023,-0.11494904945920646,0.04736969110421384,0.0003334460392354394,0.0005328960455798702,0.0008465795930627316,3.068761868842296,0.49060238080021573,-0.3440825032532082,0.9996120622937318,-0.026601226756674833,0.007937720019992881,0.00225660204657417,0.9998638006961752,-0.00493375943147018,0.015749224592709662,0.0040891470707388675,0.9985745649644867,0.05321763882605035,-0.015989338123671645,-0.05314598972508136,0.9984587346718483,0.0002808277890993063,0.034105935732648536,4.561272832872023e-06,0.08359164785972434,0.00014041711778352254,0.28047615007467275,-1.0207988501517538,-0.19091362650881027,-0.19260750353021588,-0.10965149077654024,0.04384231192969303
86,0.215,20,0.2926570716759098,-1.029535883493576,-0.22344489188687922,0.005685139929726913,0.016121416108789827,0.01483319532887016,-0.18790053704323573,-0.11387268291867676,0.04632852726337688,0.00029951847043962137,0.0007314828539453117,0.00011584568988613836,3.1424616389322546,0.5381832702648618,-0.5205819204184798,0.9996076750133402,-0.02679599008626392,0.007822020081877068,0.0022993415492287704,0.9998670580605574,-0.0050160764653093565,0.015514676349189448,0.0041776813750352155,0.9985533758874737,0.0536069256911679,-0.015761128882621725,-0.05353498370807526,0.9984415818342711,0.0002824072734333144,0.03410946871402019,4.4996911810948494e-06,0.0835544170940729,0.0001388419883273733,0.2926570716759098,-1.029535883493576,-0.22344489188687922,-0.18685177713912907,-0.10711538477582747,0.031336846546696204
87,0.2175,20,0.30199087870347985,-1.0433195629207321,-0.2544492110030454,0.0053597235815326496,0.014927241311330351,0.014750417722919603,-0.18148066233232896,-0.11270971715011073,0.04496701529082617,0.00027342419029395207,0.0009124469311676031,0.0009515333420731096,3.209937355453385,0.5814828842830158,-0.6807559862753609,0.9996033983004475,-0.026984460004340866,0.007707411404060815,0.002341118091768862,0.9998702299510579,-0.0050963398702493865,0.015282361648172078,0.0042644185311698675,0.9985327161687091,0.05398360376384078,-0.015535056878223182,-0.053911427922725776,0.9984248694554454,0.00028383471556126747,0.03411277719609888,4.495870904596646e-06,0.0835114067888162,0.00013738252341571373,0.30199087870347985,-1.0433195629207321,-0.2544492110030454,-0.18145978748426816,-0.10533295466076906,0.02159538859735926
88,0.22,20,0.30921747668373323,-1.057125944397367,-0.28663105104682823,0.005143145168689016,0.013896146688112152,0.014676654416719698,-0.1749300324815294,-0.1114702850955432,0.04331696112260676,0.0002528867325648541,0.0010771777749626513,0.0016744125782039011,3.2753149253997824,0.6197160272837574,-0.8250270841097004,0.9995992400219983,-0.02716649817580605,0.007593987092153027,0.0023816138124474156,0.9998733185513852,-0.005173922786868801,0.015052487237523409,0.004348714640924521,0.9985126185850246,0.0543473937502899,-0.015311287666688716,-0.05427504997208902,0.9984086254738163,0.000285159016742616,0.03411591107973729,4.534293257747859e-06,0.08346181876437861,0.00013599668213528645,0.30921747668373323,-1.057125944397367,-0.28663105104682823,-0.17637240030457663,-0.10423874362126537,0.014365574721736978
89,0.2225,20,0.31471640338084117,-1.0696099368598948,-0.32007472980251883,0.005020098828527137,0.013027885909436243,0.014610566457813324,-0.16825713338213566,-0.1101635495601293,0.04140869182874816,0.0002362131527463258,0.001226770589869583,0.0022983914337362287,3.336449549696867,0.6533677677069626,-0.9541346469293016,0.9995952079897092,-0.02734197079991106,0.0074818294260438345,0.002420542341387882,0.9998763264064263,-0.005248260973768647,0.014825236886503277,0.004429989126981424,0.9984931152151008,0.05469802614700487,-0.015089966478575979,-0.05462558580733775,0.9983928777224328,0.0002864494597104748,0.03411890873744257,4.602413222743619e-06,0.08340509875791575,0.00013464899450565823,0.31471640338084117,-1.0696099368598948,-0.32007472980251883,-0.17154594962032627,-0.10377961192151312,0.00934031608382601
90,0.225,20,0.3193089570122861,-1.0789036447680294,-0.3581764632947002,0.004525846335889387,0.014046024366177912,0.018064491681283393,-0.1614683082543805,-0.10879899051712247,0.039270252742822434,0.00023042251288064698,0.0013503077120523201,0.002841601406190195,3.3944125638775873,0.682279521503415,-1.0692195429628615,0.9995913098086547,-0.027510752873141763,0.007371010858746995,0.002457647308181904,0.9998792563372576,-0.005318849899986993,0.014600773342327983,0.004507721667346061,0.998474236892123,0.055035249686563134,-0.014871220253306922,-0.054962788306580815,0.9983776533505463,0.00028778282832983256,0.034121799676652256,4.690253724643219e-06,0.08334090255943878,0.00013330977809226883,0.3193089570122861,-1.0789036447680294,-0.3581764632947002,-0.1669544796175606,-0.10392157141763816,0.006216249464010537
91,0.2275,20,0.3645027793538981,-1.2088184819504353,0.08479636015512311,0.010402044937151599,0.016300328066613325,0.02194478989556543,-0.15421661321250454,-0.10684104945520924,0.036648628016452994,0.0003397075285963338,0.001097843000278179,0.002906394494344726,3.625847520937977,0.9789705309566187,-1.310812363184724,0.9995875529123692,-0.027672726018633978,0.007261593742324423,0.0024927000783501758,0.9998821114052816,-0.005385240131104988,0.014379237825638063,0.004581447754745105,0.998456013362034,0.05535882691734245,-0.014655157050897311,-0.0552864230161807,0.9983629789820381,0.0002892146621436828,0.0341245244930906,4.707979997684435e-06,0.08326906345725546,0.00013195180288875033,0.3645027793538981,-1.2088184819504353,0.08479636015512311,-0.15807760277326222,-0.10245950592162563,0.00745017949497403
92,0.23,20,0.3678617838864887,-1.241387080249308,0.01669158163477711,0.004609116926367262,0.0039020098663392366,0.013333115217677771,-0.1469776294220948,-0.10499153756358894,0.03360011509602488,0.000480435412442748,0.0008842379842866609,0.0023616997916136306,3.6194918952048725,0.92475594581014,-1.5242564602140531,0.9995839511611341,-0.027827422320852543,0.007154182485699838,0.0025252368272951765,0.9998848817038548,-0.0054465373256706705,0.01416187032946063,0.004650207496110606,0.998438515491886,0.0556678215183788,-0.014442953656073882,-0.05559555749805049,0.9983489044798765,0.00029031981175674254,0.03412685131142636,4.680621694872154e-06,0.08318877491083233,0.00013042305357073287,0.3678617838864887,-1.241387080249308,0.01669158163477711,-0.14937646916464903,-0.10130991229405181,0.010338732479182891
93,0.2325,20,0.3611541782487011,-1.259641561411746,-0.04395403614804856,0.006784636168368113,0.0030556220459666255,0.006177129324495668,-0.13971029310398086,-0.10319626651646692,0.030484122006036063,0.0006563348008192164,0.0006744729953192883,0.001431330480004711,3.633668159056979,0.8976355235610064,-1.5579965449944102,0.9995805103411989,-0.027974851421936307,0.007048679892202722,0.0025548279249545053,0.9998875779321023,-0.005501883947530263,0.013948504224541053,0.004713140856709619,0.998421761084389,0.05596224885056194,-0.014234387950977919,-0.05589021619367129,0.9983354475993957,0.00029138874114035293,0.03412887107420931,4.613314098468138e-06,0.08310133345101664,0.00012854943871304998,0.3611541782487011,-1.259641561411746,-0.04395403614804856,-0.14121150536485652,-0.10058536630649348,0.014209529751323124
94,0.235,20,0.3515301313697624,-1.2681916805341755,-0.09970279870329968,0.010003664579412274,0.006629639345614984,0.008736108276780123,-0.13239753239888793,-0.10141024361623288,0.027627916222918183,0.0006600504766618828,0.0004833461122806497,0.0006686469474342846,3.656380352546477,0.893011450117022,-1.4281028915589393,0.999577235853596,-0.02811498547829447,0.006945034531911989,0.002581404693260057,0.9998902056903203,-0.005551145825838694,0.013739044529703504,0.004770107645794857,0.9984057678827298,0.05624205483038622,-0.014029349151561935,-0.0561703430514441,0.9983226281738117,0.00029250471075095165,0.034130667332219145,4.518946165459803e-06,0.08300747488054565,0.00012603683985074813,0.3515301313697624,-1.2681916805341755,-0.09970279870329968,-0.13354135101015613,-0.10035679958832848,0.018434923658753197
95,0.2375,20,0.3415644693098766,-1.2778096540447743,-0.15609951998179747,0.009775107574426827,0.006267459270822096,0.010077670658573363,-0.12503299097854345,-0.09960726276537776,0.02512507252689531,0.0006491999567020813,0.00031617903178818654,1.5809337041102957e-05,3.682270710172228,0.9014904254275569,-1.2514218480114379,0.9995741322038787,-0.028247782290652803,0.006843231515989796,0.00260522685027171,0.9998927659509543,-0.005594846964165605,0.01353345064636299,0.004821622508052749,0.998390551177437,0.056507161280702906,-0.013827818169899943,-0.056435848598750574,0.9983104659561569,0.0002935162043072154,0.034132314304374356,4.411388911629448e-06,0.08290750931101257,0.0001229819137655369,0.3415644693098766,-1.2778096540447743,-0.15609951998179747,-0.12621540321363825,-0.10060099224308831,0.02293640671216385
96,0.24,20,0.33467452373573686,-1.2839999596993257,-0.21192862546451083,0.010001241279707258,0.010142739548597802,0.010625583818865863,-0.11761976183332168,-0.09777024789312415,0.022971429960877924,0.000595661600324175,0.00017642258447997,0.0006435358252321036,3.7066145726108783,0.9185074361268097,-1.0768212830086936,0.9995712034524254,-0.028373193855900883,0.006743279437036351,0.0026266483433137026,0.9998952578018292,-0.00563370084052788,0.013331723078916597,0.004868387341761709,0.9983761251777921,0.056757479504187205,-0.01362982868946108,-0.05668663060914003,0.9982989801056991,0.00029440418997188627,0.034133879599925435,4.294605103946804e-06,0.08280176909470742,0.00011949190732852348,0.33467452373573686,-1.2839999596993257,-0.21192862546451083,-0.11922863300582032,-0.10129618701924911,0.027593633504447195
97,0.2425,20,0.3296568220735748,-1.2944514939693608,-0.26073611020892623,0.009492055169472666,0.016866063105993086,0.005086110426949636,-0.11016442201465691,-0.09588640440131865,0.02113104396313377,0.0005038654455779643,8.351813751305995e-05,0.001227527167521608,3.727669909332379,0.9419217459027472,-0.9201929988720775,0.9995684532827034,-0.028491174964260096,0.0066452037433544645,0.0026460193478453314,0.9998976796976403,-0.005668414258813867,0.013133895654589948,0.004911095608713595,0.9983625030615335,0.05699292605781527,-0.013435448455383064,-0.05692259270711412,0.9982881884327305,0.0002951945068438361,0.03413541905553027,4.168727642695551e-06,0.08269062567699828,0.0001156685616549318,0.3296568220735748,-1.2944514939693608,-0.26073611020892623,-0.11256296688292926,-0.10239067500677812,0.03242816842686381
98,0.245,20,0.32661709719043,-1.2997332586726045,-0.31481076484761406,0.008228013444264078,0.0179747591561746,0.005726490251577029,-0.10267546536602735,-0.09394676695008013,0.019547227625784494,0.0003928892427532526,5.988073687545836e-05,0.0016938159398202457,3.744478324314774,0.9698187256192741,-0.7919081686746361,0.999565885026881,-0.028601686440817148,0.00654904333310611,0.0026636543676471017,0.9999000299536617,-0.005699623438607435,0.012940030576650895,0.004950368703004135,0.9983496969563018,0.057213428816709745,-0.013244770604691519,-0.057143651265197194,0.9982781071283245,0.00029593711807964076,0.03413714025909658,4.199020202857919e-06,0.0825744908932836,0.00011160577265499733,0.32661709719043,-1.2997332586726045,-0.31481076484761406,-0.1062207307228112,-0.10388290127579576,0.03743829692340402
99,0.2475,20,0.3244916346713308,-1.3059046475062708,-0.36771946716527026,0.007564035395206703,0.015804285853537468,0.007055013656694744,-0.09518017658147027,-0.09194428688115265,0.018164018878514276,0.0002996382696416031,0.00012696450464697706,0.002053551823885352,3.7476443922785525,1.0012400344637356,-0.6916043736351088,0.9995635016987978,-0.028704696965027365,0.0064548473781602216,0.002679811394110284,0.9999023071124333,-0.005727852197869606,0.012750213348507544,0.004986714446087245,0.9983377179660758,0.057418930374233686,-0.013057906044472998,-0.05734973928002874,0.9982687506349412,0.00029662701428226877,0.034139031855261556,4.34277182336449e-06,0.08245379172334276,0.00010737637673871092,0.3244916346713308,-1.3059046475062708,-0.36771946716527026,-0.10017253395262779,-0.10575097727324038,0.042632605644586784
100,0.25,20,0.3231197579771492,-1.3085560878021743,-0.42019560312438786,0.0075919655923151665,0.013375609929988779,0.00838242850320194,-0.08768600250416483,-0.08987300454144256,0.016939957375353528,0.00023460755658278595,0.00019967240049106348,0.002362727431636726,3.7470870386527158,1.0356411698550476,-0.6120307515803739,0.9995613054680219,-0.028800201898051384,0.006362673503569036,0.0026946924838009765,0.9999045100366094,-0.005753513236914282,0.012564549091815258,0.005020528110857601,0.9983265740060985,0.057609425710851585,-0.012874979842161776,-0.057540843916983796,0.9982601295130369,0.0002972772629089612,0.0341410816779744,4.566674872713764e-06,0.082328972035214,0.00010303208259097515,0.3231197579771492,-1.3085560878021743,-0.42019560312438786,-0.09443813772880097,-0.10797139951669894,0.04800918775546565
101,0.2525,20,0.5056062594789228,-1.4913328535025419,0.127513896203416,0.005056593413431481,0.016182242274983563,0.002384270946463765,-0.07991230657019383,-0.0875610545679853,0.015781791901625243,4.826024264183137e-05,0.00015911553822015964,0.002523024013743548,3.8868479669855063,1.1559749867286282,-0.5790827368641418,0.9995592981953109,-0.028888203579499453,0.006272586279424707,0.0027084583464108527,0.9999066378295058,-0.00577693694667932,0.012383158886467169,0.005052121949039336,0.9983162718946703,0.05778492306941966,-0.012696128870858015,-0.0577169669147713,0.9982522527106331,0.0002979283809039156,0.0341432786853784,4.844163324439419e-06,0.08220047098911099,9.861393286208073e-05,0.5056062594789228,-1.4913328535025419,0.127513896203416,-0.08144357161514602,-0.09906583532454946,0.047702650415569335
102,0.255,20,0.4533428808440013,-1.2781371312290197,0.009315124571916656,0.003195589306745466,0.0009095169176104358,0.0011803859697020668,-0.07209760864388218,-0.08510473725918541,0.014489913154539794,0.00014192644727519592,0.0004048726703812087,0.0021503660682140884,3.9073489631558287,1.2281586543999456,-0.6459393735427226,0.9995574888945492,-0.02896842266940976,0.006184823819497928,0.002721183049943583,0.999908686234261,-0.005798286973526136,0.012206517171041889,0.0050816286113699385,0.9983068513017103,0.05794486771683132,-0.012521830694048285,-0.0578775475658533,0.9982451568847364,0.000299243685055691,0.034145211147256986,5.391753249215215e-06,0.08207602507687106,9.469822547533215e-05,0.4533428808440013,-1.2781371312290197,0.009315124571916656,-0.07040250015929311,-0.09161389711386113,0.040038728865764914
103,0.2575,20,0.44670968622881296,-1.145014101833428,-0.07055457088718838,0.003920857993832251,0.0033565925936098837,0.00034192213521842054,-0.06426534057665709,-0.08250806159590346,0.01300068646814793,0.00020438521950436072,0.0006209448208631695,0.0015491146314845826,3.9161340336125456,1.298337831640969,-0.7446133431959333,0.9995558807674445,-0.029040817064378822,0.006099534184494147,0.002732736757146652,0.9999106556650966,-0.005817317105250223,0.012034928711607567,0.0051087752795309456,0.9982983261880989,0.05808917580051769,-0.012352372344605166,-0.05802250211544793,0.9982388532539309,0.0003008847975655803,0.03414704725786612,6.1386628507681275e-06,0.08195488032764264,9.09534037953315e-05,0.44670968622881296,-1.145014101833428,-0.07055457088718838,-0.06076719993772417,-0.08534440956028434,0.02842961510803766
104,0.26,20,0.4509798538018348,-1.0977526134321722,-0.12461696767959704,0.002807765923456955,0.00984355422466006,0.011663836898565117,-0.05642040474389663,-0.07976891186719652,0.011285651108618176,0.0001993929235030789,0.0007816738624839373,0.0008516918198194584,3.9224679163802274,1.369574864353468,-0.8575176797648761,0.9995544764003391,-0.02910536759984369,0.006016863226149926,0.002742925780943104,0.9999125474301561,-0.005833653517541301,0.011868697416866615,0.005133161453561,0.9982907078700765,0.05821780856192914,-0.012188032869480364,-0.05815179332487548,0.9982333498675916,0.0003026692670451643,0.03414888606092554,7.028302159200925e-06,0.08183590747206419,8.736329448122697e-05,0.4509798538018348,-1.0977526134321722,-0.12461696767959704,-0.05207523018649953,-0.07990710608277037,0.016686755476411227
105,0.2625,20,0.4570071523399042,-1.0880995261001445,-0.1830733467060787,0.003420245243964807,0.011702260390000711,0.012518450276817866,-0.04856796676566289,-0.07688047431522259,0.009356216618469528,0.0001891870462871579,0.0009357810067795454,0.0001482485758565111,3.9262189891168684,1.4442187759869602,-0.9647172450743232,0.999553278155896,-0.02916205977942193,0.005936959710903055,0.002751528050857785,0.9999143632055529,-0.005846865714340352,0.011708134631617515,0.005154329818350855,0.9982840067256136,0.05833073632296152,-0.012029095533633,-0.05826539347823607,0.998228653557625,0.00030444504124692485,0.03415109189936676,7.708858197210629e-06,0.08171827187125626,8.390763869148343e-05,0.4570071523399042,-1.0880995261001445,-0.1830733467060787,-0.044167077135121316,-0.07517679637256451,0.006600421504531766
106,0.265,20,0.4618137728706402,-1.0909470825958316,-0.23862967797133336,0.003906210123790606,0.012304858836854938,0.012966897162250753,-0.04071869940729226,-0.07383610256605685,0.007233984010123625,0.0001816328552176757,0.001086333413211367,0.000505495184079539,3.9246336791853196,1.5221858745828727,-1.0611163041729519,0.9995522880189145,-0.029210884305706016,0.005859978903731455,0.002758333098018989,0.9999161044915363,-0.005856546650067918,0.011553563943929028,0.005171845986904808,0.9982782316731981,0.0584279400331762,-0.011875857339940357,-0.058363284938120784,0.998224769770653,0.0003061809293794816,0.034153625857970465,8.217182926331281e-06,0.08160133851464979,8.057208154504464e-05,0.4618137728706402,-1.0909470825958316,-0.23862967797133336,-0.03692969148055904,-0.07107417845921424,-0.0013841819566721004
107,0.2675,20,0.4658733685165083,-1.0962499776920187,-0.29235567634049486,0.004924992788687828,0.011918008061917906,0.013221266954377805,-0.0328916031701824,-0.07063012382237586,0.004940325642000034,0.00018210690791085839,0.001235438318037689,0.00105725393982884,3.9135481185549215,1.6029893718404935,-1.1468291840617957,0.9995515073998635,-0.029251842645850467,0.005786082127059947,0.0027631522039305062,0.9999177724870336,-0.0058623330290614355,0.011405319637132538,0.005185318773394535,0.9982733893834407,0.05850942247292991,-0.011728628811036177,-0.05844547117060388,0.9982217019108827,0.00030789547862874187,0.0341564487664464,8.585349416837175e-06,0.08148462614253395,7.734451913393263e-05,0.4658733685165083,-1.0962499776920187,-0.29235567634049486,-0.03028964094716909,-0.06755467144791209,-0.0073112594059310506
108,0.27,20,0.47448303706128747,-1.0951351034283652,-0.3440119768041824,0.006242220302580512,0.010972177902082235,0.013369104045689287,-0.025107462852433357,-0.06725894440927238,0.0024947269626910944,0.00018776911701652116,0.0013829056850462385,0.0015009739562022338,3.892070158874528,1.6855897065517444,-1.2227993396544703,0.9995509368875928,-0.029284955363467247,0.00571543582786162,0.0027658181055635936,0.9999193680870091,-0.005863904723556892,0.011263744753390193,0.0051943995911501355,0.9982694832791333,0.058575224852317816,-0.011587732192449792,-0.05851199342874227,0.9982194503653147,0.0003096478490693294,0.03415952412027235,8.841967176076223e-06,0.08136777907182864,7.42139978295781e-05,0.47448303706128747,-1.0951351034283652,-0.3440119768041824,-0.02419169786304764,-0.06460056818475957,-0.011664754486975456
109,0.2725,20,0.4814251449104342,-1.0703341116217726,-0.39288462021134396,0.006002082206056227,0.010734898942297271,0.013191283025915658,-0.017375637400151755,-0.0637181363539969,-7.473714552648785e-05,0.0001944617839212927,0.0015259596398837947,0.0018964040279646273,3.8659127261407975,1.7704040276377355,-1.2847320541087912,0.9995505762043799,-0.029310263895204417,0.005648209560400542,0.002766183046635734,0.9999208919202286,-0.005860980741804583,0.01112918713108423,0.005198778690801558,0.9982665133234919,0.05862543029336767,-0.011453497351401566,-0.05856293436724837,0.9982180123183105,0.00031150825508297563,0.03416281800111622,9.010183564997858e-06,0.08125054655500452,7.117060524322393e-05,0.4814251449104342,-1.0703341116217726,-0.39288462021134396,-0.018971335828877472,-0.062186662173788466,-0.014681808970937599
110,0.275,20,0.48745919243663866,-1.071952700834537,-0.4408190839366136,0.006573774787270624,0.012627830455556382,0.01328400350278103,-0.009704459944085884,-0.06000502545155035,-0.002759585005688409,0.00019270605780631912,0.0016568741867736487,0.002353186521730654,3.835588728032937,1.8565554512232763,-1.3424239300809608,0.9995504245044815,-0.02932781916859261,0.0055845765425464365,0.0027641274510789523,0.9999223442085493,-0.005853336436166846,0.011002000047471748,0.005198202632274983,0.9982644772444971,0.058660141162162636,-0.011326263367648493,-0.05859839523686702,0.9982173830553095,0.00031351890857591534,0.03416629779388962,9.107513129489722e-06,0.08113279625577294,6.820518030553853e-05,0.48745919243663866,-1.071952700834537,-0.4408190839366136,-0.014168293996912204,-0.06028268278760109,-0.016364975482549705
111,0.2775,20,0.5600492705718407,-1.1527947518505066,0.2626642842695537,0.005348197996476353,0.021114914823501717,0.011535985850262508,-0.0017206781281517637,-0.05589787433622842,-0.005791244611358784,3.6067922353459755e-05,0.0015207734405225813,0.0024384604202304914,3.9918909079670617,2.0535755576609662,-1.5158298028351873,0.9995504804629483,-0.02933768047578708,0.005524712476394402,0.0027595402956240244,0.99992372497882,-0.005840764155401827,0.010882540997493185,0.005192435157989613,0.9982633708833148,0.058679476563883566,-0.011206375043305492,-0.05861849389708217,0.9982175561127076,0.0003156715629112899,0.034169936203833386,9.149165714931931e-06,0.0810144606253698,6.530784886821074e-05,0.5600492705718407,-1.1527947518505066,0.2626642842695537,-0.0037068650041693412,-0.05537062197503577,-0.01810522548428342
112,0.28,20,0.5528945022784514,-1.1480951856226995,0.16248199657653525,0.0026131942914517014,0.004658696628412746,0.009696748383028402,0.006163083468508984,-0.05194970976566503,-0.00906014415166696,5.6221012686436e-05,0.0014274998829960572,0.0021304186244185553,3.941880798330372,1.974082285281695,-1.6344497701540874,0.9995507529253592,-0.029339532299290965,0.005469020429497952,0.002752087634550126,0.999925031658387,-0.005822619537535772,0.010771637048048973,0.005180785531388824,0.9982632357162212,0.0586828056474626,-0.011094616904226423,-0.05862260075347411,0.9982185633200011,0.0003177030200319258,0.03417369569181825,9.160532982923706e-06,0.08089121432648468,6.183840359675732e-05,0.5528945022784514,-1.1480951856226995,0.16248199657653525,0.0060310536792825544,-0.050876842436827927,-0.019679274193820324
113,0.2825,20,0.5470348513771336,-1.1483475589218453,0.06789314240171099,0.002309884259841385,0.005499887191298589,0.009068124349986108,0.01397854358858153,-0.048108943479604774,-0.0122940097940799,3.243981613010407e-05,0.001352013808943834,0.0016994586305495484,3.9077300600362723,1.9203831430301266,-1.6169328212064698,0.9995512411524897,-0.029333473682747874,0.0054173484902157705,0.0027415265011506303,0.9999262727355581,-0.005798411732491147,0.010668997823357363,0.005162773135019074,0.998264062708294,0.05867032366271285,-0.010990671805245595,-0.05861091644490528,0.9982203993140782,0.0003197643399080956,0.03417758545579012,9.144367116249209e-06,0.0807638630250881,5.7939708490729845e-05,0.5470348513771336,-1.1483475589218453,0.06789314240171099,0.015101160247077885,-0.04677972336513112,-0.020935027935046313
114,0.285,20,0.5416883901590733,-1.1499567407468543,-0.02200199952889683,0.0033560976145953904,0.008473077365906684,0.009585313900178893,0.02173571449881842,-0.04432979200510716,-0.01532843274342186,8.339508996013369e-05,0.0012855134459463478,0.0012927327787529955,3.8785854551184458,1.8895757372488102,-1.5172114746709804,0.9995519439949425,-0.029319573731550762,0.005369588445186423,0.0027278878387731642,0.9999274522957368,-0.00576819927314521,0.01057440412043712,0.0051384630958383045,0.9982658424482784,0.058642169110986915,-0.01089432615491836,-0.058583578570911544,0.9982230602322589,0.00032185375394908316,0.03418160946487915,9.10534191502479e-06,0.08063317366423248,5.3728256563586895e-05,0.5416883901590733,-1.1499567407468543,-0.02200199952889683,0.023532147123113047,-0.0430632220036478,-0.02180621279880169
115,0.2875,20,0.5379863128205704,-1.154632887648758,-0.10693270604799512,0.0033739847839120906,0.009511451578298172,0.0100032371342514,0.0294377197974076,-0.04058139145987885,-0.01813899320388847,0.00016412975308100785,0.0012438403763320284,0.000765567143347777,3.851002649294589,1.874200272614153,-1.405280230233305,0.9995528596247856,-0.029297892484463486,0.005325673048672886,0.002711368374344783,0.9999285713762345,-0.005732374016919914,0.01048770869222061,0.0051082500313702215,0.9982685639550148,0.05859846415060252,-0.010805458208689922,-0.05854070470469744,0.9982265414050949,0.00032393394464341345,0.03418576902536881,9.050010657574817e-06,0.08049986313538442,4.928652518175823e-05,0.5379863128205704,-1.154632887648758,-0.10693270604799512,0.03135984653275235,-0.03969961099687615,-0.022083200634368395
116,0.29,20,0.5352858161053343,-1.1616114371490365,-0.18728163315978286,0.003935247748417402,0.009958014911281546,0.01047556005039747,0.037084233700664,-0.03683809136796175,-0.020760084036121094,0.00024224083699556654,0.001218295909666285,0.0001891700024393098,3.8232569516282013,1.8716500459585472,-1.3105454161163115,0.9995539858296146,-0.029268486891200426,0.005285565168947685,0.0026921902003902887,0.9999296298255395,-0.005691379880542946,0.010408822796790194,0.0050725779011032215,0.9982722155740491,0.05853932495610516,-0.01072400813114516,-0.05848240596909969,0.9982308369518889,0.0003260604318290415,0.0341900659538669,8.986935174214392e-06,0.08036459477134039,4.4670326931665595e-05,0.5352858161053343,-1.1616114371490365,-0.18728163315978286,0.03861921131214518,-0.03666918551060765,-0.021630478063100124
117,0.2925,20,0.530381761273113,-1.1587757418667455,-0.26253379043016667,0.0065951267527567135,0.004781889231166591,0.010587249422716478,0.0446724037353456,-0.03307816890821226,-0.023245650115111947,0.00022287563568411145,0.0011963785974270196,0.00030289952896093276,3.7940850173407985,1.879961229874745,-1.2427830394954267,0.9995553201188737,-0.029231413885262708,0.0052492543047818595,0.0026705418117211107,0.9999306270713512,-0.005645594801355614,0.010337712708010578,0.005031822300667312,0.9982767852974006,0.05846486723342467,-0.010649967559995853,-0.05840879382101956,0.9982359395430244,0.00032826238453399,0.03419450222181249,8.920402267604944e-06,0.0802279795828548,3.993136240867222e-05,0.530381761273113,-1.1587757418667455,-0.26253379043016667,0.04514038797348643,-0.03397063340194839,-0.02057319222614823
118,0.295,20,0.5244216602826632,-1.1538028983429942,-0.33387032928844507,0.008606246424073979,0.010243167184877682,0.011779019682577569,0.05219817544628143,-0.029282745686015077,-0.025651752325687584,0.000279955069741398,0.0011870875118023588,0.0008938982874420804,3.7628858554679137,1.8977116110985937,-1.2030511052878194,0.9995568597342667,-0.029186732811103143,0.0052167532490641705,0.0026465584300089896,0.9999315624280298,-0.005595291233249854,0.010274394203754941,0.004986251300362293,0.9982822607125796,0.05837521087371586,-0.01058337177881752,-0.05831998510456152,0.9982418402267033,0.0003305587945079761,0.034199074772206114,8.852250702246458e-06,0.08009059862320247,3.5127327989853184e-05,0.5244216602826632,-1.1538028983429942,-0.33387032928844507,0.05090397978980095,-0.03159590733160487,-0.018929403838623952
119,0.2975,20,0.5166858007294778,-1.1600065702698485,-0.4035236339434339,0.0127712283583728,0.008492752101596675,0.012581671511667291,0.05965687973157793,-0.025434213517530658,-0.028009067850096617,0.00033598159646413,0.0011753345091873703,0.0013736070199603966,3.729352142648252,1.9242660842422126,-1.1786577622045153,0.9995586016408539,-0.029134506635297586,0.005188095321046209,0.002620319796982234,0.9999324351822025,-0.0055406315793579694,0.010218927159545251,0.004936021189135662,0.9982886288945587,0.058270482361505206,-0.010524294057592372,-0.05821610448599173,0.9982485283801151,0.00033297232671664095,0.03420377925963519,8.786659898033475e-06,0.07995298442871264,3.02894200940962e-05,0.5166858007294778,-1.1600065702698485,-0.4035236339434339,0.05614760377510234,-0.029525932115010867,-0.016520449349165207
120,0.3,20,0.5048512990924968,-1.1558033520925983,-0.47029482836700015,0.010523738413906686,0.0001061081068257011,0.01215441540186086,0.06706393560105982,-0.02151569227248048,-0.030319873262471684,0.0004216915340783613,0.0011488437825541845,0.0014750723680308341,3.7035279347409413,1.959260622525088,-1.1554027061875363,0.9995605424520452,-0.029074802720027607,0.005163332366887945,0.0025918755050676028,0.9999332443604706,-0.005481718711517483,0.010171410065044009,0.004881227231736683,0.9982958760563154,0.05815081658640651,-0.010472843140982858,-0.058097285727661464,0.9982559916913211,0.00033548433765832663,0.034208614398952834,8.724839465395497e-06,0.07981558989404405,2.545819775897638e-05,0.5048512990924968,-1.1558033520925983,-0.47029482836700015,0.0609221926247556,-0.027775648321862755,-0.013749199418813576
121,0.3025,20,0.6491561545277944,-1.2343048150097713,0.3787567970875435,0.0007670934665334746,0.003898729892321296,0.0059983071875351094,0.07472865127880852,-0.017508616237574173,-0.032666242376671636,0.0005020978991207912,0.0011860678524904771,0.0013966579448501592,3.8323578388743553,2.0035380174531534,-1.1731845570999775,0.9995626789468631,-0.02900767290544261,0.005142533166999512,0.002561273473793618,0.9999339884616375,-0.005418652589988798,0.010131975291659873,0.00482196090993395,0.9983039895816066,0.05801631734633459,-0.01042916162425664,-0.05796363161117963,0.9982642185304743,0.0003379634392314841,0.0342135759897078,8.666322603531201e-06,0.0796788261951804,2.0676875445552185e-05,0.6491561545277944,-1.2343048150097713,0.3787567970875435,0.07322128040581563,-0.021721226094938345,-0.015655663963612225
122,0.305,20,0.6074714883085758,-1.1261515514629385,0.2346876055251598,0.00267886423355373,0.0011007119140016058,0.006815215386760965,0.08234948510484337,-0.013546456127403905,-0.035030222251196494,0.0005495079433096656,0.0012133017102850833,0.001150958859982794,3.810416913017422,1.9810800550851317,-1.1819899372624276,0.9995650167651096,-0.028932859347574925,0.00512578672662431,0.0025284817130063354,0.9999346661813203,-0.005351371064517076,0.010100801779134553,0.004758156398888725,0.9983129928604009,0.057866468993648654,-0.010393426602195865,-0.05781462716163649,0.9982732319208132,0.00034048489318658166,0.034218407253464034,8.591566653363876e-06,0.07953796743174862,1.602412075006096e-05,0.6074714883085758,-1.1261515514629385,0.2346876055251598,0.08411542191472964,-0.01615437934271824,-0.020944239930902355
123,0.3075,20,0.5893577144936504,-1.0542796305975464,0.11058129689223035,0.0029940528471480822,0.003289245577397812,0.007837032265786623,0.08992743057989182,-0.009602425973461587,-0.0374118354725048,0.0006262244624210608,0.0012367451510851858,0.0008148684678632439,3.788972737524221,1.9720150769711613,-1.1908066106541526,0.9995675531721503,-0.028850406066439103,0.0051130489704045825,0.00249348059315837,0.9999352785695156,-0.005279831668838628,0.010077799841930574,0.004689777512703586,0.9983228732486662,0.057701358176466135,-0.01036555155245619,-0.05765036102294784,0.9982830216000557,0.0003429858756461506,0.0342232368903362,8.508385498427566e-06,0.07939406956482704,1.1518886354717658e-05,0.5893577144936504,-1.0542796305975464,0.11058129689223035,0.09372216236223035,-0.010957805106595806,-0.02787244962490682
124,0.31,20,0.5846784190517007,-1.0118838296449826,-0.0020621359504536586,0.0021550313572151654,0.0049217525846989,0.006994819474017923,0.09746042800642211,-0.005652546592567115,-0.039819682178263385,0.0006295888853274852,0.001273568444066888,0.0005410227472318939,3.7664987132651495,1.9749396904472358,-1.2039233528792925,0.9995702850960241,-0.028760356010976002,0.005104302587709365,0.0024562512632939795,0.9999358258496494,-0.005203994670256999,0.010062933064056558,0.00461678843181593,0.998333617503707,0.05752106941406746,-0.010345503707195537,-0.05747091961535027,0.99829357603443,0.0003454114481629869,0.03422814919773333,8.423928056335672e-06,0.0792481349282858,7.195072121161438e-06,0.5846784190517007,-1.0118838296449826,-0.0020621359504536586,0.10213338917725054,-0.005982228595834308,-0.035293266828143516
125,0.3125,20,0.5795825287458168,-0.9962234730140027,-0.10759268776453394,0.0025656197299201407,0.004397027181932473,0.0066531053376757306,0.10494462893163685,-0.0016750951325281923,-0.04226317326230381,0.0006341091461808694,0.0013081943755123557,0.00027796252749308007,3.7421004626073655,1.9887257300194612,-1.2217455420202132,0.999573209079896,-0.02866275407497523,0.005099554485472442,0.002416766973834801,0.9999363075628878,-0.00512380559148679,0.010056213688987835,0.004539136487050655,0.9983452115324634,0.05732569101330524,-0.010333298478698032,-0.05727639327385819,0.9983048821457744,0.0003478282265548339,0.034233197550764365,8.339251955276884e-06,0.07910109557791514,3.360069166521489e-06,0.5795825287458168,-0.9962234730140027,-0.10759268776453394,0.1096668810838732,-0.001190694632975936,-0.04233501419338758
126,0.315,20,0.5747282400997112,-0.9924759328667914,-0.20466066121905008,0.0032358843924587834,0.004147443947049156,0.006219517357361093,0.11237532255170028,0.002349696129849693,-0.044753582745607326,0.0006388857616145251,0.0013370184672509015,2.4225454442254883e-05,3.7153468100317117,2.0123956311889426,-1.2452047416517533,0.9995763212472988,-0.028557648889697973,0.005098833565132971,0.0023749921862463844,0.9999367226167807,-0.00503919330243863,0.010057698209434527,0.004456750507638332,0.998357640204016,0.05711531862102494,-0.01032899498131693,-0.05706687986152029,0.9983169251723356,0.00035023168188748544,0.034238420622482425,8.256590566633635e-06,0.07895374801498037,2.8200208793018784e-06,0.5747282400997112,-0.9924759328667914,-0.20466066121905008,0.11640971483326315,0.003432505557694473,-0.04844248597235333
127,0.3175,20,0.5734772322304991,-0.99211947842732,-0.2941164810976106,0.004395762179503366,0.0022393592259445055,0.005765817496609972,0.11974689833709738,0.006441625761969421,-0.0473023278161451,0.0006448211129157424,0.001368441184554251,0.00016022891955609877,3.685787892698554,2.045964816059865,-1.2743725352688888,0.9995796172941167,-0.028445093682424573,0.00510218884111895,0.0023308806436106067,0.9999370693289096,-0.004950066042539209,0.010067483701795877,0.00436953708425501,0.9983708872816467,0.05689005690036612,-0.010332692174876094,-0.05684248652752688,0.9983296886288553,0.00035261098456452767,0.03424384055327201,8.177589513066404e-06,0.0788067972872152,6.191088115149771e-06,0.5734772322304991,-0.99211947842732,-0.2941164810976106,0.12242187924775452,0.007884193195525071,-0.053581069615480016
128,0.32,20,0.5752653807959175,-0.9926183763605885,-0.3766203065176076,0.0043100808814131525,0.0020817128005584697,0.005156604998006935,0.12706217439562717,0.010618885658280557,-0.04991359541961965,0.0006505142428408728,0.0013984070500434465,0.00033951778783178436,3.6576380292648976,2.0886299481555675,-1.305633801737275,0.9995830924642353,-0.028325147180452547,0.005109689493528438,0.002284375214705807,0.9999373454063163,-0.004856311096829774,0.010085707922602497,0.004277380269027353,0.9983849353341683,0.05665002132235046,-0.010344528979290175,-0.05660333153021503,0.9983431542209709,0.0003549994679847131,0.034249470938916476,8.106840415838848e-06,0.0786608528724035,9.949643026478844e-06,0.5752653807959175,-0.9926183763605885,-0.3766203065176076,0.12775156498248333,0.012149216218228835,-0.05783940582801946
129,0.3225,20,0.5768742359625839,-0.996479454035039,-0.45296024233599425,0.004196067001357386,0.0017281297290134895,0.004463432623294188,0.1343256915260239,0.014897925319013848,-0.05258845992796976,0.0006564213825891297,0.0014267097877388093,0.0005156362164428993,3.6317585651983455,2.139519830366646,-1.337432254175059,0.9995867417796206,-0.028197865234250875,0.0051214230345226295,0.002235415114608701,0.9999375478907336,-0.004757809014943372,0.010112545260418456,0.004180156228803143,0.9983997666309928,0.05639532148221069,-0.010364680996995832,-0.056349527456371985,0.998357302844665,0.00035739579696862644,0.034255316622647705,8.048586348281635e-06,0.07851643230146106,1.3661743558844682e-05,0.5768742359625839,-0.996479454035039,-0.45296024233599425,0.1324410921281789,0.016218607353413374,-0.06116838049956511
130,0.325,20,0.5809300622884231,-1.0109347441036394,-0.5223192987604734,0.004740472588586187,0.0032452208849951744,0.0038799791977397187,0.1415308915622265,0.019293196515787522,-0.0553268113776205,0.0006505239253656134,0.0014490302391725208,0.0007616780868381767,3.602600018101316,2.1976355983868356,-1.3691757248253709,0.999590560086373,-0.028063299120144027,0.005137493482911663,0.002183938968362134,0.999937673142591,-0.004654439585836603,0.010148202910988951,0.004077739520481641,0.9984153633061515,0.056126057715186445,-0.010393357041106091,-0.0560811778263183,0.9983721148064127,0.00035980102248658083,0.03426137711123779,8.007844194074053e-06,0.078373967033152,1.7266870041535877e-05,0.5809300622884231,-1.0109347441036394,-0.5223192987604734,0.1365768374302421,0.02010228397226524,-0.06320872263081412
131,0.3275,20,0.7301145377897473,-1.0170932614998782,0.5026125016892223,0.0005288648924820524,0.006307211825227548,0.002018619021448985,0.14897364523489917,0.023735215352130752,-0.058309650456742565,0.0005954852345091611,0.0014091224148308403,0.0008330701787966956,3.72137683633633,2.2210094181716147,-1.4914195395610228,0.9995945417458875,-0.02792150665552323,0.005158019393973994,0.0021298858763700457,0.9999377168441701,-0.004546083938798633,0.010192916819526528,0.003970005247445982,0.9984317061044784,0.05584234328567952,-0.010430795310216812,-0.05579839931505045,0.9983875686040339,0.0003621897121377663,0.03426765027907114,7.994123102771398e-06,0.07823382038759044,2.0753475360206147e-05,0.7301145377897473,-1.0170932614998782,0.5026125016892223,0.14679073523581074,0.023865913945431354,-0.06563872688074876
132,0.33,20,0.7056979295780077,-1.0326457546266608,0.3316316816711665,0.00042922228430402834,0.0003047432313058859,0.000899800594481916,0.15625666348509054,0.028040566008845885,-0.06136317902455195,0.0005779814264463507,0.0013769363402232194,0.0007126627785165975,3.641509125095684,2.152675328357565,-1.5267642839046944,0.9995986898502733,-0.02777224898150955,0.005183054095458331,0.00207301383735257,0.9999376771277474,-0.004432253969365636,0.010246803653620342,0.0038564736940708303,0.9984488096002784,0.05554369647794433,-0.010477092679352621,-0.055500718306505804,0.9984036762735052,0.0003645133672864981,0.034274048548086744,8.022935590200157e-06,0.0780813881372773,2.43107405871925e-05,0.7056979295780077,-1.0326457546266608,0.3316316816711665,0.1563306453425624,0.02783474033853977,-0.06774880284930537
133,0.3325,20,0.6858815675796943,-1.041206771895076,0.17587103544326926,0.000178667522243408,0.004039654914701532,7.624125874756416e-05,0.16340977439201937,0.03225301620447292,-0.0643457538600722,0.0005832384658051823,0.001347326478306177,0.0005054712489409595,3.5765554534644033,2.1062250978135184,-1.4912874177601279,0.999602996675722,-0.02761568571296264,0.005212463478766479,0.0020132471289434277,0.9999375541209606,-0.00431278723272111,0.010309593826924611,0.003737004219841466,0.9984666414772013,0.05523043234213146,-0.010531982626826315,-0.05518845643359806,0.9984204082541708,0.00036683165451001473,0.03428066182268,8.091370379540425e-06,0.07791973420712207,2.788707631145251e-05,0.6858815675796943,-1.041206771895076,0.17587103544326926,0.16516790865529982,0.03194779079596084,-0.06969315184129474
134,0.335,20,0.6708124023627058,-1.046538374254067,0.03403756631847647,3.134388756227349e-05,0.005751808042598296,8.850236084751308e-05,0.17045799781252044,0.03640900544710822,-0.06718127761761884,0.0005992372245178526,0.0013134765406808567,0.00027930401207203393,3.5241117102505384,2.0779946213176497,-1.4177618787733246,0.9996074546655755,-0.027451947289878504,0.005246152875584324,0.00195065296995313,0.9999373456659936,-0.004187808724891758,0.010381088600474675,0.003611740276031016,0.9984851710859691,0.05490280915947317,-0.010595285490522669,-0.05486187546472282,0.9984377369399995,0.00036916339283069624,0.034287555227123914,8.198049938376229e-06,0.07775148250724237,3.1445476113629e-05,0.6708124023627058,-1.046538374254067,0.03403756631847647,0.17329410620421415,0.03616774363365277,-0.07149980875597658
135,0.3375,20,0.6571530644540632,-1.0504321416231126,-0.09623290162139622,0.0008248748349350866,0.006291391972794582,5.9426594910796986e-05,0.17742275920790634,0.04053490326041474,-0.06984291390796495,0.0006204863865555118,0.0012740726112038477,7.357568447954223e-05,3.4823806976929443,2.0629489066532627,-1.3308181451730399,0.9996120564897898,-0.02728113946175442,0.005284061713195888,0.0018853757537251271,0.9999370481001568,-0.004057599117918751,0.010461153193743036,0.0034809782198298956,0.9985043695758712,0.054561036725168675,-0.010666893989243777,-0.054521186957827684,0.9984556362429589,0.00037149817406436573,0.03429478097226295,8.333908577393839e-06,0.07757887355949777,3.49593323689212e-05,0.6571530644540632,-1.0504321416231126,-0.09623290162139622,0.18070036655262248,0.04046325865716954,-0.07311952556365064
136,0.34,20,0.6456730228260203,-1.0564053145674,-0.21603183159213782,0.002877347589312161,0.007744245983416095,0.00012450689353881174,0.18431063069315737,0.04465398519505701,-0.07234499148934201,0.000660008571045617,0.0012202062634082014,0.00014328368484619916,3.443935742625517,2.059540967321136,-1.2510387906885327,0.999616795101901,-0.027103346652248308,0.0053261549129832424,0.001817587493049476,0.999936656899096,-0.003922495215099153,0.010549702400875285,0.003345068723378512,0.9985242099519064,0.05420528253922435,-0.010746753216454928,-0.05416655952900082,0.9984740813481819,0.00037381539884904136,0.03430237272513982,8.490701018182908e-06,0.0774038106361297,3.840922313748801e-05,0.6456730228260203,-1.0564053145674,-0.21603183159213782,0.1874044125540843,0.04482100551305944,-0.07438179978374204
137,0.3425,20,0.6370362493375109,-1.0635565492668553,-0.3264376548976674,0.0034627102573796913,0.007406956921187081,0.0008243416360398371,0.19112436079736825,0.0487887034410716,-0.07472465080954364,0.0007010130128141053,0.001163730980961795,0.00031205611139885,3.4068650521054566,2.067359123007293,-1.189829660100826,0.9996216634246906,-0.026918646606127878,0.00537242102659526,0.0017474464976236404,0.9999361670461019,-0.003782807355468883,0.010646699096980582,0.003204334143331889,0.9985446657912647,0.05383570063173127,-0.010834854675911169,-0.05379814855850453,0.9984930471144148,0.000376083787333519,0.03431034606905086,8.661549763528842e-06,0.07722790326971903,4.177738452340435e-05,0.6370362493375109,-1.0635565492668553,-0.3264376548976674,0.1934223028054845,0.04926133676390667,-0.07515412454439346
138,0.345,20,0.6290758728918922,-1.069669583162323,-0.42758064945944163,0.0033523866103808016,0.007386279267057169,0.0016744973270076218,0.19786472898452803,0.05295912126147981,-0.07701232895113373,0.0007428669664914535,0.001108342231821244,0.000452887498526278,3.3701840935798875,2.0852089102041074,-1.143839070795039,0.9996266542841576,-0.026727114104053575,0.005422872089594419,0.0016750745147664585,0.9999355731673397,-0.0036387737079658627,0.010752155151686505,0.0030590228235247525,0.9985657109940778,0.05345243873068023,-0.010931234782442326,-0.053416103871343754,0.9985125076599376,0.0003782858146013099,0.03431871592270502,8.856261167891973e-06,0.07705249712745502,4.5056083783340004e-05,0.6290758728918922,-1.069669583162323,-0.42758064945944163,0.19876118520261218,0.05375182442058544,-0.07540981189911378
139,0.3475,20,0.6217748931884077,-1.0756592040718242,-0.5192642998690478,0.0035107479438419593,0.0073143629175172475,0.0015692592520796544,0.20453326859153445,0.057185124570156634,-0.07921167691242476,0.0007789329922846687,0.0010516454613203633,0.0005759823093265092,3.3342698035032154,2.113001654338414,-1.0996739806455187,0.9996317603458762,-0.026528822977743935,0.005477541071361034,0.0016005633482986982,0.9999348694815593,-0.0034905733496807525,0.010866125923599573,0.0029093224799389174,0.9985873194967673,0.053055642329247844,-0.011035970170526297,-0.05302057372333736,0.9985324361904542,0.0003804174468280054,0.03432748651707841,9.084813956026491e-06,0.07687869159077168,4.824021245364153e-05,0.6217748931884077,-1.0756592040718242,-0.5192642998690478,0.20343783952813146,0.05826392554379427,-0.07510155851397644
140,0.35,20,0.608531740440799,-1.0851658971043967,-0.6037976512527111,0.0031406815355983133,0.006932555973803316,0.001484829221736517,0.2111314344672864,0.06148523945406035,-0.08132298647639431,0.0008102295748423577,0.0009936973895468197,0.0006720549222496414,3.299082937875987,2.150057441951853,-1.055654781984773,0.9996369740831941,-0.026323845516850283,0.0055364810158901835,0.0015240016276818619,0.999934049593999,-0.003338379693126053,0.01098870709275797,0.002755413809248983,0.9986094651524876,0.05264545376955503,-0.011149177426416074,-0.05261170334523565,0.9985528050703314,0.000382474751164529,0.03433666550569517,9.339482611731718e-06,0.07670736606451237,5.1327234401933625e-05,0.608531740440799,-1.0851658971043967,-0.6037976512527111,0.2074568045353576,0.06277476301723625,-0.0740258297918308
141,0.3525,20,0.7908074763760278,-1.0032936276257869,0.5542562612732426,0.003827466504922702,0.005476655147880461,0.005175590889038671,0.21788553236990427,0.06562691568133286,-0.08340746065566294,0.0008236126357159128,0.0010266627720932646,0.0006670492469870689,3.377048951308922,2.0708381136362553,-1.0422370896343143,0.999642287773754,-0.026112252580771517,0.00559976362046403,0.001445478124454091,0.9999331064807733,-0.00318236700261275,0.011120031653334354,0.0025974772344120605,0.9986321217162994,0.052222012489168086,-0.011271010412877255,-0.05218963514590611,0.9985735858251058,0.0003844510311204391,0.03434625038557387,9.61193174267989e-06,0.07653920227786115,5.431631010026549e-05,0.7908074763760278,-1.0032936276257869,0.5542562612732426,0.21722001975088148,0.06550674724134506,-0.07638882008037655
142,0.355,20,0.7629245323097319,-0.9929101865613965,0.34080631949680396,0.003185843183910656,0.0030889169855550336,0.0036217932788221063,0.22449699885344576,0.06965819330572592,-0.08545830988229891,0.0008256482161602036,0.001049417763225911,0.0005677970013128175,3.3057332417707386,2.0156388121965314,-1.0254246133179832,0.9996477008278656,-0.025893888624454853,0.005667229648894023,0.0013650163270190635,0.9999320384770674,-0.00302256409246955,0.011259775015676056,0.002435577639118869,0.9986552865246626,0.051785004179857645,-0.011401157338645633,-0.051754060735858816,0.9985947780800221,0.00038650004953889655,0.03435589819027942,9.859993056773728e-06,0.07635424210370914,5.706352064807571e-05,0.7629245323097319,-0.9929101865613965,0.34080631949680396,0.2261646636598344,0.0686911376960794,-0.0797797638876094
143,0.3575,20,0.7369819640767329,-0.9928018928734639,0.14985738468126142,0.0029070428702548377,0.0019019787475532282,0.0028564576717198557,0.2309832393599795,0.0736074295505548,-0.08749891974626632,0.000816772581740312,0.0010617628654146047,0.00043169898807438246,3.2431202532668753,1.9746181224144326,-1.0203049319837043,0.9996532044204508,-0.0256688965260147,0.0057387683192215875,0.0012826461864855136,0.9999308427138772,-0.00285901844126157,0.011407708054992081,0.002269787040570089,0.9986789251397941,0.0513347109509347,-0.011539404503953616,-0.0513052677137356,0.9986163485786301,0.0003885753019681914,0.034365766889294394,1.0100970084223866e-05,0.07615680107363436,5.9596414212888276e-05,0.7369819640767329,-0.9928018928734639,0.14985738468126142,0.2343307509602346,0.07230707476544956,-0.08357831147682773
144,0.36,20,0.7131705056566606,-0.9972936760726808,-0.02236900628817713,0.0026314384671883633,0.0012646976096033415,0.0021295852531158363,0.23735836572287344,0.0774997919452216,-0.08953915480434298,0.0008011317038198179,0.0010660378883007827,0.00028005920563616254,3.1875631814469654,1.9461811973334044,-1.0201175290383322,0.9996587900066992,-0.025437401626120452,0.005814297742818048,0.0011983749878134121,0.9999295156782929,-0.0026917334342995134,0.011563660600920931,0.00210013092686788,0.9987030049918001,0.050871379678937415,-0.01168559478437576,-0.050843508842990645,0.9986382650805387,0.00039064538102456277,0.034375976996727585,1.0333842892018675e-05,0.07595055213665491,6.193963505919413e-05,0.7131705056566606,-0.9972936760726808,-0.02236900628817713,0.241734854192753,0.07631796898874546,-0.08741844853338646
145,0.3625,20,0.6944949429279473,-1.0010894086316187,-0.17705707043936406,0.0009528738094731899,0.0022211393461442548,0.001904761308242234,0.24363381448410093,0.08135908154313205,-0.09158203400974439,0.0007780976273825559,0.0010738134412542426,0.00018373818139055654,3.1377243806137445,1.9296447989552288,-1.0214396027007098,0.9996644492153228,-0.025199515100302144,0.005893761379603553,0.0011122007621560482,0.9999280531725299,-0.0025206949824009713,0.011727513606894818,0.0019266152668693819,0.9987274948963486,0.050395228858270226,-0.011839621286496894,-0.050369008674676786,0.9986604960310199,0.00039268895377646534,0.03438660624234911,1.0557667186553538e-05,0.07573860085711373,6.411559003948287e-05,0.6944949429279473,-1.0010894086316187,-0.17705707043936406,0.2483933784803542,0.0806616254836027,-0.09118762892541118
146,0.365,20,0.682637621875197,-1.0016724981105858,-0.31703794686605946,0.0010088045507169574,0.002256169688824263,0.0007782160393546962,0.24981813138912454,0.08521178328816553,-0.09362943116611058,0.0007537787484737805,0.0010653705053496041,9.609358928355545e-05,3.092158452511817,1.9263508725167333,-1.023698578183098,0.9996701737623424,-0.024955336680205362,0.005977126506589764,0.0010241190703846102,0.9999264502777078,-0.0023458849867936784,0.01189919571448005,0.001749240169385169,0.9987523647026145,0.0499064540892803,-0.012001424659288319,-0.0498819689323143,0.9986830102598037,0.00039472988015628257,0.03439769920671499,1.0771549074892558e-05,0.07552354996121029,6.614421218047554e-05,0.682637621875197,-1.0016724981105858,-0.31703794686605946,0.25431218227414487,0.08531002599451179,-0.09487864340230595
147,0.3675,20,0.672381305161192,-1.0011127702856495,-0.44536015522204053,0.0012275363408646804,0.0019706696959802686,0.00022681224984909487,0.2559183723503146,0.08908280413515293,-0.09568611812833343,0.0007260777092935833,0.0010515030911324762,1.55048836996134e-05,3.0501204805950373,1.9355104234937095,-1.0283434811114176,0.999675955345375,-0.024704957559327275,0.006064386887960621,0.0009341241762422312,0.999924701247393,-0.002167283797973144,0.012078688515353587,0.001568002115211512,0.9987775849680304,0.04940523388058714,-0.012170998507870411,-0.04938257431896262,0.99870577656733,0.00039673810335341984,0.034409273390747605,1.0974847234982124e-05,0.07530755843735124,6.804534553169423e-05,0.672381305161192,-1.0011127702856495,-0.44536015522204053,0.25949804702169227,0.09026158872400078,-0.09841533169658802
148,0.37,20,0.6645883305575323,-1.002386333938383,-0.559428529755646,0.0011424319187866808,0.0014341059803812657,0.0012832937295431275,0.26194094326815026,0.09299455824595669,-0.09775562160396817,0.0006944666624377532,0.0010307798886853023,8.95781904547265e-05,3.0112854589178375,1.9558770554018778,-1.034751737817367,0.9996817856025234,-0.024448461882596972,0.006155561309089312,0.0008422060887162356,0.9999227995077483,-0.001984864185288845,0.01226602375479788,0.0013828881611638098,0.9988031268009586,0.04889173256248751,-0.01234838632862696,-0.04887099555763158,0.9987287635530905,0.00039870272192272333,0.0344213229270149,1.1165028299714635e-05,0.07509239464686143,6.983669700842462e-05,0.6645883305575323,-1.002386333938383,-0.559428529755646,0.26396961117810974,0.09546296742409757,-0.10162231058887165
149,0.3725,20,0.6647697734207082,-1.014019789659757,-0.6574334160618631,0.00029877238287204434,0.00036667123236392975,0.0004593518959947642,0.26789119912175063,0.09696707301741204,-0.09983174167202984,0.0006547760080522952,0.0010000716865257932,0.00024546914200777046,2.9751279268001882,1.9862573857276724,-1.0380600340308328,0.999687656093145,-0.02418592742708411,0.006250691096266569,0.000748351725288811,0.9999207376610286,-0.0017985934868213133,0.0124612783009425,0.001193878441927617,0.9988289617683741,0.048366101630973525,-0.012533676623013572,-0.04834739076910897,0.9987519395506218,0.0004006078231772325,0.03443382466535858,1.133888170404458e-05,0.0748794799877204,7.153255538859848e-05,0.6647697734207082,-1.014019789659757,-0.6574334160618631,0.26779089672961837,0.10089528570044219,-0.10402571301513126
150,0.375,20,0.6647401771654649,-1.0276782939852287,-0.7498161329409634,0.00023496052902865567,0.00014126887354197235,0.0008618731843847733,0.27377385030886653,0.1010179697075334,-0.10190839938833793,0.0006191995138124545,0.0009683858137831827,0.00038100068509534806,2.9413255935579254,2.0254483450606786,-1.0383288581540446,0.9996935582639449,-0.02391742673075118,0.006349837532392474,0.0006525545679450273,0.9999185074716962,-0.0016084527438470528,0.012664568502177476,0.0010009656481143694,0.99885506174223,0.04782848209693862,-0.012726998206444044,-0.047811907634988736,0.9987752725237827,0.0004024157407629154,0.03444674351130111,1.1496769756341416e-05,0.07466994417883059,7.314980847500392e-05,0.6647401771654649,-1.0276782939852287,-0.7498161329409634,0.27100257551897045,0.1065210199153912,-0.1055058813429256
151,0.3775,20,0.7821391277122788,-0.8630288846397196,0.48430206968177386,0.002053979186907453,0.001999470838543311,0.009054621157611055,0.2797216423985663,0.10474919547641463,-0.10403813012576313,0.0006054114194806539,0.000994835119586112,0.00032484423328652684,2.9738960448499028,1.8656128844406148,-1.0648653687125937,0.9996994834374412,-0.023643027747592586,0.006453079476749651,0.0005548144793735194,0.9999160998923204,-0.001414436171119065,0.01287604545071357,0.000804154822614216,0.9988813988396401,0.04727900577619129,-0.012928515427235946,-0.0472646847284703,0.9987987300083866,0.0004041307665503412,0.034460037691819115,1.1639103561288071e-05,0.07446464222885399,7.469969606741853e-05,0.7821391277122788,-0.8630288846397196,0.48430206968177386,0.27841289338521685,0.10707748474498795,-0.10698268039545533
152,0.38,20,0.7395532270768315,-0.9096399027093035,0.21350540325286582,0.0018204500396686422,0.0024905010150526735,0.008086538891832777,0.2854807507953797,0.10830694327223991,-0.1061113224816781,0.0005927850045130889,0.0010098536169477347,0.0002636533461913541,2.8795541984066815,1.778873897912639,-1.0365961779574846,0.9997054285555511,-0.023362665213910967,0.006560099131708284,0.0004550714744758332,0.9999135160186705,-0.001216397646396876,0.013095070062649499,0.0006033520472602015,0.9989079575681117,0.046717537107714605,-0.013137596792675817,-0.046705595851776305,0.9988223019469697,0.0004059234507734584,0.034473549215889854,1.176161904727755e-05,0.07423272532830129,7.612470982548526e-05,0.7395532270768315,-0.9096399027093035,0.21350540325286582,0.2856315313901818,0.10852274405768567,-0.10870656064010405
153,0.3825,20,0.7047158246017966,-0.9467641212746903,-0.02489881775268419,0.00034467212578151766,0.0025875649144940526,0.007654175757533947,0.29110010518131935,0.11172641083927846,-0.10811768727416037,0.0005844984127860561,0.0010197275054427653,0.00021906565184592403,2.809677192969811,1.709733783519275,-1.0031823962411344,0.9997113835723579,-0.02307652802561947,0.006670722192698334,0.0003533773516249734,0.9999107531797504,-0.0010144249374941252,0.013321284380661784,0.00039867650697042575,0.9989346979574603,0.04614445008536043,-0.013353903270095354,-0.04613502095679291,0.9988459506394213,0.0004077716805812291,0.034487335983459634,1.186185713333905e-05,0.07398078981201249,7.74463417308122e-05,0.7047158246017966,-0.9467641212746903,-0.02489881775268419,0.2925416959797712,0.11076870147994596,-0.11060160999262095
154,0.385,20,0.6866077552669495,-0.976963075547212,-0.2291402743059768,0.00020263950736063957,0.0027814443421649983,0.00455697532309586,0.2966169147744244,0.11503717135909894,-0.11004926373732539,0.0005768310682858556,0.0010207968372354414,0.00018153695830755936,2.7584047965525555,1.6553802599102374,-0.9657882315825186,0.9997173394791642,-0.0227847561865527,0.006784808959813748,0.0002497951157604847,0.9999078079395579,-0.0008086294529293123,0.013554399282740402,0.0001902685812425343,0.998961584975839,0.045560021295282846,-0.013577165365977181,-0.04555324204672473,0.9988696425057964,0.00040965906708261186,0.03450142688745661,1.1938508832912311e-05,0.0737143749151304,7.868417664404505e-05,0.6866077552669495,-0.976963075547212,-0.2291402743059768,0.2990455622760724,0.11368740108396384,-0.11253808806090466
155,0.3875,20,0.6715308825773764,-1.0019978105881293,-0.4081337834179539,4.353676744653873e-05,0.0029665223926133165,0.0057334067281708204,0.3020623432294117,0.11826963854788326,-0.1119047340896097,0.0005709212365188008,0.001014954484443708,0.0001491135839671666,2.722714227493638,1.6162335943921662,-0.9277351761421588,0.9997232880080853,-0.022487452576879896,0.006902248950464733,0.00014439643820829458,0.9999046762181889,-0.0005991409558592946,0.013794183814704958,-2.171502793028423e-05,0.9989885872525425,0.044964453378496666,-0.013807172246930875,-0.04496046673784038,0.9988933468720568,0.00041156551437149653,0.034515841504707725,1.1998670993279263e-05,0.07343811329114411,7.985436993903154e-05,0.6715308825773764,-1.0019978105881293,-0.4081337834179539,0.30507853018999154,0.11721282518977236,-0.1144002720694064
156,0.39,20,0.6622780349589155,-1.02093884004035,-0.5732325764369366,0.0001674071755113375,0.003509912216193082,0.004779023140842646,0.3074628278870367,0.1214553549717602,-0.1136894105065528,0.0005689642635899883,0.0009981822500533394,0.00010559824878306247,2.7002423288125246,1.5928582119384669,-0.892338208471547,0.99972922143525,-0.02218468898889861,0.0070229619820649574,3.725497663996475e-05,0.9999013532341303,-0.0003860942322876608,0.014040467648858228,-0.0002371146771242193,0.9990156763730651,0.04435788698187871,-0.014043773609138412,-0.044356840420740375,0.9989170351589286,0.0004134751743875998,0.034530584090146456,1.2040223969410387e-05,0.07315586441638433,8.097772679691893e-05,0.6622780349589155,-1.02093884004035,-0.5732325764369366,0.3105710215581187,0.12136999530287237,-0.11611486584734076
157,0.3925,20,0.6557814922512833,-1.03751215262262,-0.7203575255108167,0.0005545958322124643,0.0034684559475281116,0.003729353107702108,0.3128421748362978,0.12462453119870391,-0.11540283771358363,0.0005646172450435692,0.0009668608426533498,6.244247148600662e-05,2.689673474630509,1.5845881134718531,-0.8567136035154139,0.9997351324133994,-0.021876510814895157,0.007146899471531657,-7.15602721407177e-05,0.9998978334141425,-0.00016961581087558296,0.014293143957168717,-0.0004557810834521402,0.9990428263073865,0.04374041000440246,-0.014286882000899104,-0.04374245574068704,0.9989406802050191,0.0004153691830633313,0.034545634105605474,1.2063120418315166e-05,0.07287080790161007,8.207007108465392e-05,0.6557814922512833,-1.03751215262262,-0.7203575255108167,0.3155094727390758,0.1261124432997953,-0.11757222599042158
158,0.395,20,0.6497909951861731,-1.0541979764654392,-0.8518957148730003,0.00019762845134810642,0.003484572304775219,0.0030108294732485888,0.3182210884354083,0.12780137797915944,-0.11704446078156096,0.0005622713735123193,0.0009313009294772102,2.8056251692833706e-05,2.6894567995552863,1.588423390227762,-0.8208115339886702,0.999741013869127,-0.021562939731693355,0.007274043002613683,-0.00018197926718157168,0.9998941103638849,5.0164772408321226e-05,0.014552166268662571,-0.0006775637758927397,0.9990700130273473,0.043112063008693864,-0.014536470236779954,-0.043117357908754116,0.998964255857047,0.0004172187030806532,0.0345609552409807,1.2068214543795219e-05,0.07258552991749698,8.314555885536883e-05,0.6497909951861731,-1.0541979764654392,-0.8518957148730003,0.3198962920800337,0.13140817309078553,-0.11861369753272286
159,0.3975,20,0.637973191723343,-1.072046234328314,-0.9679090394421828,0.00018366849481988627,0.00366501321320651,0.002371179498985903,0.32361875070567236,0.13100705213012243,-0.11860687560584698,0.0005618628504494247,0.000892235551881946,2.3181040117833535e-05,2.698831135132027,1.602837075481502,-0.7812074121430151,0.9997468589291527,-0.02124397681369148,0.00740439835576055,-0.00029393098106234977,0.9998901769791352,0.000273115416139872,0.014817536522756613,-0.0009023108840963218,0.9990972141074355,0.04247284541715784,-0.014792559470970556,-0.042481550945449385,0.9989877366682571,0.000419013079206649,0.034576499812836024,1.2056836751390135e-05,0.07230209407280538,8.421664007920898e-05,0.637973191723343,-1.072046234328314,-0.9679090394421828,0.3237165581282202,0.13717463462114768,-0.11900833332840877
160,0.4,20,0.627603475450169,-1.0874252747048438,-1.0689853324875531,0.0001797794354023115,0.003823181298528755,0.0017803104159428952,0.3290501037670283,0.13425822821629418,-0.1201006994918889,0.0005636382609221832,0.0008501702937069744,5.799391289895813e-05,2.7156765306779636,1.6255880430858733,-0.7469119430209528,0.9997526608669685,-0.02091960413208691,0.007537992388697429,-0.0004073366188806255,0.9998860254952537,0.0004990881037444504,0.01508929853802139,-0.001129855370633388,0.9991244084796714,0.04182271879000951,-0.01505521325475945,-0.041835000791340546,0.9990110976674095,0.0004207454076842198,0.03459221276803117,1.2030794515954796e-05,0.0720221077227331,8.529412052017159e-05,0.627603475450169,-1.0874252747048438,-1.0689853324875531,0.3269735144575644,0.14333275603634277,-0.11871137055644632
161,0.4025,20,0.70529368902622,-0.7767781682478314,0.2604353470124394,0.00038901322178414884,0.0012235207068727139,0.011909447887335693,0.33444327997955636,0.13699397116520917,-0.1214759425085402,0.0005547508545391237,0.0008703395679038037,2.016907046082633e-05,2.696588106264035,1.3678714744574916,-0.687621508325653,0.9997584129982358,-0.020589788900175418,0.007674869048125947,-0.0005221277521236511,0.9998816475354092,0.0007279553586161482,0.01536753079943765,-0.0013600510927657622,0.9991515759513133,0.04116161482536825,-0.015324528798657056,-0.041177643873864016,0.9990343139562806,0.0004224097323007991,0.03460803327255459,1.1992168570401776e-05,0.0717467823732705,8.63871792853921e-05,0.70529368902622,-0.7767781682478314,0.2604353470124394,0.33236043841905344,0.14113050416374207,-0.11875017527775973
162,0.405,20,0.6568590722736066,-0.848321497949428,-0.07295260335290114,0.00010172369409264176,0.0019242819150414227,0.010635945036312672,0.3396868715689319,0.13953722477619476,-0.12264876571287904,0.0005476402017193972,0.0008802871418066529,2.5684989575159487e-05,2.6217957946877535,1.2716268054927982,-0.5864116021694261,0.9997641114383523,-0.020254569935856948,0.007814510986698865,-0.0006381963914244025,0.9998770522468095,0.0009595325778019321,0.0156511880527703,-0.0015926508149803906,0.999178690204159,0.04048960984355105,-0.01559948247899863,-0.040509558614400885,0.9990573716295045,0.00042410507938818177,0.03462402552223919,1.195265933475713e-05,0.07143309870081375,8.739877187750834e-05,0.6568590722736066,-0.848321497949428,-0.07295260335290114,0.33816129608396206,0.14021945095367588,-0.11992585955459087
163,0.4075,20,0.6166019370068796,-0.900922705586366,-0.3618346432983331,0.0007579729688366987,0.002013649878483457,0.009598857807853675,0.34485312524067685,0.14192132408750283,-0.12359241545205214,0.0005467036655004432,0.0008809214246296957,7.102897372280094e-05,2.5831268358725037,1.192049655654039,-0.4718248695865529,0.9997697478517994,-0.019914098109614357,0.007956722466820021,-0.0007553439059564124,0.9998722400463395,0.001193438069128418,0.01593986481405823,-0.001827241876469325,0.9992057163041288,0.03980700556783689,-0.01587969684345937,-0.03983104581514368,0.9990802385281333,0.000425814382892174,0.034640227619135676,1.1911974421658454e-05,0.07109028640985057,8.835443507004103e-05,0.6166019370068796,-0.900922705586366,-0.3618346432983331,0.3441711057645664,0.14049995660388898,-0.12191342452973705
164,0.41,20,0.5948474424430019,-0.9489456456933996,-0.607697691048716,0.0009007145345002333,0.0020957461750497827,0.008419330327165108,0.35000041740087895,0.14417507426772283,-0.1242981225299251,0.0005496238609389267,0.0008721525505026781,0.000116746715056223,2.5736460801010113,1.1268750901100102,-0.3528535389364745,0.9997753153679733,-0.019568452435388288,0.008101340660816135,-0.0008733439476849221,0.9998672110996929,0.0014292340426746923,0.016233220807141683,-0.002063356840210923,0.999232625879266,0.039113960896038504,-0.01616486084914166,-0.03914226192337553,0.9991028878975627,0.00042751400409400664,0.03465665119375624,1.1870164978435784e-05,0.07072608759664287,8.927655567372015e-05,0.5948474424430019,-0.9489456456933996,-0.607697691048716,0.350183752415442,0.14183304568167954,-0.12414141720329348
165,0.4125,20,0.5804731269731329,-0.9903928323457784,-0.8236512212911477,0.0009371136860718248,0.002610972330931003,0.0072550777983953554,0.3551778079751769,0.14632800322750453,-0.12481069364292928,0.0005589183984090936,0.0008532269068714686,0.0001441305474356875,2.5886952871489495,1.0764644798908445,-0.2562855565020854,0.9997808082148398,-0.01921765378772786,0.008248231463133578,-0.0009919606380148335,0.9998619653836464,0.0016664631035444666,0.016530973349334364,-0.002300509730022647,0.9992593955939754,0.03841051902988575,-0.016454720724884672,-0.038443246713664406,0.9991252969212512,0.000429186123468271,0.03467328791392336,1.1827760706283074e-05,0.07034695931781695,9.018584692066793e-05,0.5804731269731329,-0.9903928323457784,-0.8236512212911477,0.35608885174748584,0.14419977995321648,-0.12638332593135712
166,0.415,20,0.5682505794342985,-1.0223817890314186,-1.0136390166650737,0.0002654383000118466,0.0025186705458329467,0.005795583818381474,0.3604238538556128,0.14838197696313007,-0.1251733834257026,0.0005679544409461937,0.000821972528255121,0.00016856809750157627,2.623022940217947,1.0269868678127732,-0.18134489138666413,0.9997862213693223,-0.018861673728439686,0.008397291130518271,-0.0011110021978614135,0.9998565023515713,0.0019047554476526376,0.016832902660173253,-0.002538303309678862,0.9992860058765565,0.03769662419351128,-0.01674908121630269,-0.037733941829119634,0.9991474455316625,0.0004308161359917071,0.03469010799292329,1.1785484862542463e-05,0.06995827992132782,9.109957354555311e-05,0.5682505794342985,-1.0223817890314186,-1.0136390166650737,0.36180355629048033,0.14756167038501833,-0.12866583368121617
167,0.4175,20,0.5515385865581212,-1.0507637500544849,-1.1806331393801872,9.059470036579423e-05,0.0024813873998355733,0.004866322899552138,0.36578143533311097,0.15036295599752936,-0.12544411342683215,0.0005802221166520404,0.0007831159077377947,0.00019580581819475968,2.6787907387491066,0.9904895171996331,-0.13536500056477446,0.999791550468865,-0.018500444956621474,0.00854841858831245,-0.001230319921339118,0.9998508217050603,0.002143827828338269,0.017138796280899076,-0.0027764260185752063,0.9993124396985964,0.03697214251571867,-0.017047750416964002,-0.03701421167445925,0.999169316152092,0.00043238080047319625,0.03470706873524731,1.1744554749301275e-05,0.06956447230647997,9.203448249481992e-05,0.5515385865581212,-1.0507637500544849,-1.1806331393801872,0.3672784682086263,0.15186272676032958,-0.13086061474995334
168,0.42,20,0.5372637722902325,-1.0735975579686936,-1.323089734856395,0.0001876777421186187,0.002613447502153064,0.004024527728705737,0.3712883644498773,0.1522916530624544,-0.12566244776708235,0.0005966197921830863,0.0007375609520655569,0.00021973986017168943,2.753464558383167,0.9643485324625247,-0.10916717012509905,0.9997967915630112,-0.018133856894650243,0.008701539735092953,-0.0013498224594147594,0.9998449223711333,0.002383511375566562,0.0174484979922324,-0.0030146812808437154,0.9993386824269048,0.036236852816336367,-0.017350588042983554,-0.036283834951400036,0.9991908928807259,0.000433864503273227,0.03472411871015334,1.1706225808399173e-05,0.06916912392755674,9.300349245465377e-05,0.5372637722902325,-1.0735975579686936,-1.323089734856395,0.37245523260301444,0.1569753711135668,-0.1328894161241122
169,0.4225,20,0.5259989593503669,-1.098243223417977,-1.443500940271798,0.00033176847581083444,0.002829488676631554,0.00327660213476869,0.37697788142643085,0.15418301096780127,-0.12585819124306127,0.000617768918297038,0.0006860353983323377,0.00023752126740122183,2.8447584882767956,0.9456789526734328,-0.09787173798946235,0.9998019409591332,-0.017761760925688867,0.008856601918780802,-0.0014694575941288266,0.9998388025936626,0.0026237154177435142,0.017761895886353567,-0.0032529508013250416,0.9993647210863955,0.03549045729481618,-0.01765749526844415,-0.035542514898607096,0.9992121609025418,0.0004352552842175248,0.034741200056179,1.1671696325640849e-05,0.06877509455094756,9.401684036657857e-05,0.5259989593503669,-1.098243223417977,-1.443500940271798,0.377320518853655,0.16278212459432068,-0.1344330218988783
170,0.425,20,0.5172062731940857,-1.1198912270057702,-1.5440909813312533,0.00045799052464104065,0.0030182640547729207,0.002614798538849748,0.38287991553924133,0.15604871731873976,-0.1260613431733087,0.0006436555654869202,0.0006291867698470417,0.0002505291927520684,2.951017056405267,0.9328531754692497,-0.10157596512371743,0.9998069950930649,-0.017383975062223063,0.009013568054781212,-0.001589202609452658,0.9998324600519759,0.0028644084865299055,0.01807891010089838,-0.0034911750556737738,0.9993905436922043,0.03473259096772176,-0.0179684034667722,-0.03478988851121431,0.9992331060039157,0.00043654346153042733,0.034758249661800515,1.1642096461613551e-05,0.0683846241131816,9.5082408251253e-05,0.5172062731940857,-1.1198912270057702,-1.5440909813312533,0.38184931101809283,0.1691699835100489,-0.13539601462201128
171,0.4275,20,0.4834208767155612,-0.62050150518325,-0.1757368428841315,0.004374258532529781,0.0016167540355275253,0.008736707502342178,0.3887539826562834,0.1571878039624677,-0.1261857156151674,0.0006401741880883788,0.0006792518599620898,0.00022083662005220595,2.9370335585210126,0.569543321863979,-0.06218622092933294,0.9998119504002273,-0.017000287264218917,0.009172413434305748,-0.001709064544599734,0.9998258918603451,0.0031056189848135156,0.01839948630768353,-0.0037293536379710297,0.9994161386626329,0.033962828240827754,-0.01828326795483838,-0.03402553322718368,0.9992537141294484,0.0004377203208429729,0.03477520357364476,1.16184930687863e-05,0.06799940733142798,9.620616527981034e-05,0.4834208767155612,-0.62050150518325,-0.1757368428841315,0.3842592759820599,0.16397162184260586,-0.134385984692603
172,0.43,20,0.43664879229609255,-0.8084267967564983,-0.58619476121067,0.0039283599369448405,0.004990799690450553,0.008169954239120942,0.3947026996914253,0.15807826003385408,-0.12585252650560008,0.0006568049705084541,0.0007088331784646883,4.51665153172641e-05,2.9743585175709564,0.44522803569317904,0.16659455478364169,0.9998168055925079,-0.016610725247571616,0.009332411678457601,-0.001828976163555142,0.9998191218769139,0.003347245958124909,0.01872216530673373,-0.00396731846327726,0.9994414773058856,0.03318122699418698,-0.018600642824585043,-0.03324950202822051,0.9992739797980269,0.00043900939433337576,0.03479361748984929,1.1728111009388299e-05,0.06755842690865789,9.744634638534195e-05,0.43664879229609255,-0.8084267967564983,-0.58619476121067,0.38852831676210253,0.16048581057568545,-0.13161196768657124
173,0.4325,20,0.3858617065663189,-0.9432768071638093,-0.9368986654021816,0.004435943920739275,0.004366566888753628,0.00788982350133159,0.4008536419130362,0.15872930609334202,-0.12497071780799815,0.0006888448874209466,0.000718585869007455,7.694548774920024e-05,3.075471110805398,0.32552302974398173,0.4409043488009708,0.9998215576744671,-0.016215218400631042,0.00949330950426096,-0.0019484805050439958,0.9998121609967555,0.003588393453390085,0.019046421065949354,-0.004204137801215597,0.9994665402318826,0.03238765478170642,-0.01892004091819471,-0.03246164489569602,0.9992938875337523,0.0004404111583630424,0.03481322152407472,1.194743974745244e-05,0.0670749041950531,9.879391995414009e-05,0.3858617065663189,-0.9432768071638093,-0.9368986654021816,0.394122858496827,0.15858882959515533,-0.12852320516273927
174,0.435,20,0.35389382372631895,-1.048718428740802,-1.229713367785515,0.004368855184406454,0.004488224403770645,0.007324091731914798,0.4073068435598476,0.15915038639281362,-0.1235461700213779,0.0007336370421555979,0.0007098525022509989,0.00018089193996778286,3.2266008234057146,0.2105401497358031,0.7122738933101301,0.9998262059258355,-0.01581356956063569,0.009654861758971187,-0.0020670283295151195,0.9998050220766003,0.003827982528433015,0.019371741794966386,-0.004438693840528264,0.9994913168232719,0.031581728766362636,-0.019240993409876016,-0.031661556257456015,0.9993134293243322,0.00044187101234127057,0.03483379209452968,1.225731281031988e-05,0.06655987756071505,0.00010024325924306771,0.35389382372631895,-1.048718428740802,-1.229713367785515,0.4006348313440135,0.15809745526456637,-0.12542145862795287
175,0.4375,20,0.33334086178821315,-1.1192950166342377,-1.4757633079889902,0.006921206797205428,0.007115637779916713,0.0027553677545809887,0.4141467355284062,0.15935657682206958,-0.12160158475771476,0.0007908298130469347,0.0005872035332707622,0.0003968738344707588,3.4199459842793396,0.10309521462796799,0.9722926318315616,0.9998307510485425,-0.01540548157100587,0.009816833004333328,-0.0021840753279272766,0.9997977192094539,0.004064945271068443,0.019697636495709565,-0.00466987743080404,0.9995158019050546,0.03076286701328026,-0.019563049566853275,-0.03084862982433285,0.9993326018546609,0.0004433492124429446,0.03485513443242185,1.2641846059039156e-05,0.06602252966958774,0.00010179002622457275,0.33334086178821315,-1.1192950166342377,-1.4757633079889902,0.4077707643363282,0.15889890923937933,-0.12330208143399231
176,0.44,20,0.31024181585644667,-1.1694742731277934,-1.6794768803629183,0.002725823285904931,0.010215002998803875,0.0008164403470044672,0.42143397286070683,0.15935107432389084,-0.11918147350937167,0.0008913738348010688,0.0005562900284696334,0.0006289623841552151,3.6436186661502945,-0.002751249089383276,1.2100556241715639,0.9998351945990098,-0.014990572800592484,0.009979003554561173,-0.0022990990253841984,0.9997902672634591,0.0042982582843707675,0.02002364754438935,-0.004896622201418848,0.9995399937415632,0.029930319111768824,-0.019885788299126177,-0.03002208998115521,0.9993514044303364,0.0004446547690649189,0.034877114842278206,1.3123777432583889e-05,0.06547036588192393,0.00010348514711905942,0.31024181585644667,-1.1694742731277934,-1.6794768803629183,0.4152454936791452,0.16034627363790885,-0.12201675750764629
177,0.4425,20,0.2953038124775546,-1.2049463536834426,-1.8578206611049588,0.0029053612865107773,0.01154348571676297,0.0041459506511159015,0.4292426837476345,0.1591351944772271,-0.11634848490132409,0.0010167335767677275,0.0005089147778891835,0.0008065775056522946,3.904355443463852,-0.10793992333186064,1.4164943040237852,0.9998395384785654,-0.01456840064390685,0.010141157813264762,-0.00241162100143888,0.9997826820047038,0.004526987158094276,0.02034932801720632,-0.005117948958161186,0.9995638915736481,0.029083212694026573,-0.02020879417340543,-0.029181039210672072,0.9993698372417702,0.0004459796952101555,0.03489960877679579,1.3730947239861753e-05,0.06490920745140619,0.00010525558083342826,0.2953038124775546,-1.2049463536834426,-1.8578206611049588,0.42308023258558114,0.16297055502525692,-0.1218001958710613
178,0.445,20,0.2841833682781266,-1.2361512953956917,-2.00219239511802,0.003063038879116251,0.011823277096216797,0.005965084229948011,0.4376348453335691,0.15870238319964902,-0.11320790738436848,0.0011592322337855671,0.00044272491957842087,0.0009110366002829948,4.196080792967276,-0.2164056387890378,1.5702887584778125,0.9998437849025487,-0.014138447805200113,0.010303082572182813,-0.002521224884183967,0.9997749798291883,0.0047503228712270276,0.020674238563129915,-0.005333001251944922,0.999587495437486,0.028220525556067248,-0.02053165373740909,-0.028324431108726403,0.9993879015663408,0.0004472831162660723,0.034922486848555846,1.448353405245274e-05,0.06434421532119763,0.00010709415895919696,0.2841833682781266,-1.2361512953956917,-2.00219239511802,0.4311549841911688,0.16661508166322128,-0.1221572471356757
179,0.4475,20,0.2763643005630231,-1.2646342137824143,-2.116024071522016,0.0026248105287353376,0.01128424503938126,0.0059391972581005585,0.4466679980684973,0.15803985060012055,-0.10985301190735874,0.0013050218805334937,0.000359742045956122,0.0009954334700015095,4.516576367464102,-0.33126629976424476,1.6774477385048545,0.9998479359619609,-0.013700133905253611,0.010464559528096301,-0.0026275991832255116,0.9997671774328305,0.00496766750617789,0.020997933411155367,-0.005541130973355558,0.9996108041070209,0.027341107879002922,-0.020853939568517266,-0.027451094551278282,0.9994055986497221,0.00044851397281237665,0.034945639654055796,1.538387038019133e-05,0.06377951620905246,0.00010899368354654496,0.2763643005630231,-1.2646342137824143,-2.116024071522016,0.439376148587659,0.17112668910306975,-0.12272431052828028
180,0.45,20,0.2715446769443921,-1.2893545555045227,-2.2047812904596915,0.0023164752950741037,0.010988107316100991,0.0058687457031386435,0.4563882896721805,0.15713698509744015,-0.10638603839839099,0.001453157330336661,0.00026226000536644064,0.0010688241504062208,4.860145801841603,-0.4514327513402011,1.7334867544838817,0.9998519934187748,-0.013252819991689596,0.010625358827667613,-0.0027305253255605006,0.9997592919624596,0.005178610443903854,0.021319946730511283,-0.005741874315464609,0.9996338139874287,0.026443691351477838,-0.021175198088021673,-0.026559742596966293,0.9994229290241023,0.00044964041568061716,0.03496898188893418,1.6412849104644694e-05,0.06321834293029213,0.00011095080998324847,0.2715446769443921,-1.2893545555045227,-2.2047812904596915,0.4476592744972413,0.17635446799085613,-0.1232745238636049
181,0.4525,20,0.08179593758834035,-0.7761315860373704,-0.1816309793338485,0.005466864312398049,0.012232290986236358,0.021692201532817243,0.4660737223997753,0.15525310122420233,-0.1026320625587139,0.0015951143701641956,0.0003314273041210463,0.0010239655248960658,4.842716363797396,-0.9419419366188939,1.8769879198385433,0.9998559582786445,-0.012795819834669979,0.010785241343525752,-0.0028298866786770666,0.9997513406210955,0.005382946103646879,0.021639797077780562,-0.005934970124067638,0.999656517472289,0.025526911383900952,-0.021494954197409023,-0.025648995427118397,0.9994398911278412,0.0004506383323139507,0.03499242822052022,1.7553105515954904e-05,0.06266315810553001,0.00011296230640462103,0.08179593758834035,-0.7761315860373704,-0.1816309793338485,0.4503289239154468,0.1672535755546299,-0.12132319183547831
182,0.455,20,0.0507644257861936,-1.1469163877295288,-0.7000576524653679,0.003910037792060439,0.016914968096589617,0.02149382637337103,0.476180266584268,0.15299064111541533,-0.09808722527792264,0.0017893337953878794,0.00034454373480446174,0.0011870194947067158,5.053272092246343,-1.1312300543935117,2.2724186403956192,0.9998598298802782,-0.012329168989123474,0.010943225306030771,-0.002925406590593189,0.9997433756323624,0.00558015132383409,0.0219555184500936,-0.0061198348201705124,0.9996788671766347,0.02459085484919518,-0.021811247121224328,-0.024718908382925613,0.9994564748238781,0.000451802835730848,0.03503042169883239,1.9378059655916213e-05,0.06203007226594528,0.00011522342792389213,0.0507644257861936,-1.1469163877295288,-0.7000576524653679,0.4572834961570337,0.1598300816628556,-0.11175320397684678
183,0.4575,20,0.016610451464600877,-1.3480827068339398,-1.129579991157538,0.0028121558021971067,0.017176883719052734,0.02092033047673765,0.48687922555920404,0.1503167918662219,-0.09281633517943569,0.0020054224798126143,0.00030986529048807217,0.0013315786129681428,5.349479487468066,-1.3369246245967046,2.635445049243474,0.9998636082516671,-0.011852454401099988,0.01109892876373471,-0.0030162889324931398,0.9997354315627465,0.005768655976997874,0.022266330776937838,-0.0062948541652907645,0.9997008426514912,0.02363472049625921,-0.02212332906880617,-0.023768630800229538,0.9994726662099348,0.0004531072188817115,0.035081087348502134,2.180134049328787e-05,0.0613379545345263,0.00011768044902803903,0.016610451464600877,-1.3480827068339398,-1.129579991157538,0.4673310827377889,0.15389141820292312,-0.10140787690495015
184,0.46,20,-0.006121772080953094,-1.487387218335962,-1.4828038866351356,0.001914383544089815,0.012152214874830833,0.01810737480674975,0.4983109971132118,0.14720776024770105,-0.08699715898416738,0.002271274599972733,0.00022463095411252138,0.0012485569409537978,5.7158857770038605,-1.554515809260441,2.909588097634167,0.9998672948922293,-0.01136509133016949,0.01125193924470317,-0.003101800636151484,0.9997275453920942,0.005947019388412421,0.02257139660482182,-0.0064585366570427,0.9997224270637409,0.022657363704385074,-0.022430387614750465,-0.022796968793613707,0.9994884571245808,0.0004544680665378943,0.03514285529407215,2.473851662028529e-05,0.06060249111408171,0.00012028901331085504,-0.006121772080953094,-1.487387218335962,-1.4828038866351356,0.47968834034760643,0.1493426428927927,-0.09199792101071161
185,0.4625,20,-0.016670791182956658,-1.6102934886210192,-1.772566832096567,0.0017909074127929782,0.01217959391123682,0.018537040679825277,0.510594877613568,0.1436498149614958,-0.08080673087460248,0.0025178811955431655,0.00011119846761662689,0.0011357313099517367,6.141940250178094,-1.7789726431026276,3.0952140547824465,0.9998708914703746,-0.010866352605602349,0.011401822703269109,-0.0031813849708291764,0.9997197544574212,0.006114156002106272,0.022869841363144065,-0.00660974090546741,0.9997436023414362,0.02165735215881362,-0.02273156115967529,-0.021802446508366574,0.9995038416401879,0.0004557248507926247,0.03521437232961651,2.80998113611901e-05,0.059836670668822686,0.00012298582562128015,-0.016670791182956658,-1.6102934886210192,-1.772566832096567,0.4938214837551743,0.14616304469605418,-0.08330512666636794
186,0.465,20,-0.022309534174489234,-1.6935866106714568,-2.053086496343189,0.001226417792566752,0.015949990511717776,0.03174220508600099,0.5238294155665226,0.13962909920227823,-0.07435909457152914,0.00287215767265878,2.26505320675498e-05,0.0010357426388729405,6.617268976477316,-2.010357879608787,3.223818151536661,0.9998743989663382,-0.01035538965429246,0.0115481331263263,-0.0032546609820835667,0.9997120956063767,0.006269333549994494,0.023160771903061737,-0.0067476752232055,0.9997643461739989,0.0206330074966915,-0.023025958772413344,-0.02078334852990014,0.9995188130528089,0.00045682014630685485,0.03529445040331777,3.1831864064884564e-05,0.05905115285967599,0.00012575893479219703,-0.022309534174489234,-1.6935866106714568,-2.053086496343189,0.5091208357257982,0.14408422749146238,-0.07556098971615145
187,0.4675,20,-0.02459088209713549,-1.7603486531816963,-2.2248951105759796,0.001407945636205072,0.018368681753511685,0.03132190079168976,0.5380905323008799,0.1351536271795679,-0.067867136784183,0.003246200976148061,0.00016778183613439164,0.0010401877126005564,7.13055836717866,-2.2377360113551537,3.245978893673074,0.9998778171835624,-0.009831253835806542,0.011690411238396084,-0.0033213607644819046,0.9997046056954987,0.006412047101879315,0.023443272023563146,-0.0068717727031978645,0.9997846300213762,0.01958244910463181,-0.023312659460539502,-0.019737761397463274,0.9995333614661862,0.0004577817219867914,0.03538154519736026,3.602490199006968e-05,0.05825467912366633,0.0001285733024105988,-0.02459088209713549,-1.7603486531816963,-2.2248951105759796,0.5257864849159619,0.1430281936050802,-0.06917307291221719
188,0.47,20,-0.03852501356286141,-1.7928011664503796,-2.358656230647112,0.0024825657381546255,0.01785741146711393,0.03143843531030595,0.5534315028093999,0.13019604390629683,-0.061466367114990116,0.003637937817839423,0.0003675347379040071,0.0009970636307899546,7.670485254259972,-2.47879163663553,3.2003848345964543,0.9998811435104021,-0.009292917830866285,0.011828206704081873,-0.0033814282019451387,0.9996973189389612,0.006542215488543387,0.023716448358772877,-0.006981889700493526,0.9998044152430077,0.018503634151094336,-0.023590755021046277,-0.01866361907800481,0.9995474704087085,0.0004586169574026573,0.03547489268082428,4.0625953804880934e-05,0.05745438440614427,0.000131398791985413,-0.03852501356286141,-1.7928011664503796,-2.358656230647112,0.543513861513252,0.14277368993119005,-0.06490848689388524
189,0.4725,20,-0.03347852874596427,-1.816187836078561,-2.451138758014541,0.010180564315701458,0.018862089882379758,0.03979252097752786,0.5698978532522411,0.12473077677548983,-0.05526559432202948,0.004148451138313007,0.0007576686212854574,0.0008754291655336371,8.233175221420598,-2.732633565403505,3.1003863964803164,0.9998843729640841,-0.008739299116273651,0.011961041946855438,-0.0034349423171998197,0.9996902692936461,0.006660028043370548,0.023979355830771622,-0.007078152536634011,0.9998236516444676,0.017394406255759595,-0.023859279877343004,-0.017558748212323817,0.9995611162530037,0.00045925639640938287,0.035573778941880754,4.5570470681090836e-05,0.05665594424202053,0.00013420999582986897,-0.03347852874596427,-1.816187836078561,-2.451138758014541,0.5621514400365066,0.1430621865234685,-0.06243661110690828
190,0.475,20,-0.017627609823886215,-1.826126193302017,-2.5155267788124953,0.0017922459892403685,0.014825106491188294,0.029236417139110345,0.5875123697207535,0.11873993559517408,-0.04932180895331367,0.004515003422616614,0.0009824549483639236,0.0006674379175653037,8.807258234256228,-2.995420590157865,2.971892684357902,0.9998874978497375,-0.008169268097347266,0.012088413778602064,-0.003482090587890488,0.99968349059491,0.00676589070436575,0.02423099987522087,-0.007160904676482017,0.9998422762077828,0.016252512170558498,-0.02411721534901396,-0.01642088397792248,0.9995742666221419,0.00045937514974442854,0.035677280102367086,5.053989669551414e-05,0.05586378803027301,0.00013696893239589038,-0.017627609823886215,-1.826126193302017,-2.5155267788124953,0.5814466425310023,0.1438219490380322,-0.06162657821055524
191,0.4775,20,-0.35449965257789373,-1.2330047364405565,-0.3632746793500775,0.007786253037495942,0.006962052072777482,0.009283011308286218,0.6049247359249309,0.11171489913966513,-0.042843541269409285,0.0044248089902665325,0.000861834819910394,0.0006239590783792759,8.706183102088696,-3.512518227754479,3.239133841952195,0.9998905073358811,-0.007581671576996671,0.012209800979760361,-0.0035231173309215194,0.9996770168086144,0.006860321748739837,0.024470350429306,-0.007230604552935978,0.9998602118007422,0.01507564975627667,-0.024363505955184907,-0.015247716002032254,0.9995868780322664,0.00045926508962108745,0.03578454652933026,5.5859426308841786e-05,0.05508125498156152,0.00013968596987946633,-0.35449965257789373,-1.2330047364405565,-0.3632746793500775,0.5852433982975835,0.12960842217205537,-0.05656252198879247
192,0.48,20,-0.35878929399486903,-1.741538733256887,-1.005794407502508,0.0038833678296055427,0.014562888646123326,0.007233541545934474,0.622858492079356,0.10428758857176007,-0.0348642232463737,0.004426094920068919,0.000820195951495956,0.0009333867116517871,8.966878077212526,-3.7136552839525288,3.98965901151779,0.9998933865488111,-0.006976715181486449,0.012324172129886067,-0.0035574938565245706,0.9996709180375475,0.006942264682058229,0.024695355657518226,-0.007286193637249543,0.9998773393654744,0.013864256406328336,-0.024596077171930786,-0.014039629072883619,0.9995988804531787,0.00045952608400692244,0.035920621715736165,6.182328220913145e-05,0.05420251851081809,0.00014275366344838303,-0.35878929399486903,-1.741538733256887,-1.005794407502508,0.5964967038564063,0.11645995955807835,-0.03894440179598699
193,0.4825,20,-0.37296209699095006,-1.9664344806322631,-1.5241947343372393,0.002293514536561088,0.01500523802255197,0.005735935229866955,0.641436406994467,0.09636346345034727,-0.025538857273476604,0.0044809398322124844,0.0008508280920053945,0.0012437650113696578,9.28895745755555,-3.9620625607064044,4.662682986448551,0.9998961206604473,-0.006353895487627162,0.01243112817558183,-0.003583706545302711,0.9996652481993589,0.00700869636602538,0.024905214670088466,-0.0073246407229091565,0.9998935701190589,0.012617371867503982,-0.024814132682699754,-0.0127955699291373,0.9996101901288291,0.0004601898731160051,0.036081525388153575,6.833279310454858e-05,0.05325250186175098,0.00014606997835758264,-0.37296209699095006,-1.9664344806322631,-1.5241947343372393,0.6132064552357613,0.10433497634262387,-0.020923275618345307
194,0.485,20,-0.3773258909429159,-2.081084583714195,-1.9476411710659467,0.0011218744948521086,0.013989693788394146,0.0045715311183389794,0.6607293357436104,0.08786487422540785,-0.015121126684948232,0.00457268253744031,0.0009433579768153524,0.001483144175571069,9.64646437457166,-4.249294612469702,5.20886529426418,0.9998986939098143,-0.005712585106676167,0.01253018129918289,-0.003600395180539675,0.9996600634223071,0.007056901423014294,0.025098958958785302,-0.007343220331308951,0.9999088070518859,0.011333785565306582,-0.025016688703239306,-0.011514239982750047,0.9996207218560171,0.0004611509427501387,0.036263987232963944,7.530706361606553e-05,0.05225178239980022,0.00014955516944553735,-0.3773258909429159,-2.081084583714195,-1.9476411710659467,0.6341900611309892,0.09329916560621679,-0.006320505062104258
195,0.4875,20,-0.3589039258508197,-2.159418635349653,-2.2893825422817615,0.003063052570396649,0.009611122656770771,0.00310702158219864,0.6803153700630262,0.0791322125082227,-0.004045506781768281,0.004693081415722833,0.0010917288997193174,0.001487724901446295,9.7930171597079,-4.366330858592594,5.537809951589973,0.9999010882066577,-0.005052082454173073,0.012620767322365717,-0.0036064523028383776,0.9996554194679641,0.007084668850051951,0.025275478148074973,-0.007339713478642051,0.9999229399293271,0.010012133096528167,-0.02520259777047105,-0.010194197878021501,0.9996303853901419,0.0004622941396476152,0.03646524008177357,8.268663316956516e-05,0.05121731513190947,0.00015314523823880337,-0.3589039258508197,-2.159418635349653,-2.2893825422817615,0.6585963218514935,0.083380604254256,0.004577531672909875
196,0.49,20,-0.32653114012501183,-2.2141657752661645,-2.5575977383898967,0.0017030988317040514,0.009994406514279755,0.002148449955325773,0.6998367240135639,0.07015299958777999,0.007266214564108802,0.00484316652905583,0.0012826173315817503,0.0014997710757178365,9.760676975268792,-4.489606460221361,5.655860672938542,0.9999032745396781,-0.004372103299544871,0.012702659318932434,-0.003601211434292225,0.9996513474448653,0.0070906515334744555,0.025434351033513453,-0.007312800888359651,0.9999358319778873,0.008651870887710779,-0.025371371559936542,-0.008834850735651812,0.9996390543179305,0.0004634376183903664,0.0366829470305589,9.041196570913055e-05,0.05016293152891192,0.0001567858199197444,-0.32653114012501183,-2.2141657752661645,-2.5575977383898967,0.6856960613483755,0.07446387829581026,0.01209828093054748
197,0.4925,20,-0.32147411393392067,-2.1984350583144474,-2.760972658663493,0.004572306302068388,0.008343752356807902,0.0027282842446626435,0.7190299690867628,0.06084209926258558,0.018592114517329384,0.004984618510804114,0.0014807502858454349,0.001642779276217875,9.59662253659944,-4.655450162597201,5.6629499766102915,0.9999052188300498,-0.003672715526434816,0.01277561569321435,-0.0035844331143679003,0.9996478709658159,0.007074344350974959,0.025575138817129434,-0.00726202915943989,0.9999473259998211,0.007253148164426261,-0.025522480404519012,-0.007436321524215043,0.9996465896086424,0.00046454319412129444,0.03691504596286175,9.842962478731695e-05,0.049099756982222596,0.00016043381306961408,-0.32147411393392067,-2.1984350583144474,-2.760972658663493,0.7147289451006489,0.06636136116099241,0.014314356026622798
198,0.495,20,-0.333590260777946,-2.1776407882613755,-2.9111488391739067,0.00396806159967486,0.007603904489879751,0.0014772378948867749,0.7376719257292871,0.05109142193986402,0.029828135061388865,0.005147729059689599,0.0017231376232887433,0.0015725577387652788,9.320978321262164,-4.875338661360772,5.618010272029741,0.9999068850286215,-0.002954247189501218,0.012839307784111341,-0.0035561034191411473,0.9996450126081945,0.007035683607473405,0.025697235721732152,-0.007187405563218814,0.9999572531040314,0.005816628397096477,-0.02565521328760586,-0.0059992600223384126,0.9996528491983364,0.00046568653987475394,0.03715974203034707,0.00010669564290399376,0.04803653834907552,0.0001640634665226118,-0.333590260777946,-2.1776407882613755,-2.9111488391739067,0.7452406132645002,0.0588613062865647,0.01261596718198978
199,0.4975,20,-0.3310049904399906,-2.1742269576261277,-3.0253958398333074,0.004519064015318384,0.010034400684732906,0.0005196950982364009,0.7555807367229624,0.04079585646902646,0.040922582035996864,0.005341408760267333,0.001996736663009705,0.0015338880018671394,8.95440549683762,-5.147782735418773,5.547223487304001,0.9999082369064797,-0.0022172477671063683,0.012893296928909014,-0.003516315289845497,0.9996427968421707,0.0069748099761008904,0.02579982068464399,-0.007089160511405942,0.9999654386782433,0.004343414816929033,-0.025768634515744578,-0.004524762405439597,0.9996576934132845,0.00046672046667141945,0.03741543410934334,0.00011516421580677055,0.046980081352965344,0.0001676465644925584,-0.3310049904399906,-2.1742269576261277,-3.0253958398333074,0.776948343490834,0.051844471916274074,0.008058981516497577
200,0.5,20,-0.31889442973482024,-2.1856690466606916,-3.0950776355619576,0.004180134907964865,0.007681451839747794,0.0005382861324080905,0.7726108779231152,0.029858915860137825,0.051877369421267396,0.005537466449707923,0.002292257818211697,0.0013827524307825395,8.51507060007644,-5.4684703044443195,5.477393692635266,0.9999092391807246,-0.001462447544912454,0.01293703717075811,-0.00346521535336583,0.9996412507035944,0.0068919622186651526,0.025881861380703235,-0.006967641171660418,0.9999717070594664,0.00283497038428791,-0.025861590597958745,-0.003014288863612612,0.9996609886328416,0.0004676586662952549,0.0376806326731569,0.00012379372660101509,0.04593556127755271,0.00017115753351186196,-0.31889442973482024,-2.1856690466606916,-3.0950776355619576,0.8092809944264205,0.0453190243164394,0.002095182214751585
201,0.5025,20,-1.0228746088122205,-1.719873787493699,-2.898171622633684,0.007503347136816584,0.001882386989601994,0.060871432281591656,0.7881408363644125,0.018939378793106306,0.06302393572572298,0.005411589981476304,0.0022159733066686262,0.001339058710546785,7.764979220648652,-5.459768533515763,5.573283152227795,0.9999098584049093,-0.0006907221101427607,0.01296988442267563,-0.0034029495593488144,0.9996404040647179,0.006787368452221567,0.02594213157821194,-0.00682320279596852,0.9999758856745262,0.001293047969738078,-0.02593272960821057,-0.0014695914196618744,0.999662610002058,0.0004684412479132959,0.03795404206275904,0.00013255437987830696,0.044906562928848606,0.0001745895396167106,-1.0228746088122205,-1.719873787493699,-2.898171622633684,0.8133189647849666,0.02882870242516806,0.012769097498387316
202,0.505,20,-0.9822890693465632,-2.3432945877139444,-3.436482768894776,0.004318186250707502,0.002873654061671745,0.0575721652750188,0.8019653371266092,0.010068061782257103,0.07344426613976292,0.005429602776282231,0.0022058939213906482,0.0016263210931118312,6.912250381098357,-4.435658505424604,5.210165207019967,0.9999100549064793,9.642570642260685e-05,0.01299185351385719,-0.003329345473139676,0.9996402544019899,0.006660597527005089,0.025980727851777415,-0.006655586532393838,0.9999778123216072,-0.0002793428041749582,-0.025982011989734106,0.0001063253294387413,0.9996624048887153,0.0004695598633351659,0.0382667967640892,0.0001415771356995075,0.04380013300516994,0.00017774086964143727,-0.9822890693465632,-2.3432945877139444,-3.436482768894776,0.8269378031583733,0.011280053628623702,0.046242486648268875
203,0.5075,20,-0.9016323674248745,-2.5748914741854922,-3.841040005236305,0.0023072569358176045,0.0038738571262254603,0.05523980094519108,0.8133371168560375,0.002985965468019591,0.081324515584947,0.005454991465510978,0.0022732019924477653,0.0020159879760689977,5.685889864714184,-3.5410481571187526,3.9401247225920306,0.9999097631002387,0.0008972940098334136,0.013004978805833253,-0.0032451573989899923,0.9996406789594312,0.0065130677112551095,0.026001786833138547,-0.00646639055293317,0.9999773276338314,-0.0018788324879984995,-0.026013434274318865,0.001710019675216668,0.9996601307794395,0.00047119023332404836,0.038612532443087225,0.0001508162372328043,0.042638320406803695,0.00018072995604510433,-0.9016323674248745,-2.5748914741854922,-3.841040005236305,0.8474197093743667,-0.006576545886813399,0.08407948145399234
204,0.51,20,-0.8412391018684724,-2.6035254144603375,-4.151951564812802,0.0008399871288220548,0.002501503800195061,0.05289243828176588,0.8217498516141262,-0.002605266718407129,0.08631487714339534,0.0054797320349118,0.002402176179024527,0.0023819083529849597,4.206367379044288,-2.7956160932133614,2.4951807792241745,0.9999089206935294,0.0017094574444736362,0.013011029915445482,-0.0031529626204663563,0.9996415438545067,0.0063498345055335685,0.02600891004888122,-0.006260867297736658,0.999974273163919,-0.0035006500785046434,-0.026030469470576037,0.003336556914595967,0.9996555817115699,0.00047327933386746694,0.038986070639986284,0.0001602028347731945,0.04143853371645397,0.0001836291002045669,-0.8412391018684724,-2.6035254144603375,-4.151951564812802,0.8724825864697987,-0.024578955520804364,0.1173644654541455
205,0.5125,20,-1.2183358882923712,-1.4913681682565976,-2.299916921160075,0.01827351051222061,0.05382983094476321,0.044032607643873435,0.826852548580384,-0.006984414448925148,0.08845298518830899,0.004875324756691941,0.002042561341980888,0.0016918169217345796,2.55134848312893,-2.189573865259009,1.0690540224568346,0.9999074774402481,0.0025299895444939654,0.013011473702946957,-0.003055693712097328,0.9996427285760308,0.006176659767840362,0.026005077949902065,-0.006044984198132706,0.9999685237776852,-0.005139029083528757,-0.026036001442473197,0.004979992770011897,0.9996486014099646,0.00047573216134522275,0.039382870616422844,0.00016967888423731573,0.040214771915070294,0.0001865070893906717,-1.2183358882923712,-1.4913681682565976,-2.299916921160075,0.8909950610553384,-0.03404325316809627,0.14059009695606733
206,0.515,20,-1.1027743844163564,-0.9665526692186601,-1.3234202519480696,0.009269869513972347,0.04135814394525214,0.0035585237616656985,0.8283962402609764,-0.01043909127854061,0.08796204516662702,0.004323987358388207,0.0019960624245490034,0.0013367437644605964,0.7718458402962061,-1.7273384148077315,-0.24547001084098996,0.9999053983009367,0.003355613017821186,0.01300749405150822,-0.002956249045647147,0.9996441313801602,0.005999234991666094,0.025992686985377794,-0.005824642526192204,0.9999600009057095,-0.006787497926008666,-0.02603236709650377,0.0066336843585045385,0.9996390899195492,0.0004780789086609322,0.0398022132390957,0.00017929093667287593,0.03907903052958693,0.00018715811350824115,-1.1027743844163564,-0.9665526692186601,-1.3234202519480696,0.9037699167164636,-0.04240042663324295,0.15424102159705083
207,0.5175,20,-0.9865932924372341,-0.6013090862651602,-0.6314668052014307,0.007891579076948587,0.03377437010380326,0.015721484939499368,0.8262184581455247,-0.01322895940935121,0.08517488888876779,0.003891785067785378,0.0020447804451301462,0.0010570482461766829,-1.08889105772583,-1.3949340654053004,-1.393578138929609,0.9999026654561681,0.0041827993601717345,0.012999984941197792,-0.0028573054949497735,0.9996456723936743,0.0058228074182342365,0.025973536115995257,-0.0056053021034571,0.9999486799896422,-0.008439074315421641,-0.026021342258379623,0.008290494601794648,0.9996270091620824,0.00047996577459089685,0.0402422682088552,0.00018885391823808743,0.03802782909552134,0.00018711588739684328,-0.9865932924372341,-0.6013090862651602,-0.6314668052014307,0.9121789822629747,-0.05144467933762009,0.16228290930148076
208,0.52,20,-0.8786256953235909,-0.33375991309780184,-0.04932796970890445,0.006569122769305802,0.03052874961731254,0.015162108374822082,0.8202372987597708,-0.01556254603011772,0.08053749158644168,0.003483097683918368,0.0021732326765449726,0.0009389113772011006,-2.9905796928769854,-1.1667933103832548,-2.318698651163058,0.9998992788957252,0.005007853894941892,0.012989580276634924,-0.0027612076004254207,0.9996472930736484,0.005651958817457561,0.025948888455057724,-0.005391759136729534,0.9999345942639085,-0.010086432852307453,-0.026004199352003855,0.009942965141162732,0.9996123844072076,0.00048134463398846153,0.040700985652712754,0.00019841474950682607,0.03705374911371011,0.00018648247446119152,-0.8786256953235909,-0.33375991309780184,-0.04932796970890445,0.917267574408973,-0.06173603017207223,0.1667833585130319
209,0.5225,20,-0.7689634893265304,-0.1113093715806931,0.41646615122143044,0.004951360227392491,0.029232715336067607,0.01485434008950382,0.8104164389655032,-0.01758851344597726,0.07441521439254187,0.0030876435184331295,0.0023663371005574296,0.000878330457685799,-4.910429897133773,-1.012983707929769,-3.0611385969499034,0.9998952560805707,0.005826994811736275,0.012976705315341792,-0.0026698535901413718,0.999648954001932,0.005490378267515931,0.02591957772269587,-0.005187917489332222,0.9999178360265424,-0.011722060745471143,-0.02598180661476727,0.011583477132373655,0.9995953025012455,0.00048218024317309995,0.041176516880686104,0.00020792788349753956,0.03614956932702685,0.00018535843671431916,-0.7689634893265304,-0.1113093715806931,0.41646615122143044,0.9195988923804318,-0.07343318495639847,0.16807489957288282
210,0.525,20,-0.6649137077357972,0.051079663904713926,0.7803682864510525,0.002984090810948276,0.030592865699011876,0.015121983002954748,0.7967400650355421,-0.01942451023048949,0.06702375729029006,0.0026901691219196142,0.0026075519544358234,0.0007350219805650915,-6.838186964980581,-0.9179983922561171,-3.6957285511259057,0.9998906305668017,0.006636399697690543,0.012961637161331625,-0.0025847757880093263,0.9996506297924475,0.005341023394970966,0.02588613189832765,-0.004996948975214823,0.9998985542663564,-0.013338353608649402,-0.025954746319360223,0.013204341905019113,0.9995759083223009,0.00048239898447266944,0.04166706750610491,0.00021735374145961963,0.03530835813134924,0.00018383761178720259,-0.6649137077357972,0.051079663904713926,0.7803682864510525,0.919784405239717,-0.08661356626319297,0.1676139239837729
211,0.5275,20,-0.9307430352541152,0.8580382975869629,-0.09500216649650542,0.07873831670404483,0.2788584467007388,0.3610632943439496,0.7801547825961602,-0.019295099625148575,0.059524924757271065,0.0015035020869458991,0.00038804787872843765,0.00037707589308058154,-8.292641219690866,0.06470530267045571,-3.749416266509506,0.9998854506863419,0.007432227951148373,0.012944535123591642,-0.0025072901482117373,0.9996523050130935,0.005206419351212595,0.025848835168112868,-0.004821592408171877,0.9998769509675897,-0.014927664599852362,-0.02592337417579758,0.014797841778298113,0.9995544019962326,0.00048184979581402087,0.042170875498333496,0.0002266591316674839,0.034523649111841366,0.00018200833412638885,-0.9307430352541152,0.8580382975869629,-0.09500216649650542,0.9075757697982457,-0.08548832936962983,0.1724513141830121
212,0.53,20,-1.9672472326631034,4.764142506974212,6.614056800983624,0.007256157288687908,0.11828582966418544,0.10850914162022157,0.7623422411200552,-0.017275112791005284,0.05302406439873084,0.0004718594960418561,7.971204335284468e-05,0.0027759791721114315,-8.906270738052545,1.009993417071647,-3.250430179270108,0.9998797487383454,0.008211567081405847,0.012927354768520772,-0.0024375659375211476,0.999653883541978,0.0050868533160172685,0.02581156800317739,-0.004662237952549908,0.9998532568767357,-0.016484181819500288,-0.02589163294802261,0.0163581367009163,0.9995309073295128,0.0004826525320264648,0.042709165834892614,0.00023602378575703054,0.03376836872523742,0.00017407646321877476,-1.9672472326631034,4.764142506974212,6.614056800983624,0.8755579143037145,-0.056689235055778,0.1622644167060462
213,0.5325,20,-1.7694288472858783,5.329154766862866,7.507505603167578,0.001774592795247724,0.05725812325520124,0.06592754253645408,0.7430231907934122,-0.013727565967770193,0.04695869778527326,0.0006567262445971189,0.00012418951446159417,0.004258959513066636,-9.65952516332152,1.7737734116175445,-3.0326833067287944,0.9998735537155374,0.008973171456946268,0.012912004911379713,-0.0023746375376192956,0.9996552824514668,0.004980397814896922,0.025778128413121094,-0.004516951279205952,0.9998276865811383,-0.018005396328608356,-0.02586336053221373,0.01788275100241441,0.9995055246463455,0.0004813720857166916,0.0432866251638871,0.0002450027227683612,0.03315842834798048,0.0001637084962492975,-1.7694288472858783,5.329154766862866,7.507505603167578,0.8353040781744021,-0.03226406304090927,0.12654083655287832
214,0.535,20,-1.5269330957069607,5.394092350455791,7.9638429493206875,0.019619496736672546,0.016262470284001695,0.00888145257363422,0.721964574347733,-0.008945388894890447,0.04097911514914516,0.0014053057176635739,0.00027047716504648525,0.005084153137825022,-10.529308222839626,2.3910885364398733,-2.989791318064052,0.9998669031179327,0.009715524528063938,0.012900040459283018,-0.0023181002239294392,0.9996564307350013,0.004886244703024992,0.025751603889070496,-0.004384922065044266,0.9998004699889929,-0.01948827001743793,-0.025841690127406884,0.01936865567072848,0.9994783950785869,0.000477999306236209,0.04390002595649223,0.0002534825561919825,0.032674863551383236,0.00015229442272005655,-1.5269330957069607,5.394092350455791,7.9638429493206875,0.7898738851556214,-0.01308089957233729,0.08387431710907008
215,0.5375,20,-1.2559667822274996,5.4188199260041445,8.288902543872503,0.021659771749568867,0.020028161634621944,0.005805868023176141,0.6990145666293908,-0.00312640721856273,0.03498131501079996,0.0020069176018561764,0.0006218042326368312,0.005445932137427386,-11.475003859171098,2.90949083816386,-2.998900069172594,0.9998598431228093,0.010436882130715915,0.012892720425607289,-0.002267898112377267,0.999657268796358,0.004804280108572773,0.025734487273781175,-0.004266040894867425,0.9997718562590828,-0.02092931741245102,-0.025829166414914593,0.020812359907184448,0.9994496985028334,0.00047280490086885565,0.04454551658679945,0.0002613514982810213,0.0322989618812924,0.00014145111761213952,-1.2559667822274996,5.4188199260041445,8.288902543872503,0.7413466974224041,0.0013370632653384265,0.03857976388108283
216,0.54,20,-0.9767748946095984,5.256137151962195,8.346323719281505,0.023089984080175086,0.008674070537740147,0.014702349916246213,0.6745278454285131,0.003132558497897957,0.029112371715603855,0.002554198376852541,0.0009881318021275592,0.00548113387445994,-12.243360600438832,3.1294828582303444,-2.9344716475980546,0.9998524276028994,0.011135350279853183,0.012891100189043653,-0.0022240788317876674,0.9996577460185321,0.004734595070481604,0.025728863843291056,-0.004160407406090874,0.99974211489499,-0.02232475566513747,-0.02582792743065891,0.022210072372941845,0.999419647020122,0.0004663567470580036,0.04521932079013258,0.00026860508136001464,0.03201528307775421,0.00013118195138720048,-0.9767748946095984,5.256137151962195,8.346323719281505,0.6910138471439342,0.01083239083233128,-0.005732208782411699
217,0.5425,20,-0.7435318001011189,5.02149338201513,8.28640215372864,0.02070451691182,0.009241711660221542,0.009503749209241553,0.6488160977691622,0.009627948770491387,0.023532759691629455,0.002994783235755285,0.0012728023994088259,0.0053468207645231075,-12.855873829675456,3.2476951362967146,-2.7898060119871957,0.9998447179277166,0.011809389692941763,0.012895635394670212,-0.0021865349055105745,0.9996578433057495,0.0046769699191061605,0.025735622581812646,-0.004067811584251147,0.9997115147603745,-0.02367150532671405,-0.02583890915291822,0.02355871829903731,0.999388481805696,0.0004589022067186444,0.04591749618386738,0.0002752188433230076,0.03180846987766633,0.00012165999881091819,-0.7435318001011189,5.02149338201513,8.28640215372864,0.6399626369238909,0.015876647548787644,-0.046432000904496104
218,0.545,20,-0.5450885073336387,4.77782146403811,8.168270903019653,0.015157385963056982,0.015809012213256625,0.0035531089560396794,0.6221206873791884,0.016274694261314494,0.01826048042633068,0.0034908133365996984,0.0016530370170070876,0.005100134982138991,-13.347705194986915,3.323372745411552,-2.636139632649386,0.9998367768150292,0.012457771246241457,0.012906574821956182,-0.002154991896775981,0.9996575526725802,0.004630854617678866,0.02575524354723828,-0.003987705990861147,0.9996803198910023,-0.024967102826594915,-0.02586262913158844,0.02485584856996912,0.9993564485238832,0.00045077650405896987,0.046636259576055945,0.0002812199072369039,0.031665187264599985,0.00011282644870190989,-0.5450885073336387,4.77782146403811,8.168270903019653,0.5891245979998155,0.01735604212489571,-0.08307098732222568
219,0.5475,20,-0.3609662748589733,4.547561118716937,7.974451261096739,0.01644694883045187,0.01749768196328668,0.006007414793768413,0.5946288585287683,0.023041842522936954,0.013262999534676023,0.0039000689350409826,0.0018472894709623965,0.00488878110345877,-13.745914425209984,3.3835741308112293,-2.4987404458273326,0.999828666010797,0.01307950719255016,0.012924079237117006,-0.002129152541071787,0.9996568697706592,0.004595656664424527,0.0257880332741791,-0.003919494315068686,0.9996487864021137,-0.026209567129109546,-0.025899426338079044,0.02609949778451466,0.9993237893349455,0.000441808126930427,0.04737213610800091,0.0002866065599575418,0.031574181910872676,0.00010462939163079731,-0.3609662748589733,4.547561118716937,7.974451261096739,0.5390025575848816,0.0163159905535144,-0.11595185388990618
220,0.55,20,-0.2230775828214818,4.37601046037146,7.7693680782608086,0.015011819650982118,0.02578505439412602,0.0033749472253255916,0.5664978648191201,0.029928677150461998,0.008535895328458394,0.00426991481456667,0.001890644484462868,0.004950075706782111,-14.06549685482416,3.4434173137625232,-2.3635521031088116,0.9998204451740053,0.013673797587080582,0.012948275981765744,-0.002108748610348003,0.9996557906567968,0.004570844158469055,0.02583423290932994,-0.003862635738963767,0.9996171608776918,-0.027397294099434193,-0.025949571315969682,0.02728807546350239,0.9992907388172951,0.00043235636614046393,0.048121790672355155,0.00029138902163615394,0.0315259794297198,9.702065808186739e-05,-0.2230775828214818,4.37601046037146,7.7693680782608086,0.4897444909616497,0.013288539441517177,-0.1471616176307905
221,0.5525,20,-1.7230781595514109,3.3575140260219256,2.1352730422019555,0.030324196597125805,0.03334321659369846,0.008890144998976517,0.5378941584901185,0.037528488370152886,0.0038010978210036746,0.003939193900728114,0.001440640895442529,0.004530766535918388,-14.30185316450087,3.7999056098454416,-2.36739875372736,0.9998121711794576,0.014239999862924353,0.012979289873219137,-0.0020935137233642925,0.999654310469354,0.00455589117433268,0.02589408070675407,-0.003816590830270696,0.999585679208388,-0.02852899500402937,-0.026013327247289022,0.02842030571815294,0.9992575208765817,0.0004225955929768197,0.04888217980143579,0.0002955667230699404,0.03151253287435465,8.996304141637515e-05,-1.7230781595514109,3.3575140260219256,2.1352730422019555,0.46099006319940433,0.048036647028598556,-0.1553803009786477
222,0.555,20,-1.3085595462299495,2.320076828497745,2.1421962617698886,0.02886429251724808,0.04252666698518172,0.010717307522068375,0.5094728117446438,0.04504305082530696,-0.0016585389373100284,0.003532801017184461,0.0009996336388853957,0.003619270053909187,-14.210673372737334,3.757281227577036,-2.7298183791568524,0.9998038890402015,0.014777640502797663,0.0130178324824163,-0.00208346795474917,0.9996523903974825,0.004550864424799289,0.025968981604718586,-0.0037813730305961283,0.9995545610049033,-0.029603729364705015,-0.026092136566456117,0.029495240417435387,0.9992243147572596,0.0004142917189243645,0.04971532023041463,0.0002987104100956877,0.03152731452900333,8.334489791293612e-05,-1.3085595462299495,2.320076828497745,2.1421962617698886,0.43925559378675966,0.07124842594217723,-0.12374897003095724
223,0.5575,20,-1.0489247912773823,1.8890972616928319,2.243929624055115,0.026492528029129655,0.044053999666801354,0.012589222020552885,0.4822318442200898,0.051047014579406455,-0.007263784845199761,0.003097947626411489,0.0005451445587132163,0.002589430936021339,-13.620483762276944,3.0019818770497477,-2.8026229539448657,0.9997956409263632,0.015286912384581644,0.013063807589651784,-0.0020793329818239114,0.9996500266112225,0.004557226666588006,0.02605870260184616,-0.0037584055384598477,0.9995239733681937,-0.030621904742634657,-0.026185848926292214,0.030513248718677197,0.9991912944820134,0.00040765146211618546,0.050596971372003696,0.0003007793503575618,0.031564864692842996,7.714256477093224e-05,-1.0489247912773823,1.8890972616928319,2.243929624055115,0.4212377462988691,0.0857785369165606,-0.0811302122343405
224,0.56,20,-0.8728798991238909,1.7671567102463819,2.358193144466022,0.024596439922587175,0.04380069510408998,0.01152043108007547,0.4566103057361308,0.055663974055771025,-0.011915831453983594,0.002566780415363263,8.79821335142305e-05,0.0015986072364345737,-12.810769241979505,2.3084797381822852,-2.326023304391918,0.9997874700978904,0.015769002261040485,0.013115704539762393,-0.0020812249703029183,0.9996472935940973,0.004575208444612728,0.02616019643819604,-0.003747922146442119,0.9994940141406286,-0.0315858952166497,-0.0262914718032458,0.03147670828948462,0.9991586337242339,0.00040269562526577937,0.05150777406664643,0.00030177648075414815,0.0316204309217298,7.133592608083941e-05,-0.8728798991238909,1.7671567102463819,2.358193144466022,0.4051887640151026,0.0938491726436613,-0.041491753904697795
225,0.5625,20,-0.7276366898159204,1.7320423979710209,2.428394971193019,0.02225815460268326,0.040325939837843244,0.011742161796278003,0.43289290259217744,0.05907788551800968,-0.015354449998908207,0.002001664645564518,0.0003898808742367733,0.0007783185670203685,-11.85870157197667,1.70695573111933,-1.7193092724623074,0.9997794090209716,0.016225521134196435,0.013172143732378308,-0.002088154949727878,0.999644268476799,0.004602838436191064,0.026270713348056387,-0.003747938850141554,0.9994647441456593,-0.03249889481547498,-0.02640623895712953,0.03238887290694181,0.9991264541868347,0.00039945267156062624,0.05243195096545076,0.0003017352351870847,0.031689936309557375,6.590600045068097e-05,-0.7276366898159204,1.7320423979710209,2.428394971193019,0.3905324243846125,0.09761965968207775,-0.008589337451103483
226,0.565,20,-0.6365633413372956,1.7301095505517197,2.498054895510676,0.01912853247726323,0.036529258104909236,0.016363308650207634,0.4112591927325427,0.061466032996408425,-0.017484007494992883,0.0015802527905862814,0.0009080157964597203,2.3072978660255136e-05,-10.816854929817385,1.1940737391993725,-1.064778748042337,0.9997714787600508,0.016658360865091874,0.013231931613909068,-0.002098870409166422,0.9996410214575407,0.004637626128929482,0.026387888191609556,-0.0037559369618626235,0.9994361875125878,-0.033364652371064014,-0.026527743154349383,0.033253563932181825,0.9990948299981064,0.0003978891385485808,0.05335648888421195,0.0003007166852838279,0.03176995146414522,6.083614193600045e-05,-0.6365633413372956,1.7301095505517197,2.498054895510676,0.3767739158369072,0.09739502687757821,0.017342287756949022
227,0.5675,20,-0.57012625025878,1.7274190110273953,2.5380219401514053,0.0174584193055401,0.03773913477392054,0.016707695830911008,0.3918203718929543,0.06302666261340283,-0.018356853780985796,0.0011834108112871416,0.0014287303257898034,0.0008405791107079534,-9.719410419794194,0.7803148084971951,-0.4364231429964583,0.9997636903600181,0.01706959127214998,0.013294053408121082,-0.0021120216622447906,0.9996376150169605,0.004676893258385822,0.026509721097227726,-0.0037691970262787844,0.9994083368365999,-0.034187269783917625,-0.026653926483357508,0.034074960468809666,0.9990637943955676,0.0003978932672520962,0.05427070546995235,0.0002987928391861304,0.031857559265641225,5.611190300843159e-05,-0.57012625025878,1.7274190110273953,2.5380219401514053,0.36382321587009436,0.09400276909121909,0.037069169093588594
228,0.57,20,-0.5230825726431264,1.7194396906048914,2.553011387329818,0.016012081467234814,0.03802092761932294,0.016267215973388562,0.37463034269459855,0.06395942580325738,-0.018131738654711158,0.000791053199871757,0.0019452562860578057,0.0017383919554373533,-8.59501459917787,0.4663815949272852,0.11255756313732002,0.999756045529661,0.017461393668865743,0.01335769283908064,-0.0021263113723491898,0.9996341016839292,0.004718073164711097,0.026634611620527913,-0.003785097432027193,0.9993811570621774,-0.03497107299602791,-0.02678312506026861,0.03485746253925958,0.9990333435463153,0.0003994736054342922,0.05516588297921463,0.0002960286668784086,0.03195032584987459,5.171660133003355e-05,-0.5230825726431264,1.7194396906048914,2.553011387329818,0.35157536407352424,0.0881369759696651,0.05156504473020653
229,0.5725,20,-0.4910952795973607,1.7045613781959825,2.5460753891952366,0.01457947427121127,0.03725564762120759,0.015908671137021133,0.3596935475038578,0.0644299160346184,-0.016977840182780726,0.0004093505639561549,0.0024566713376856027,0.0026185163903201768,-7.468397595370376,0.23524511568051076,0.5769492359652164,0.9997485375969037,0.017836004921964247,0.013422232433491688,-0.0021406021997156383,0.9996305229974478,0.004758925844979861,0.0267613549105979,-0.0038013298299898377,0.9993545895012925,-0.03572050299515432,-0.026914074076078282,0.035605576354065416,0.99900344120985,0.00040264354754393315,0.056034997458305015,0.00029249326718307195,0.03204623729826206,4.763360710049961e-05,-0.4910952795973607,1.7045613781959825,2.5460753891952366,0.3399391685501537,0.0803740833219994,0.06183625978828391
230,0.575,20,-0.4706895392739061,1.6832023272682526,2.5194802300454726,0.013219600110708562,0.03614394489114792,0.0155624236221532,0.34698578810036274,0.06454777984168217,-0.015043710742004952,5.112765907395169e-05,0.002960400596560059,0.0034621082164102857,-6.353879701747531,0.058931903531880686,0.9670647203878862,0.9997411530856535,0.01819566816733314,0.013487219215368452,-0.002153927749210831,0.9996269110261755,0.0047975583540042915,0.026889071871420776,-0.0038159224926325973,0.999328556510391,-0.03644001754100244,-0.027045840489744982,0.03632381555809176,0.9989740251555618,0.00040740958309534313,0.05687248864300263,0.000288259239188357,0.03214364380350424,4.38466876908566e-05,-0.4706895392739061,1.6832023272682526,2.5194802300454726,0.32884802447781725,0.0711903422216275,0.06880571124231269
231,0.5775,20,-0.7285425205983755,1.4117431999918024,0.17096909249914552,0.009617078635293558,0.021333992724802454,0.04286828624360239,0.3356851871073909,0.0648920677236903,-0.011812551110992452,0.00020106348789184967,0.0016717709322080826,0.003781234065425308,-5.650300496485849,0.1721439410040644,1.6155798155062486,0.9997338733344611,0.018542603980436733,0.013552308939406166,-0.0021654717064132877,0.9996232913093992,0.0048323810286653645,0.027017097648669816,-0.0038272006379296,0.9993029651398269,-0.03713403288126773,-0.027177711585801262,0.037016644315008305,0.9989450135200711,0.000413778101994949,0.05767406314823925,0.0002833999432981085,0.0322412098859419,4.033987387677609e-05,-0.7285425205983755,1.4117431999918024,0.17096909249914552,0.3191065723306805,0.07298246935031562,0.06818317632722379
232,0.58,20,-0.6493334475518384,1.5149442461563691,0.4649053335628811,0.0018603694487794792,0.00401089893042776,0.039905672169038946,0.32501634410498553,0.06346704761345189,-0.00756761752219484,0.0002582427064226471,0.0006242606660695367,0.0030578803128226734,-5.334421501202687,-0.7125100551192022,2.122466794398807,0.9997266848795305,0.01887820256577471,0.01361774799010723,-0.002173924411602221,0.9996196619846611,0.004860817700473376,0.027145972536539765,-0.003832503280285713,0.9992777750410764,-0.037805293644705876,-0.0273101316781594,0.037686877825558907,0.998916340815127,0.00041835499371580996,0.05849350665321938,0.00027635249710443764,0.03233898278066475,3.710981487912332e-05,-0.6493334475518384,1.5149442461563691,0.4649053335628811,0.31072748814327766,0.0723174821886057,0.05779894225842436
233,0.5825,20,-0.6278577230991023,1.504635185567214,0.6768366926266849,0.009155429249907334,0.012646927836558122,0.028334850301549783,0.31475873622571987,0.060720684343553426,-0.004015609748942628,0.000335221984157511,0.00029098706808971544,0.0022021585077002027,-5.128803939632862,-1.3731816349492347,1.7760038866261045,0.9997196134759977,0.01920308564996012,0.013681783899488757,-0.002178238336308616,0.9996161281341559,0.004880720111398355,0.027272237628641737,-0.0038297902391338434,0.999252993558541,-0.03845500709944713,-0.02743955321799438,0.0383357983546513,0.998888100581696,0.00042096749120210537,0.05931678184665329,0.0002676587210626925,0.0324358146925889,3.414291970926562e-05,-0.6278577230991023,1.504635185567214,0.6768366926266849,0.30349759628808276,0.06939400378031142,0.04455425264036183
234,0.585,20,-0.5844429913379627,1.5128657407100667,0.8302828844975713,0.005753434695060834,0.03594832827727967,0.02930779109478063,0.3048091762548264,0.056972147928687135,-0.001727875388314775,0.0002647869232573067,0.0009976144689018088,0.0006715508543657885,-4.974779985446727,-1.8742682074331443,1.1438671803139258,0.999712678438908,0.019517675555280577,0.013743089844035963,-0.0021790803019725627,0.9996127581811526,0.004893374747842841,0.027393221151329885,-0.00382044207303098,0.9992286238999127,-0.03908403000527705,-0.027563343480701098,0.03896424081980754,0.9988603756449151,0.0004217540890168475,0.06013279087552561,0.000257738570370196,0.03253081052750066,3.1418714772572635e-05,-0.5844429913379627,1.5128657407100667,0.8302828844975713,0.2972517700112628,0.0646920859627467,0.028847857768417758
235,0.5875,20,-0.5385391851578911,1.5121786786191154,0.9378347348905194,0.006515106083426978,0.023861287558292858,0.020738085080920805,0.29513760261167943,0.05245675144360327,-0.0006895370427628391,0.00022221813913730562,0.0016282730991443045,0.0005577484667646342,-4.835786821573472,-2.257698242541937,0.5191691727759689,0.9997058948619189,0.019822298295587185,0.01380064926819166,-0.0021776933639512503,0.9996095994627779,0.004901226959221238,0.027506847077752934,-0.00380698461335375,0.9992046682837867,-0.03969304407627887,-0.027679514627579182,0.039572829746960636,0.9988332371401143,0.00042058435706306276,0.06093273484187937,0.0002469677037838777,0.032623287207850696,2.892488950556512e-05,-0.5385391851578911,1.5121786786191154,0.9378347348905194,0.29180841913260125,0.05861124113467457,0.011663327665653176
236,0.59,20,-0.49750879080894295,1.497990926003075,1.0061793085496316,0.008427452742696203,0.02282829027733947,0.01652923771673989,0.2857296699667179,0.04732548845911272,-0.0007294102546150654,0.00015414945625861644,0.002160671747980479,0.0017055534807277825,-4.7039663224807935,-2.5656314922452763,-0.0199366059261136,0.9996992747119979,0.020117249361119947,0.013853680004573128,-0.0021753088927460654,0.9996066871631041,0.004906705315147919,0.02761150524246206,-0.0037919135742632837,0.9991811286187273,-0.040282671257646445,-0.027786550168193397,0.04016212712440161,0.9988067436569468,0.0004177256084025014,0.06170970924005982,0.00023565311138162297,0.03271273745569753,2.664027255750735e-05,-0.49750879080894295,1.497990926003075,1.0061793085496316,0.28703879037007407,0.051488160311712085,-0.0061409435366953135
237,0.5925,20,-0.4656876115379185,1.4803544813255074,1.0465933479293394,0.009831613870753639,0.022610647805818836,0.01328066667809711,0.27658543838019584,0.04172980063599525,-0.0016573567034068935,6.434291199208268e-05,0.0026065093815778955,0.002731414195343186,-4.572115793261007,-2.7978439115587395,-0.46397322439591426,0.9996928280255394,0.02040280758660043,0.013901552265461662,-0.0021729890690527073,0.9996040499262329,0.004911904567474337,0.02770589404068109,-0.0037773817833652032,0.9991580071221798,-0.04085349667405045,-0.02788323435213576,0.0407326649895876,0.9987809445743896,0.00041337163522086543,0.06245837403172703,0.00022406747422633894,0.03279880086565821,2.4548836600669525e-05,-0.4656876115379185,1.4803544813255074,1.0465933479293394,0.28279860951257807,0.04360561278921349,-0.024061980788262945
238,0.595,20,-0.4279994426610503,1.4605390290183509,1.0681811791815918,0.003438414242252457,0.01948962046256741,0.013168874109084426,0.26770249609227303,0.0357945810689149,-0.003284679804383222,5.169313008682454e-05,0.0027212646767288606,0.00354944788255683,-4.441471143961421,-2.9676097835401722,-0.813661550488166,0.9996865626291546,0.02067924923619121,0.013943789599010284,-0.002171608010598252,0.9996017097005336,0.004918548895815696,0.027789023741928556,-0.003765160494155918,0.9991353055393516,-0.04140609606374174,-0.027968652635106436,0.041284974282976505,0.998755878765292,0.0004077412797137389,0.06317469871450786,0.00021243917633097543,0.03288123470428529,2.2635722364723823e-05,-0.4279994426610503,1.4605390290183509,1.0681811791815918,0.2789720237584202,0.03546467453573362,-0.041704583252728675
239,0.5975,20,-0.3992867649511219,1.4415330781474718,1.0722557884159698,0.009360330553012022,0.01803139305620174,0.006978294519935014,0.2590778985554931,0.029622360117942722,-0.005437274524031014,0.00015363641079040112,0.0030356013790960447,0.004181697247836039,-4.312298768389964,-3.08611047548609,-1.0762973598238965,0.9996804845165828,0.02094684553435788,0.013980042679449628,-0.002171853017832574,0.9995996829222994,0.004927993743471664,0.027860164739333684,-0.0037566425651910157,0.9991130254332574,-0.041941030581527386,-0.028042138618085154,0.04181958018999622,0.998731576137681,0.00040154668339740574,0.06385574461431995,0.00020095713123319855,0.03295989311896321,2.088518596658301e-05,-0.3992867649511219,1.4415330781474718,1.0722557884159698,0.2754518989942597,0.02723633698347716,-0.058839119411686555
240,0.6,20,-0.39230393047696743,1.4251622230828327,1.0588259253158303,0.008207019354970967,0.01557338271549544,0.004216401771782461,0.25070880153444325,0.02329600146105599,-0.007984113389510116,0.0002621292515562114,0.0032890454406916173,0.004631083403137789,-4.184548510524938,-3.163179328443362,-1.2734194327395505,0.9996745981120472,0.02120586231146445,0.014010067026979257,-0.0021742389573862894,0.9995979814137115,0.004941254016546411,0.027918803025511554,-0.00375287180715237,0.9990911681771668,-0.04245884623471657,-0.028103229473361777,0.042337001300613956,0.9987080588510535,0.0003945738577207842,0.06449947752808124,0.0001897671486028758,0.03303470762730572,1.928530765961002e-05,-0.39230393047696743,1.4251622230828327,1.0588259253158303,0.27213961011148524,0.018791130501853395,-0.07533513563361495
241,0.6025,20,-0.9549624272497269,1.5911581727131099,0.1461189938427882,0.005457206733765609,0.013237872318746855,0.023711560458928426,0.24275747810149778,0.017268294808591343,-0.011001791124784256,0.0005105148152559653,0.002875504348998064,0.0046919112095978694,-3.9756617164727386,-3.013853326232323,-1.50883886763707,0.9996689064340419,0.02145656069549225,0.014033702737841696,-0.0021791511084466317,0.9995966129758249,0.004959089200224742,0.02796459836227119,-0.0037546292219167573,0.9990697346071344,-0.04296007625035033,-0.028151626714363328,0.04283775001484321,0.9986853423811731,0.0003870572935131891,0.06510461937239592,0.00017899471743584267,0.03310567074247121,1.782312206963384e-05,-0.9549624272497269,1.5911581727131099,0.1461189938427882,0.25243187010924395,0.020518584963687886,-0.07930726537952804
242,0.605,20,-0.764443673906671,1.1623276784132164,0.16391947822596764,0.00015531818247521475,0.001337776586332656,0.01614159328733033,0.23519298317457202,0.010995699250233885,-0.014236077040615401,0.0006701690920082083,0.002528967607582142,0.004051735608130108,-3.782247463462869,-3.136297779178729,-1.6171429579155734,0.9996634018615906,0.02169936412925976,0.014051240030079864,-0.002187059330492086,0.999595558850204,0.00498245228854637,0.027998105224117505,-0.003762840393025035,0.9990487087357414,-0.043445582118603915,-0.028187936411256075,0.04332265853615283,0.9986634005000058,0.0003801696383876374,0.06572812143128251,0.00016859098458048608,0.03317269273743252,1.6494166541847104e-05,-0.764443673906671,1.1623276784132164,0.16391947822596764,0.23694436014889142,0.018111224713592056,-0.0662366956138978
243,0.6075,20,-0.620989462243091,1.0040372681214376,0.21751661149128737,0.0018909488223541214,0.009457440211089536,0.007848000251413332,0.22798256098358224,0.004576958411255754,-0.017295486967526093,0.0006555619398378651,0.002238361033861037,0.0031503156725519615,-3.60521109549489,-3.2093704194890647,-1.5297049634553472,0.9996580848827034,0.021934662886645435,0.014062430213437527,-0.0021981695083095713,0.9995948322146099,0.0050117451740460586,0.0280188118976583,-0.00377792650965114,0.9990280772297239,-0.043916149398239186,-0.028211676326188193,0.04379250297700755,0.9986422372410828,0.0003740715039835322,0.06635784786595995,0.000158582251211497,0.033235990512586036,1.528096746302771e-05,-0.620989462243091,1.0040372681214376,0.21751661149128737,0.22384582832217945,0.013574797274309384,-0.0491568067926608
244,0.61,20,-0.5530018077142329,0.9546006293032219,0.2666125960914685,0.0004400969220504642,0.008754007536836186,0.00789623242218695,0.22108947662562584,-0.001894512446061075,-0.020087299802261822,0.0007324000707664907,0.0019505540596756468,0.00227315645161057,-3.4465421789782047,-3.2357354286584146,-1.3959064173678657,0.9996529555239095,0.022162808948889282,0.014067130059387482,-0.002212298284563393,0.9995944431763848,0.005046595269259307,0.028026434790774383,-0.0037995268053977772,0.9990078312715903,-0.04437247631233607,-0.028222557767649318,0.04424799356153962,0.9986218515027746,0.0003688325011406361,0.06698414588898512,0.00014899249336261966,0.03329573178955567,1.4168991911190738e-05,-0.5530018077142329,0.9546006293032219,0.2666125960914685,0.21229698691010662,0.00705927220436854,-0.03308779066115559
245,0.6125,20,-0.5061871364143549,0.9419211670553269,0.29910609869308613,0.00010109744408379568,0.010301726119730497,0.006337960643188368,0.21448153197891467,-0.008344104217022917,-0.02251310326273545,0.0008325120443777794,0.0016805894417321202,0.001355131310586689,-3.3039723233555782,-3.2247958854809213,-1.2129017302368135,0.999648012914337,0.02238411607603584,0.014065291216322216,-0.0022291717995995925,0.9995943967521759,0.005086452542287626,0.028020884750284636,-0.0038270960973700112,0.9989879642811649,-0.04481518221357135,-0.02822047691154729,0.044689766411441026,0.9986022378609892,0.0003642731293392464,0.0675992360031715,0.0001398553580959018,0.03335206713938301,1.3149452976385053e-05,-0.5061871364143549,0.9419211670553269,0.29910609869308613,0.20208571750901677,-0.0009741535431000592,-0.019686648648107104
246,0.615,20,-0.4723728207236192,0.945016458551622,0.31758513488070755,8.117310447735316e-05,0.011493362560079151,0.004196745315377236,0.20813923316772273,-0.014711888488943706,-0.024515357231555887,0.0009166934841441706,0.0014333824415779786,0.00044697189070210425,-3.1711494055959646,-3.1838921359603956,-1.0011269844102186,0.9996432555321062,0.02259886428050044,0.014056941752306908,-0.0022484196618944366,0.9995946939951925,0.0051305769389556714,0.028002230570633013,-0.0038598932635185365,0.9989684718845111,-0.04524481632981936,-0.028205477493772054,0.04511839271293139,0.9985833874436075,0.0003602908380728466,0.06819685905440954,0.00013118207984798552,0.033405148364141775,1.22133316465876e-05,-0.4723728207236192,0.945016458551622,0.31758513488070755,0.1929658388404191,-0.010136862992223848,-0.009426674900000247
247,0.6175,20,-0.44628625787405457,0.9516595417205608,0.32255343988981666,0.0004097882967338404,0.011572614868573776,0.0026137254055899105,0.20205031748654767,-0.02095073633200015,-0.026068854503632104,0.0009900653952126474,0.0012054819647032422,0.0003954913062979324,-3.044457840587555,-3.1194239215282225,-0.7767486360381066,0.9996386811009759,0.022807313116888668,0.014042170806038765,-0.0022696154175697253,0.9995953325698207,0.00517811909808,0.027970666549719574,-0.0038970623524233637,0.9989493506284891,-0.04566188546196222,-0.0281777218676533,0.045534404152532085,0.9985652878148845,0.00035682744027772345,0.06877204526907445,0.00012297357593671695,0.033455128492668504,1.1352259955309156e-05,-0.44628625787405457,0.9516595417205608,0.32255343988981666,0.18474505251994505,-0.020114417407888836,-0.002144587667679363
248,0.62,20,-0.42918868261619486,0.9507033218245768,0.3124142017091551,0.0030044967719806016,0.005838052966272809,0.003481557671810747,0.1961989868821446,-0.027025365405832908,-0.027160407534848607,0.0010492634840027976,0.001009460419632684,0.0008559189207741143,-2.9256653022015207,-3.0373145369163796,-0.5457765156082492,0.9996342865883694,0.023009709372839464,0.01402111525303423,-0.0022923085744230454,0.9995963072969215,0.0052281840669783745,0.027926484378099668,-0.003937696918756757,0.9989305971919542,-0.0460668702724832,-0.028137465794461036,0.04593830738161318,0.9985479232032772,0.0003538412469097332,0.06932091738830215,0.0001152270412607469,0.03350216199075122,1.0559073538164953e-05,-0.42918868261619486,0.9507033218245768,0.3124142017091551,0.17728142782371473,-0.030636841817468136,0.0028953839730856564
249,0.6225,20,-0.4200647427242524,0.9430410974735958,0.2891007737635863,0.002843783090754442,0.00781903850353845,0.0017874319176871371,0.19057079125645882,-0.03292279445592315,-0.027791504966799586,0.0010939147724743274,0.0008295002224032425,0.0013551220705744769,-2.8140978128428977,-2.948714525045121,-0.3155487159754904,0.99963006847488,0.023206283727355247,0.013993947676702225,-0.0023160364621456157,0.9995976108070554,0.005279854414992513,0.027870048550064565,-0.00398086433398725,0.998912208741343,-0.04646021896898444,-0.02808503494711837,0.04633057699671004,0.9985312756479744,0.0003512293608226188,0.06984052523026668,0.00010793954866993797,0.033546404227250755,9.827641057600632e-06,-0.4200647427242524,0.9430410974735958,0.2891007737635863,0.17045881580114572,-0.04147966400075066,0.006360555617602898
250,0.625,20,-0.41215486963332315,0.938584128454518,0.2578685814827401,0.002077913142120339,0.009136932803672101,0.00036289577376143905,0.18515512977832965,-0.03863639128119141,-0.02797349955611784,0.0011295079987494526,0.0006613759498245072,0.0018658392356685704,-2.707830739064589,-2.85679841263413,-0.09099729465912651,0.9996260230505504,0.023397252348782423,0.013960853792500201,-0.002340338448293957,0.9995992347546637,0.005332217669695936,0.027801750531461757,-0.004025635192945602,0.9988941827969496,-0.04684235087725024,-0.02802078048848692,0.046711658385643846,0.9985153262878237,0.0003490056119508919,0.07032870939529788,0.00010110377266240657,0.033588009804996384,9.152143199913271e-06,-0.41215486963332315,0.938584128454518,0.2578685814827401,0.1641881311081062,-0.052479448472621794,0.008352643613222781
251,0.6275,20,-0.24513230475898826,0.9428719971600584,0.1590577164960843,0.0003604449524964627,0.009308420456545684,0.01115768455875757,0.17929119997980186,-0.043830303454752514,-0.027380322790661413,0.0007821177688962696,0.0010337671480775544,0.001704042202818123,-2.9319648992639005,-2.5969560867805543,0.2965883827282141,0.999622146431801,0.023582820895839674,0.013922025901168086,-0.0023647656291868294,0.9996011701566524,0.00538438547478075,0.02772199513942204,-0.004071102901442797,0.9988765168842275,-0.04721366474231143,-0.027945066516597044,0.047081975428952504,0.9985000555068039,0.00034718923970648223,0.07078398933404013,9.470997739194947e-05,0.03362713079355356,8.527576456875774e-06,-0.24513230475898826,0.9428719971600584,0.1590577164960843,0.16187023238596224,-0.05539149748013007,0.005434478801555759
252,0.63,20,-0.23008775142907179,0.9658776723159506,0.17957001603380354,0.003634202208402959,0.01382126490835853,0.009328654567743467,0.17388095625226488,-0.04908120496918767,-0.026276541560987805,0.00041401142586485466,0.0012974628046145433,0.0005149741995723499,-2.705121863768484,-2.6254507572175783,0.5518906148368028,0.9996184462651625,0.023762529429026298,0.01387799914865594,-0.002388560484307093,0.9996033918368854,0.0054348509666387185,0.027631891414894687,-0.0041157455138949636,0.998859273947895,-0.047573222375082394,-0.02785892437010011,0.04744062861361148,0.9984854866695291,0.00034508837153643927,0.07122224933935543,8.760067471715754e-05,0.03366363661150891,7.94672163082455e-06,-0.23008775142907179,0.9658776723159506,0.17957001603380354,0.16025217886524007,-0.058742037375191,0.000263172094769714
253,0.6325,20,-0.2059441384309355,0.9816048705223238,0.1844383046926943,0.0030646170675260862,0.012710846359269709,0.006727813551527489,0.1688130050762879,-0.05425711792649905,-0.02527756206986192,0.00021335727299166452,0.0015070998683796425,0.00039522484461472696,-2.533975587988491,-2.587956478655691,0.4994897455629427,0.9996149162406054,0.02393682483483307,0.013828728733164873,-0.002411204623941669,0.999605904707772,0.005482583931149204,0.02753137386318485,-0.004158520501652442,0.998842429018176,-0.04792190209400469,-0.027762240194081775,0.04778852651534612,0.9984715893569022,0.0003426036577845478,0.07164064684875712,8.002009059265367e-05,0.03369768896759917,7.408493226193344e-06,-0.2059441384309355,0.9816048705223238,0.1844383046926943,0.15930862213249225,-0.06247607542993503,-0.006448666206700243
254,0.635,20,-0.1840160361650479,0.9896956415708857,0.17898753224253489,0.0031848495900449057,0.010515916920941339,0.004230764249809522,0.16402184310535603,-0.05930104885010729,-0.024570552475285022,5.552512111838128e-05,0.0016703375848118444,0.0010890890990761383,-2.395580985465945,-2.521965461804121,0.35350479728844836,0.9996115489183083,0.024106051219629915,0.013774289538341656,-0.00243279909800637,0.9996087008725253,0.005527795607380975,0.02742058744201468,-0.004199620690879869,0.9988259595662906,-0.04826039455424578,-0.027655168160669128,0.04812635423758755,0.9984583344846211,0.0003397123986237098,0.07203698095601438,7.214909754067663e-05,0.033729451203298726,6.909744423472385e-06,-0.1840160361650479,0.9896956415708857,0.17898753224253489,0.15874282477099821,-0.06650688422334199,-0.014073816889088552
255,0.6375,20,-0.16483887661157426,0.9904536035515343,0.16465662069664644,0.004107658320406363,0.009455717918464841,0.0019232397905659046,0.15947550716597833,-0.06415148973909406,-0.024173200958346994,9.757169488483628e-05,0.0017969349720963887,0.0016740439983159506,-2.2731679696888363,-2.4252204444933794,0.19867575846901483,0.999608336805844,0.024270489756278706,0.013714809327174494,-0.0024536341136997333,0.9996117673695106,0.005571076509619952,0.027299773679047932,-0.004239615952481936,0.998809846013253,-0.04858927004553015,-0.027537977285536756,0.04845466554941798,0.9984456946642193,0.00033652359657468893,0.07240961833905094,6.41535266307194e-05,0.03375908316093722,6.448133795057702e-06,-0.16483887661157426,0.9904536035515343,0.16465662069664644,0.1584849324303286,-0.070749341227452,-0.02209401490152841
256,0.64,20,-0.15103532182891716,0.9845489583423811,0.12172880078934431,0.007295575826058824,0.00375925101294928,0.02086399421637418,0.15514805379422691,-0.06876059547626352,-0.024048533850624287,0.0003544054530243098,0.0018799003993484383,0.0022560066884584158,-2.163726685875712,-2.304552868584741,0.06233355386135289,0.9996052719816944,0.024430389725647424,0.013650476646756705,-0.002474019315253999,0.9996150874314882,0.005613058429867109,0.027169294330201137,-0.0042791125721826475,0.9987940705725614,-0.04890903581842217,-0.027411059354442876,0.048773949646876175,0.9984336410903386,0.0003331318178874698,0.07275743910912982,5.6174329319420164e-05,0.033786737538515646,6.020958811456833e-06,-0.15103532182891716,0.9845489583423811,0.12172880078934431,0.1586201440975707,-0.07511222857566205,-0.030384005679576005
257,0.6425,20,-0.13753702594872586,0.9728888543604093,0.06192801977400375,0.0020302350227180163,0.004651765163988202,0.008898130124504928,0.15101995798509643,-0.07309259675745185,-0.02413916562603877,0.0005103123844339947,0.0019459336169520946,0.0027086438067009866,-2.064047904565251,-2.166000640594155,-0.04531588770724132,0.999602346339054,0.02458597375104186,0.013581528294011028,-0.0024942288126928404,0.9996186418236578,0.005654304143219647,0.02702960901089143,-0.004318643750677297,0.998778617434686,-0.04922014497552632,-0.02727490118736326,0.04908464321876102,0.9984221439678241,0.00032977098645404595,0.07307974876110383,4.8313990941467544e-05,0.03381257468201977,5.609940466602095e-06,-0.13753702594872586,0.9728888543604093,0.06192801977400375,0.15917156106539676,-0.07952764439247326,-0.03876438625029579
258,0.645,20,-0.11931282445697418,0.9661600147543068,0.02356058568811381,0.0017765781788999996,0.006903004894530337,0.0011494825053429902,0.14707714079187895,-0.07712198076654554,-0.024385550364212884,0.0005989713247046898,0.001999963283364528,0.0031345811742402086,-1.9714085966087411,-2.0146920045468484,-0.12319236908705496,0.9995995517051418,0.024737443937724556,0.013508237721148194,-0.0025144804585531797,0.999622409803385,0.005695265624930914,0.026881253102020518,-0.004358628531633477,0.998763472510903,-0.04952300814051972,-0.027130060379524368,0.04938714334140245,0.9984111727621938,0.0003264443114589157,0.07337622089352659,4.0679196497841816e-05,0.03383674956697434,5.224158313065545e-06,-0.11931282445697418,0.9661600147543068,0.02356058568811381,0.15992066682011424,-0.08396159776127446,-0.046984594443809424
259,0.6475,20,-0.1035765950202819,0.9621313631352593,-0.010482068610239103,0.003121497430879975,0.006129938295785129,0.0027735209730046957,0.14330942525699436,-0.08083283313135343,-0.024742446192137956,0.0006896049495891652,0.002041903786547085,0.0035069630808610697,-1.883857767442268,-1.8554261824039417,-0.1784479139625367,0.9995968799033905,0.024884987312032425,0.013430904902256407,-0.0025349334100615312,0.9996263698122262,0.0057362788510842665,0.026724817697656857,-0.004399367258757208,0.9987486230381731,-0.049818004246214326,-0.02697714484064177,0.049681818447957965,0.9984006963999731,0.0003231567704395698,0.07364686621332392,3.335909110171192e-05,0.0338593825493571,4.86800659884292e-06,-0.1035765950202819,0.9621313631352593,-0.010482068610239103,0.16077991561901844,-0.08838133551616142,-0.054957629323699284
260,0.65,20,-0.09061417561995014,0.9588978131427762,-0.04847086925367572,0.003762144668571307,0.0051840054081010445,0.004397597249146504,0.13970947738177725,-0.08421704648277549,-0.025176890737601047,0.0007853896315546694,0.002071622783174537,0.0038050544997355975,-1.7999739376085833,-1.692106675711035,-0.21722227273154893,0.99959432279188,0.02502877996816048,0.013349846513788819,-0.002555702174869153,0.9996304999689033,0.005777591511496801,0.026560929355854652,-0.004441070027487463,0.9987340571193976,-0.050105489188699615,-0.02681679378545045,0.04996901626162177,0.9983906835427274,0.00031999384685656824,0.07389197361299754,2.6421745258188674e-05,0.03388057786626204,4.53765194730865e-06,-0.09061417561995014,0.9588978131427762,-0.04847086925367572,0.16172300795354694,-0.09274919634715631,-0.06266100578736988
261,0.6525,20,-0.2540322212520173,1.2290087846696922,-0.05270355938036912,0.008712259338186186,0.009823453391524574,0.003855709669733904,0.1362683025497532,-0.08694944702437074,-0.025662634607829162,0.0004522132472032348,0.0018830465948198227,0.0036055308456375266,-1.7205874160120034,-1.3662002707976213,-0.2428719351140568,0.999591872299217,0.025168990129341887,0.013265387933209416,-0.002576868680502187,0.9996347784615698,0.005819386813930466,0.02639023355709614,-0.00448388114211911,0.998719763367345,-0.050385802259938335,-0.02664966228663282,0.05024906960913914,0.9983811028377011,0.0003170455110419012,0.07411206092189225,1.9921294727534998e-05,0.03390043073718617,4.229799504045579e-06,-0.2540322212520173,1.2290087846696922,-0.05270355938036912,0.14899708434240147,-0.09028102514292988,-0.06287842355902995
262,0.655,20,-0.1910422740686466,1.0366390021953529,-0.11489636585887064,0.01041209755512122,0.0002586635404388494,0.007209354820361066,0.13282156482245636,-0.08944047428403178,-0.02601495513079766,9.879093912040627e-05,0.001760855495994275,0.0030302953767060185,-1.7233688636484235,-1.2455136298305154,-0.17616026148424757,0.9995895163025416,0.025305775650740724,0.013178179995452897,-0.002598497406734657,0.9996391667664692,0.00586182966472263,0.026214027149997463,-0.0045278933989225875,0.9987057310598831,-0.05065926301785645,-0.0264770551196129,0.050522289151681776,0.9983719065814436,0.00031425351949841885,0.07433445972833216,1.42484436486992e-05,0.033918753437416786,3.943176075678266e-06,-0.1910422740686466,1.0366390021953529,-0.11489636585887064,0.1388167518309676,-0.0897503468394504,-0.05612785955638233
263,0.6575,20,-0.14673056941235085,0.9104026129592157,-0.15126165240402506,0.008811990277323602,0.003330516884111001,0.009777168051934598,0.12935731232582937,-0.09169130804124066,-0.026168360067932564,8.497199728747509e-05,0.0016722287350370848,0.0024003570894240945,-1.7321262483134967,-1.1254168786044407,-0.07670246856745239,0.9995872527973275,0.0254391284756869,0.013088467152994365,-0.002620460851499794,0.9996436504250215,0.005904676922136913,0.02603280536904577,-0.004572840132317586,0.9986919678546465,-0.0509258527247014,-0.026299454330113017,0.05078866146157914,0.998363085539965,0.0003114367681598621,0.07455469790233188,9.311465541195262e-06,0.03393575472334754,3.67186144637945e-06,-0.14673056941235085,0.9104026129592157,-0.15126165240402506,0.13051738545337474,-0.09058294738994695,-0.04525812630025422
264,0.66,20,-0.11440118038917806,0.8663705357073794,-0.17859594601181766,0.007992939975973138,0.0024489678517042018,0.009738527753279127,0.12586188814540786,-0.09370335342635096,-0.026063352228302084,0.00022231218162916636,0.0015942153848490736,0.0018679621033024392,-1.7477120902107528,-1.0060226925551523,0.05250391981524141,0.9995850803265007,0.025569027624438023,0.012996494102033546,-0.002642566188365894,0.9996482159699919,0.005947554904763117,0.02584706750614872,-0.004618324037900151,0.9986784833405616,-0.051185525255451454,-0.026117338897627657,0.05104814887192614,0.998354631934793,0.0003086664680333317,0.07476924307825451,5.0630750489131735e-06,0.033951581404830754,3.4141909085376337e-06,-0.11440118038917806,0.8663705357073794,-0.17859594601181766,0.12323142693260976,-0.09234775212146369,-0.034309605306545976
265,0.6625,20,-0.089057825273854,0.8530784810159717,-0.20746326310692859,0.007420867388387362,0.002151972323343443,0.008343207275296255,0.1223354324516756,-0.09547902152480271,-0.025682356910190485,0.00041809283203983336,0.0015222529098511193,0.0013623501305568733,-1.7632278468661307,-0.8878340492258863,0.19049765905579716,0.9995829980290777,0.025695437642156215,0.012902505522247957,-0.0026645612823266887,0.9996528509288422,0.005989971362189627,0.025657316167483228,-0.004663829257891633,0.9986652891951016,-0.05143820422135063,-0.025931184440578146,0.051300686154712276,0.9983465396712529,0.0003059116997542953,0.074975191189421,1.6253855718376832e-06,0.0339663558458113,3.169879184496433e-06,-0.089057825273854,0.8530784810159717,-0.20746326310692859,0.11682393218317551,-0.09479998646435339,-0.024743408805456966
266,0.665,20,-0.06861710224566892,0.8526613844106263,-0.23885840994633184,0.006442230475398817,0.00398526194189267,0.008951135292232883,0.11878257637981568,-0.0970228654834038,-0.025031194999946837,0.0005887450209062869,0.0014707191279893631,0.0008302289504677737,-1.7764280359299542,-0.7719219793005435,0.32558095512182567,0.9995810052027482,0.02581832295562093,0.012806744083517115,-0.0026861763907617088,0.999657543524754,0.006031399103175423,0.025464051109607873,-0.004708804484142492,0.9986523973123139,-0.05168381277245686,-0.025741461387897673,0.05154620807805818,0.9983388030114771,0.0003030567065725743,0.07517019437819852,2.1314520532833858e-06,0.033980182098184715,2.9388624878240266e-06,-0.06861710224566892,0.8526613844106263,-0.23885840994633184,0.11120919670223683,-0.09776537402365917,-0.01706863938593029
267,0.6675,20,-0.051865147414565015,0.8569265391553728,-0.27218987078300916,0.005721119347243344,0.004487897266130695,0.009260184776417121,0.11520169604008496,-0.09834106453716013,-0.024125298218096475,0.0007411025637285309,0.001433209773908521,0.0003337786768093202,-1.7904401698653563,-0.6590995268781581,0.4529483909251811,0.9995791011537777,0.025937652687285574,0.012709447760634256,-0.0027071474469136532,0.9996622825806407,0.006071322507078449,0.025267762636968727,-0.0047527095396283255,0.9986398190515489,-0.05192228381650533,-0.025548630837974,0.05178465842027779,0.9983314162213869,0.0003000650227492843,0.075352399744934,4.642623138190317e-06,0.03399315020479803,2.720299453020581e-06,-0.051865147414565015,0.8569265391553728,-0.27218987078300916,0.1062758268486785,-0.10110888989717837,-0.011329942183704377
268,0.67,20,-0.03810050553895511,0.8607214594727488,-0.30810706420475364,0.004725850826572041,0.004055791358707452,0.00934756905100959,0.11158846153400101,-0.09944101761928091,-0.0229853836659471,0.0008786594493932236,0.001405077622756959,8.47770390105272e-05,-1.8066172530419817,-0.5499765410603911,0.5699572760746883,0.9995772853498822,0.026053394526192437,0.012610847953322601,-0.0027272257187438134,0.9996670575075544,0.006109256555032126,0.025068927351059825,-0.004795034966881165,0.9986275657470832,-0.052153548007028774,-0.025353141301509473,0.0520159774915349,0.9983243742951214,0.0002969185898321066,0.07552039195714752,6.832381118217213e-06,0.03400533865550484,2.5130911135330967e-06,-0.03810050553895511,0.8607214594727488,-0.30810706420475364,0.10194589146237783,-0.10473148159885648,-0.007318667169335673
269,0.6725,20,-0.029811088928627827,0.8593589559618741,-0.3470932953704122,0.0007272499779166534,0.00010463061747620434,0.008751465981042535,0.10794727629137513,-0.10033001193248638,-0.021640759941280084,0.0010046536972204805,0.0013741061154252656,0.0002550105405517359,-1.8205926213129382,-0.44449715660273215,0.6723118623335075,0.9995755574876538,0.02616551210033061,0.012511168137117445,-0.002746183099920023,0.999671858300453,0.006144757248693495,0.024868005156700523,-0.004835312763569426,0.9986156489098184,-0.052377528606272664,-0.025155426305223248,0.05224009677227902,0.9983176732967445,0.0002936187103538261,0.07567313526321835,8.664039485856886e-06,0.03401681414643946,2.3159001532322994e-06,-0.029811088928627827,0.8593589559618741,-0.3470932953704122,0.09815940159113946,-0.10856474147843372,-0.004599428413340881
270,0.675,20,-0.022701810727380145,0.8532315720366188,-0.3879985037434487,0.00124912312541449,0.001970468140108693,0.009224315544285887,0.10428540166799943,-0.10101516103823778,-0.020126201403780263,0.0011113127097306503,0.0013591702621510763,0.00046780044953786775,-1.8309373116878451,-0.34257455287569905,0.7572792687499109,0.9995739172330053,0.026273973822922222,0.012410623788007351,-0.0027638205821254444,0.9996766754259647,0.0061774387406731525,0.024665438570915216,-0.004873133122544189,0.9986040791906844,-0.05259415934583623,-0.024955904769419286,0.052456956395986985,0.9983113094334899,0.0002902056062676219,0.0758099235789345,1.017182161792492e-05,0.03402763349086946,2.12779783365146e-06,-0.022701810727380145,0.8532315720366188,-0.3879985037434487,0.09485991042158527,-0.11254814438061415,-0.002762779837122153
271,0.6775,20,0.08518781559283128,0.896288209010204,-0.179293572281225,0.0017734016046493711,0.002715511821080135,0.0029963918589734875,0.10007374883094351,-0.10136793044216472,-0.01825772877446858,0.0008953620737448845,0.0014315807736286136,0.00014082162169973454,-2.105826418527957,-0.17638470196347256,0.9342363146558399,0.9995723641176661,0.026378755813411994,0.012309422417885407,-0.002779973685938189,0.9996814997320871,0.006206984235207352,0.02446165244027928,-0.004908155242545198,0.9985928659760838,-0.05280339036261135,-0.024754981428395578,0.052666510880968076,0.9983052787229489,0.0002866737404002446,0.07593033490460759,1.139414877117729e-05,0.03403784532729206,1.9478726194412096e-06,0.08518781559283128,0.896288209010204,-0.179293572281225,0.0919234596356021,-0.1098598598461219,-0.001847977661567597
272,0.68,20,0.09744567689934269,0.9016277029704858,-0.2052501483931281,0.0007436552231370831,0.0008912971913084682,0.002464799727422147,0.09606098108736864,-0.1017774364002137,-0.016096404087917446,0.0007275835830252546,0.0014758996230284005,0.00021494047296889392,-2.006383871787436,-0.20475297902448428,1.0806623432755678,0.9995709106732031,0.02647930306496846,0.012207903701941246,-0.0027943035520889776,0.9996863179097258,0.006232722656341196,0.02425734842029779,-0.0049396955286945855,0.9985820767537047,-0.05300410733464032,-0.02455331326274292,0.05286765697992874,0.9982996271927954,0.0002833062206717121,0.07604400784798189,1.28228213191773e-05,0.03404730622488122,1.774998984480046e-06,0.09744567689934269,0.9016277029704858,-0.2052501483931281,0.08948874011272838,-0.10770306993301174,-0.0019642521807826364
273,0.6825,20,0.10200893005906415,0.9080858457459853,-0.23224924836537042,0.001803688330683777,0.0009339528485971187,0.002986710398039931,0.09219448300660078,-0.10219331599518898,-0.013887329516274497,0.0005860642116853404,0.0015103454249856217,0.00041260953846626873,-1.9332490403839362,-0.207939797487644,1.1045372858214737,0.999569554386171,0.026575811080601437,0.01210601901659696,-0.002806512642008909,0.9996911355807201,0.0062540637305505,0.024052445368081973,-0.0049671546332575025,0.9985716995043968,-0.053196694669404646,-0.02435078676715937,0.05306079188774673,0.9982943411379559,0.00028009526043624566,0.0761496432580934,1.4386851228188413e-05,0.03405607565757382,1.611490977175411e-06,0.10200893005906415,0.9080858457459853,-0.23224924836537042,0.08750287643607318,-0.10600954627657755,-0.002958331585063285
274,0.685,20,0.10783023790598659,0.9033274354352265,-0.25923928647818917,0.0005932192468218247,0.00525200886866931,0.002857044942795935,0.08843690895769477,-0.1025786361769544,-0.011857117112800571,0.0004701171350974941,0.00153613195556576,0.0004021272873260685,-1.8787870244530103,-0.19266009088270541,1.0151062017369628,0.9995682926820377,0.026668426177604777,0.012003764136979065,-0.0028165504557207625,0.9996959533801483,0.006270912056036047,0.023846938112508303,-0.004990426065074424,0.99856172417748,-0.05338144486043148,-0.024147389984123854,0.053246208031029994,0.9982894093835069,0.00027701685882278756,0.07624616953885838,1.6029838233211858e-05,0.03406420944345162,1.4581377504905432e-06,0.10783023790598659,0.9033274354352265,-0.25923928647818917,0.08590471434364061,-0.10472902851725144,-0.004243501574460099
275,0.6875,20,0.11203450585144932,0.9046085111637732,-0.28877351713873417,0.0019256054606136348,0.00041543257870581024,0.005354213376890231,0.08478281942736152,-0.10290961707436828,-0.01007089282142962,0.000320583094352314,0.0015542723507605914,0.0005785177434486088,-1.8270447651666228,-0.16549044870694543,0.8931121456854754,0.9995671227798014,0.026757260204786536,0.011901165905181098,-0.0028245945089885897,0.9997007678319143,0.00628362879846923,0.023640871502633845,-0.005009858427008172,0.9985521413843863,-0.053558587128470586,-0.023943185143633923,0.05342412325700524,0.9982848225528614,0.00027403944399502576,0.07633273796064259,1.77048351528458e-05,0.03407175919850604,1.3154281705597895e-06,0.11203450585144932,0.9046085111637732,-0.28877351713873417,0.08468725520262073,-0.10379591429082924,-0.006072915208745063
276,0.69,20,0.11714744411676459,0.9084826937616592,-0.32179978858601677,0.0031436535151344288,0.0036940417885661884,0.005590242881356724,0.08122237121455271,-0.10316894749072376,-0.008530191095230311,0.0001895411978394556,0.0015529525326485722,0.0009067351121126158,-1.7802241064043898,-0.1296652081777424,0.7703508630996553,0.9995660414897031,0.02684242022806785,0.011798273141543627,-0.0028308881614298367,0.9997055736461901,0.006292707758102651,0.023434330581718572,-0.00502593093557929,0.9985429410970346,-0.05372834264626925,-0.023738282140309618,0.0535947442792224,0.9982805704543547,0.0002712378114012786,0.07640869533501655,1.9385856136778606e-05,0.03407877512057703,1.1812465880282865e-06,0.11714744411676459,0.9084826937616592,-0.32179978858601677,0.08387495492127048,-0.10317006435807483,-0.008419614786411723
277,0.6925,20,0.1218119275621865,0.9167612052171608,-0.3553496257743046,0.0027900578066509534,0.003484905697497855,0.005990905382847959,0.07774500916765396,-0.10334460285969602,-0.0072073196457788325,6.851515460216145e-05,0.001543559729792857,0.0012059147862416317,-1.7386810234493792,-0.08782768448611461,0.661435724725739,0.9995650456114495,0.026924003291656062,0.011695151766694141,-0.00283567693607407,0.9997103647229364,0.006298647701218207,0.023227434267895045,-0.005039126482566645,0.9985341139661302,-0.053890912500791414,-0.02353282536853877,0.05375825781227662,0.9982766429438098,0.00026864917594685814,0.07647356887246338,2.1037029977473837e-05,0.03408530607892196,1.055847202496637e-06,0.1218119275621865,0.9167612052171608,-0.3553496257743046,0.08342165696322576,-0.10279440870454468,-0.011360173260718389
278,0.695,20,0.12712295906704854,0.9242269790976669,-0.38958121146222513,0.002496668092778516,0.0036383815473204533,0.006305959444739564,0.07434335270493729,-0.10342881341549257,-0.006060943978727858,5.958727548125574e-05,0.0015276956587172439,0.0014760290941564177,-1.7008282313583343,-0.042105277898275034,0.5731878335254874,0.9995641321195513,0.02700209535043589,0.011591880277548861,-0.0028391791780943317,0.9997151347464514,0.006301893455257946,0.02302032792475599,-0.0050498732290771,0.9985256518165613,-0.0540464748589736,-0.02332698307229149,0.053914829158497685,0.9982730303166338,0.0002662912264729142,0.07652707013086181,2.2630354375895838e-05,0.03409139653422601,9.392044825918175e-07,0.12712295906704854,0.9242269790976669,-0.38958121146222513,0.08329363643763348,-0.10262665911700967,-0.014826180655158883
279,0.6975,20,0.13287240125876268,0.9323995209627498,-0.424154370588527,0.002231482091252878,0.0035448767259382936,0.006556401803783713,0.07101697290591574,-0.10341677573616744,-0.005053530389005932,0.00016652506813093681,0.0015064068836474706,0.0017251728164307252,-1.6631898995107746,0.006018839662560137,0.5037067948609626,0.9995632981826226,0.027076774305175605,0.011488545884547965,-0.002841572269507567,0.9997198775609916,0.006302808227487646,0.022813176409335716,-0.005058517171445409,0.9985175475205275,-0.05419519072406063,-0.023120938853388923,0.05406460859045064,0.9982697232133705,0.00026418164662967737,0.07656907375538871,2.4142819451053332e-05,0.034097086889585834,8.312151510762089e-07,0.13287240125876268,0.9323995209627498,-0.424154370588527,0.08345577672497086,-0.10263047833858921,-0.01874749622580211
280,0.7,20,0.14115181562812554,0.9410964722375439,-0.45855096425811165,0.001798859204122336,0.0035377778059114836,0.006736655519030658,0.06776592801384837,-0.103304889326233,-0.004163862432241121,0.0002723773472773237,0.001479725678203139,0.0019747690267124638,-1.625522446033703,0.05594320496722242,0.4448339783824057,0.9995625410100843,0.0271481170230445,0.011385241488295656,-0.0028429962750207917,0.9997245872968669,0.006301680898003718,0.022606157832967794,-0.00506532942496423,0.9985097942285666,-0.05433721806866985,-0.02291488581524917,0.0542077452721041,0.9982667120367126,0.0002623403592536519,0.07659959875045753,2.555597855986234e-05,0.03410241364489578,7.316912981996952e-07,0.14115181562812554,0.9410964722375439,-0.45855096425811165,0.08388054852812893,-0.1027694667369408,-0.023151900036203016
281,0.7025,20,-0.0029192898313255824,1.2326683603847044,-0.08493510422551367,0.005957872912921315,0.0014969379430190754,0.004530212572628823,0.06439840349804651,-0.10280437828234276,-0.00334011930641919,7.707599513212304e-05,0.0014616873413311978,0.0017721496435981802,-1.6837622579009142,0.250255521945124,0.4118715629109657,0.9995618578125162,0.0272162000493597,0.011282064070824856,-0.0028435702147638527,0.9997292582774711,0.00629875847882191,0.022399459493548237,-0.005070538827936858,0.9985023851266139,-0.05447271365057586,-0.022709024196825894,0.05434438828516444,0.9982639869703501,0.000260795077543149,0.0766187885676178,2.6855298549119084e-05,0.03410740977447373,6.403370357781634e-07,-0.0029192898313255824,1.2326683603847044,-0.08493510422551367,0.07327829837537271,-0.10015735382962217,-0.023423080571824607
282,0.705,20,0.0402156426433013,1.0450492358684964,-0.15769969773054537,0.005060161153669694,0.0018479266289246432,0.0052521395187238315,0.06095025130026539,-0.10226671595569829,-0.0024925858145547,9.497886929208913e-05,0.001466755306116915,0.0014518804289130177,-1.724076098890561,0.268831163322235,0.42376674593224517,0.9995612479373122,0.027280906782503184,0.011179400092636363,-0.0028433713609757904,0.9997338725057446,0.00629421599547539,0.022193850717478574,-0.005074279308229309,0.9984953347288559,-0.05460144882887332,-0.02250412971366585,0.054474300084648146,0.9982615462773863,0.00025906272995777473,0.07664376296827566,2.7708667915406928e-05,0.034111720022839326,5.634443335567237e-07,0.0402156426433013,1.0450492358684964,-0.15769969773054537,0.06472896172732914,-0.09888065026195822,-0.017490605141456093
283,0.7075,20,0.06526583449302534,0.9645345739587151,-0.21176981129968936,0.004276299235870923,0.0034376505079616103,0.005582056185332807,0.05743309526805095,-0.10169182787350058,-0.0015831681521433303,0.00023476132630672228,0.001485763568677011,0.0010922854410354947,-1.7585780161072224,0.2874440410988489,0.454708831205685,0.9995607140532594,0.027342156430152822,0.011077287227622787,-0.0028423776603362,0.9997384291938255,0.0062880119279481615,0.021989408792786398,-0.005076504247150578,0.9984886547419701,-0.05472326247766479,-0.022300275731276336,0.0545973191426531,0.9982594003788516,0.00025709585416930657,0.07667161790561,2.818122367986558e-05,0.03411552702792463,4.976512831417555e-07,0.06526583449302534,0.9645345739587151,-0.21176981129968936,0.05762029213484225,-0.09848381833393147,-0.00973729355188043
284,0.71,20,0.08678832823618939,0.9367159881094281,-0.2563304216498068,0.0038187402072444076,0.003488906114923519,0.005722580277339184,0.053859804487502924,-0.10107869852265897,-0.0005947279730793646,0.0003603859195623896,0.0015119511558289063,0.0007657268976618816,-1.7866453902740147,0.30656467542080873,0.4942200895319829,0.999560258617863,0.02739987931997947,0.010975764245609877,-0.002840528870868436,0.9997429279899172,0.006280028777102033,0.021786215199207582,-0.005077090314005008,0.9984823560179686,-0.05483801486879283,-0.02209753579227443,0.05471330696791483,0.9982575584249507,0.00025486438865397466,0.07669999727816049,2.8329646417996963e-05,0.03411896294475808,4.4049766986217374e-07,0.08678832823618939,0.9367159881094281,-0.2563304216498068,0.05160833042634831,-0.0986746712070206,-0.002623665827301774
285,0.7125,20,0.10939874835082208,0.925429245871668,-0.29679356978473326,0.0033003062899391944,0.0034910898182895864,0.006036622891768181,0.05024382191712009,-0.10042557166519142,0.0004474362250869294,0.00046068153593233204,0.0015440584954435675,0.0004813480196207956,-1.8079912851914153,0.32656342873376504,0.5210820990831474,0.9995598837668854,0.027454018379040202,0.010874871390146855,-0.002837747526070127,0.9997473687224521,0.006270115012666427,0.021584355219958426,-0.005075879336607265,0.9984764481276432,-0.054945591118542164,-0.021895985510901647,0.05482215056100728,0.9982560280941821,0.0002523654434754743,0.07672696704161039,2.8204165149599027e-05,0.03412212691239116,3.900856131326456e-07,0.10939874835082208,0.925429245871668,-0.29679356978473326,0.04649554679561158,-0.09929835096715542,0.003201104812243999
286,0.715,20,0.1299945485054964,0.9213695471197324,-0.3340114750647379,0.0026721531294815934,0.0031311576637500483,0.006637793228158789,0.0465943583337587,-0.09973058531550259,0.0015204298194167517,0.0005253664618296996,0.0015808669199683899,0.00025932305953787826,-1.8247317916806995,0.3474931748444191,0.5364967971649112,0.9995595911632859,0.027504530189637187,0.010774649976953772,-0.002833981370141424,0.9997517509349356,0.006258169890553659,0.02138391479947899,-0.005072763148258064,0.9984709387372821,-0.05504590421759296,-0.02169570410408669,0.05492376358837504,0.998254815473843,0.00024962086153740965,0.07675094209377048,2.785035762481664e-05,0.03412509509105241,3.4481811360517886e-07,0.1299945485054964,0.9213695471197324,-0.3340114750647379,0.042054519714191115,-0.10024592520781858,0.0076113274447285485
287,0.7175,20,0.14485647707179794,0.9177676319667384,-0.3721456297892927,0.0024242039110514636,0.0015974565518089374,0.006522518081685626,0.042919178411028776,-0.09899171568280421,0.0026057954013992395,0.0005823473669883817,0.0016164531523609159,0.00012033975120492368,-1.8375899613649629,0.36943481634918796,0.5426827909912436,0.9995593821151298,0.027551380707747628,0.010675142545947881,-0.002829201007441836,0.9997560739065664,0.006244138654541898,0.02118498098632765,-0.005067678988970361,0.9984658340855125,-0.055138886401401015,-0.02149677456254674,0.0550180779052187,0.9982539255054409,0.0002466802288778083,0.07677063854649706,2.7303985574371795e-05,0.034127925967819314,3.0352185986090764e-07,0.14485647707179794,0.9177676319667384,-0.3721456297892927,0.0381845937173629,-0.101454136772076,0.010711661052550748
288,0.72,20,0.15673945109964516,0.9122035582046447,-0.41174963304195106,0.002250879157803245,0.0012540029771197809,0.006358308834819349,0.03922728401207859,-0.09820806563180122,0.003696892169039113,0.0006418970995578162,0.0016521165269212787,1.8114836878528742e-05,-1.8459471994750936,0.3918250255014953,0.5455483838199366,0.9995592576228838,0.027594543776513856,0.010576393149035714,-0.002823395493484373,0.9997603366916888,0.006228003694383446,0.020987642747669052,-0.005060600719388696,0.9984611391833068,-0.05522448606489733,-0.021299283989842516,0.055105040701880104,0.9982533621234462,0.00024357798586578783,0.07678502605983714,2.6594126765062385e-05,0.034130668650769566,2.666601037417794e-07,0.15673945109964516,0.9122035582046447,-0.41174963304195106,0.034841041131628454,-0.10287731156890594,0.012743946824366092
289,0.7225,20,0.1676528899138764,0.9057878280478813,-0.45392487519873354,0.0016685228289459308,0.0010681345197222623,0.00570100314589598,0.03552324739506966,-0.09737975633474445,0.004813759523190164,0.0007250368959754148,0.0016858792115842813,7.198362174200034e-05,-1.8520183085044633,0.41415464852838313,0.5584336770755254,0.9995592183882887,0.02763400224082329,0.010478446554862299,-0.0028165604812799266,0.9997645382897044,0.006209760817577834,0.020791990019301026,-0.0050515151552681875,0.998456857814419,-0.05530266971849834,-0.02110332137390544,0.05518461700461183,0.9982531281559022,0.00024032037378813266,0.07679329516779645,2.574950995299713e-05,0.034133362885324474,2.3350193497614691e-07,0.1676528899138764,0.9057878280478813,-0.45392487519873354,0.032091915682925284,-0.10447869033302896,0.013837018214824753
290,0.725,20,0.17167925345306326,0.9003665389806349,-0.4966478932799171,0.0010244926555461587,0.002209503219081103,0.005968653128895853,0.031813813675685775,-0.09650767920085995,0.0059739340857473955,0.0007823860909448973,0.0017245942849866487,0.00019334671415470394,-1.8547168596919377,0.43603856694224974,0.5800872812786159,0.9995592650190032,0.027669743277389365,0.010381347969124566,-0.0028086715681427867,0.9997686779567325,0.006189365843022998,0.020598114649367318,-0.005040368910307301,0.9984529933419714,-0.055373412100983385,-0.020908975534331374,0.05525678091346388,0.9982532258426147,0.0002368822347406122,0.07679482463033473,2.4799272596985076e-05,0.03413604013434511,2.0354093504378717e-07,0.17167925345306326,0.9003665389806349,-0.4966478932799171,0.029887458857723908,-0.10621512686981036,0.014083598678720156
291,0.7275,20,0.15361593820926517,1.0397909640520036,-0.055413788222882586,0.002152135275475478,0.007316340524951514,0.00460891731352122,0.02763186385411654,-0.0954839080788421,0.007408750673372827,0.0006453301742941818,0.0016959633330027866,0.00025095232089285854,-2.090974910784619,0.5118855610089204,0.7174082938127159,0.9995593979666506,0.027701760601273318,0.010285142206698404,-0.002799686754753663,0.9997727552077265,0.006166739508473577,0.020406108599780207,-0.005027073319833531,0.99844954842733,-0.055436700651263784,-0.020716333608735173,0.055321519945636374,0.9982536566187554,0.00023327770965262645,0.0767891827332513,2.377611949435069e-05,0.034138722613614544,1.754694235143536e-07,0.15361593820926517,1.0397909640520036,-0.055413788222882586,0.024141895589746862,-0.10203741245891895,0.014535825805138403
292,0.73,20,0.1791524647377904,0.9925171392685908,-0.11151362803805416,0.001718494664914731,0.0031365414842593462,0.0034858502906752412,0.02359551918526764,-0.09448904885453677,0.009141607236513532,0.0005600858106837555,0.0016498337701074714,0.00014255008065954263,-2.0181723344244515,0.49742961215266973,0.8664282815703531,0.9995596301432935,0.027729578623925364,0.010189987160849704,-0.002789340209359134,0.9997767674857163,0.00614135183632881,0.02021630513803908,-0.005011095635714523,0.998446580101072,-0.05549158138856165,-0.02052569405261628,0.05537788802487921,0.9982544692620026,0.00022988225405982664,0.07678582371916866,2.2826507514981146e-05,0.03414113836594217,1.4875598851959248e-07,0.1791524647377904,0.9925171392685908,-0.11151362803805416,0.01951226348219851,-0.09856895098658805,0.0159502256675867
293,0.7325,20,0.1988076403459214,0.9721818491902813,-0.15752758937887465,0.001623896962707508,0.0020490545093254913,0.003305175315996964,0.01967584140100663,-0.09348817879598766,0.010909312333257315,0.0004888604699956922,0.0015989426054530264,9.281905071220399e-06,-1.9598388921305037,0.500435029274553,0.8838525483718918,0.9995599592347229,0.02775334008360683,0.010095862607171161,-0.0027773309309517395,0.9997807199822342,0.006112605400995293,0.020028679612423887,-0.00499182976749853,0.9984440770942072,-0.05553833406818196,-0.020337000451829585,0.05542617586220782,0.9982556513448416,0.00022671226569587793,0.07678311683480789,2.193136969033394e-05,0.03414337880219113,1.248727808468468e-07,0.1988076403459214,0.9721818491902813,-0.15752758937887465,0.015628463436225076,-0.09563042020686006,0.017133518729856127
294,0.735,20,0.21527580219280215,0.9553184652906763,-0.2011701130148559,0.0015854006037421976,0.003069523813911384,0.003344429580734661,0.015860174762371254,-0.0924604048370528,0.012589165528897814,0.0003989101968093794,0.0015461092419190232,0.00011721758320786943,-1.9078333193176866,0.5138869794674333,0.8399265978202491,0.9995603825417331,0.027773161786959013,0.010002776043736072,-0.002763622405202977,0.9997846137252406,0.006080432371853984,0.01984324823315669,-0.004969197502328385,0.9984420277511137,-0.05557719223230978,-0.020150266361867758,0.05546661664835499,0.9982571919115485,0.00022376676144077697,0.07677967738527791,2.1082046449875687e-05,0.034145511335618786,1.0403027764474513e-07,0.21527580219280215,0.9553184652906763,-0.2011701130148559,0.012463770044564572,-0.09313382990890356,0.017798912175279992
295,0.7375,20,0.22823645993144198,0.9516932243725869,-0.2452213391629731,0.0010735198134513672,0.0019473845519215485,0.0033195207476150405,0.012144241993149911,-0.09139412622704975,0.0141507717275497,0.00031981375109323514,0.0014858505742479028,0.00037202661130172454,-1.8579663846106729,0.5331393050015374,0.7808030993259434,0.9995608971014095,0.027789149144188445,0.009910752445594067,-0.002748301590026911,0.9997884476486648,0.0060450123613485455,0.019660055285379053,-0.004943366849981571,0.9984404200564246,-0.05560836916990891,-0.019965547136492925,0.055499418223090555,0.9982590803516084,0.00022107371426395467,0.07677432078387034,2.0271153444468448e-05,0.03414758836669746,8.62778519811976e-08,0.22823645993144198,0.9516932243725869,-0.2452213391629731,0.009969080365601174,-0.0910133645104333,0.017641946587032088
296,0.74,20,0.23050368129949267,0.9562273505490468,-0.2878154688911877,0.0014143003043773602,0.0042872692689902734,0.0033636063391670897,0.008527582945141691,-0.09028181469559216,0.01558954108101738,0.00024354327694927038,0.0014269288441450978,0.0005773503470876756,-1.8083295240041113,0.5561557657287864,0.7193846767338397,0.9995614998267272,0.027801403466996503,0.009819827495910434,-0.0027314862913261663,0.9997922199411817,0.006006587040608479,0.019479164694804478,-0.004914567095848031,0.9984392418958111,-0.05563207054189453,-0.019782921304603393,0.05552477964514146,0.9982613059064317,0.00021867959914674038,0.0767660371162591,1.9494818728673884e-05,0.03414965184783728,7.139842318933888e-08,0.23050368129949267,0.9562273505490468,-0.2878154688911877,0.008048519952031331,-0.08920120094736363,0.01645995027218121
297,0.7425,20,0.23420228267991045,0.9578588712349131,-0.3300046524944009,0.0015688235514106582,0.003581913999755889,0.0034487779008306966,0.005013439033826627,-0.0891169967679261,0.016889698812899596,0.0001673993582243812,0.001369022159314146,0.0007502688750256581,-1.7570719556575325,0.5824089638330342,0.6500788659411085,0.9995621875244365,0.027810025494952435,0.009730044231507652,-0.002713299206951744,0.9997959284933329,0.005965408137708493,0.0193006547532691,-0.004883037025127522,0.9984384809787673,-0.055648500880283926,-0.01960248243375215,0.0555428987950961,0.998263857442446,0.0002165680538077427,0.07675401236669385,1.874935822970419e-05,0.03415172985034164,5.816139967868058e-08,0.23420228267991045,0.9578588712349131,-0.3300046524944009,0.00669617654394203,-0.08765380207140895,0.01437306243522051
298,0.745,20,0.23947289008650352,0.9586992333258582,-0.37219017030113133,0.0024574786229941163,0.001867649001449325,0.00387085067361699,0.0016052597976525934,-0.08789336615638532,0.0180402589476136,8.381143496327731e-05,0.0013186555857546739,0.0008027500267942032,-1.7040896180870155,0.61181530577038,0.575280067357001,0.9995629567814764,0.027815119186582565,0.009641451690506307,-0.0026938790262850715,0.9997995708501828,0.005921759625256443,0.01912461478647579,-0.004849047113644,0.9984381243208559,-0.05565787136372328,-0.019424337051237205,0.0555539797457553,0.9982667231078717,0.00021473591591846254,0.07673759524880787,1.803144142862494e-05,0.03415383955017316,4.6528208094569586e-08,0.23947289008650352,0.9586992333258582,-0.37219017030113133,0.0058918745852718155,-0.08633775763348189,0.01155285885971895
299,0.7475,20,0.24909351164127233,0.9460521081492329,-0.41082287518595717,0.002603453873061777,0.0033414413909653206,0.002694761872572719,-0.001693908647811421,-0.08660436512277626,0.019031975625571296,4.393838573687101e-05,0.001265807213588458,0.0007885932900154783,-1.6495842227320063,0.6445005168045316,0.49585833897884873,0.9995638039820887,0.02781679189605864,0.009554104888064853,-0.0026733756293788893,0.9998031442850642,0.005875948121998779,0.01895114538403109,-0.004812889932301113,0.9984381583027112,-0.05566040006674158,-0.019248604318200798,0.05555823322206846,0.9982698903367985,0.00021314548361450213,0.07671628216668526,1.7340413741969176e-05,0.03415599266702251,3.6121753019877496e-08,0.24909351164127233,0.9460521081492329,-0.41082287518595717,0.005508867480446024,-0.08523216387881759,0.008628033782013185
300,0.75,20,0.25855325223633807,0.9338756275401028,-0.45049228950458503,0.0024587907562071067,0.0028602100927015996,0.004165488692760776,-0.0048898230593751365,-0.08524656554515452,0.019881693274624253,7.153931745640522e-05,0.0012194800124404324,0.0007935910507975189,-1.5979572057818578,0.6788997888108719,0.4248588245264777,0.9995647253289509,0.027815153977230746,0.009468065124706602,-0.0026519483547599787,0.999806645825436,0.005828299436244768,0.018780359127893324,-0.004774876679004118,0.9984385687582933,-0.05565631112992671,-0.019075416535202575,0.0555558758510058,0.9982733459040345,0.00021171962370396605,0.07668972768912084,1.6664273258690413e-05,0.034158192540258245,2.8291641459584917e-08,0.25855325223633807,0.9338756275401028,-0.45049228950458503,0.00555766861790946,-0.0843168585270147,0.005616169587899757
301,0.7525,20,0.12725092998584844,1.1667809382195744,0.08418412916249265,0.001744410410785383,0.0017451827981806664,0.0012568867014190223,-0.008343024082916806,-0.08360934467312625,0.020794192062416623,4.293355439068103e-05,0.0012391435869856691,0.0007435025567867427,-1.7266005117708338,0.8186104360141256,0.45624939389618496,0.9995657171932074,0.027810309781394166,0.0093833975652542,-0.002629739915711888,0.9998100726362162,0.005779106115943715,0.01861237727064373,-0.004735285343576918,0.9984393422756772,-0.055645816274253745,-0.01890491279744551,0.055547112693764375,0.9982770770399906,0.00021052006248631596,0.07665768875184457,1.601322323894998e-05,0.03416044178039704,2.1112967708349938e-08,0.12725092998584844,1.1667809382195744,0.08418412916249265,-0.003940397724825078,-0.08127027317456616,0.006979248303931052
302,0.755,20,0.15727379333969785,1.0125674779946887,-0.004822686830347677,0.001290669103916591,0.0009361750933681552,0.0019008131422271857,-0.011810454162653904,-0.08200623491142388,0.021833895863776584,0.00010693582338139667,0.0012690244047613107,0.0006158527633208651,-1.7337150398685495,0.8015548808511876,0.5198519006799805,0.9995667845385197,0.0278020009838034,0.009300382666070257,-0.0026066973138498453,0.9998134160227573,0.0057282746006038394,0.018447764390435002,-0.004693997608476505,0.9984405077408212,-0.055628400019261094,-0.018737649995571523,0.055531426889207404,0.9982811032471225,0.00020917241677331674,0.07663225423427197,1.5244854086724498e-05,0.034162369866090614,2.035206198149324e-08,0.15727379333969785,1.0125674779946887,-0.004822686830347677,-0.011484939670454265,-0.07926531011921001,0.012966907254130222
303,0.7575,20,0.17609637103405446,0.9552203496526472,-0.0783648595858443,0.00042460389175715706,0.0015398977644567559,0.0023648623320478086,-0.01528554275510106,-0.08042565358534338,0.02296078494425682,0.00016663582395358263,0.001298475916469823,0.0004732238109708927,-1.7375442962235776,0.7902906630402506,0.5634445402401175,0.9995679286655793,0.027790212479290817,0.009218989925674355,-0.0025826920663397385,0.9998166798528816,0.005675547696022338,0.018286466206205998,-0.004650756940506611,0.9984420675840927,-0.05560402987448352,-0.018573560451374635,0.0555087906259207,0.9982854286302124,0.00020765219921464018,0.07661121727435015,1.4387776908222749e-05,0.034164134559170126,2.3528902045077856e-08,0.17609637103405446,0.9552203496526472,-0.0783648595858443,-0.017584271742152033,-0.077862379032427,0.01963120189016336
304,0.76,20,0.1938825511798508,0.9284899324846707,-0.14103124840201114,0.00039793068962707214,0.002057687076545703,0.0027117528050868696,-0.018752882905261156,-0.07886011089625093,0.024157719163266603,0.000218001017311614,0.0013297238637178578,0.0003248796447988446,-1.7336700750800476,0.7827713445462283,0.5984671095048923,0.9995691504128663,0.02777493612374657,0.009139199311785811,-0.00255763604957088,0.9998198670675548,0.005620749540483847,0.01812844702726195,-0.004605386832055689,0.9984440228423195,-0.05557268809921805,-0.018412599738880438,0.0554791891167219,0.9982900559185225,0.00020596323356057128,0.07659273155205157,1.346566007436156e-05,0.034165843415532145,2.9036706926004108e-08,0.1938825511798508,0.9284899324846707,-0.14103124840201114,-0.022508707276500593,-0.07690056519629924,0.025539623556570034
305,0.7625,20,0.2107417265455649,0.914933465354091,-0.1977377582594185,0.0003531296151098221,0.0024066803673547686,0.0029868616244560714,-0.022204911658523386,-0.07730187259046153,0.025394758200041667,0.0002626462704183001,0.001361526309395133,0.00017810373527200012,-1.7260143766311151,0.7791191528947053,0.6185195183875309,0.999570450017799,0.02775617927275022,0.009060997831249818,-0.002531458412872831,0.9998229800732119,0.005563739410301619,0.017973684132526944,-0.004557744689524936,0.9984463724609657,-0.055534388291253164,-0.01825473858664378,0.0554426381344974,0.9982949856609621,0.00020410848384800628,0.0765752359211492,1.2498061969351784e-05,0.03416757066426897,3.5574214414880285e-08,0.2107417265455649,0.914933465354091,-0.1977377582594185,-0.026426257727299958,-0.07628282039695602,0.030170064344387855
306,0.765,20,0.2259837359297762,0.9067822265846436,-0.25125744843343095,0.000275162324437498,0.0025151116900649466,0.0032123376065553233,-0.025638580364401465,-0.07574284856024688,0.02664932547221405,0.00030199598197951495,0.001392796012221797,4.392415965169193e-05,-1.7168343529390402,0.7795120151073222,0.6272836360861918,0.9995718273066253,0.0277339570275227,0.008984379405582506,-0.002504118444906968,0.9998260206350208,0.005504437284242537,0.01782216685262248,-0.004507747714828996,0.9984491140368188,-0.0554891601092597,-0.01809996330599399,0.05539916830851745,0.9983002171085842,0.00020209388137620816,0.07655741582753367,1.1501501678244037e-05,0.03416936713139941,4.211980776244834e-08,0.2259837359297762,0.9067822265846436,-0.25125744843343095,-0.029454293212561093,-0.07593980880654637,0.033415261235065274
307,0.7675,20,0.2421801947376035,0.9096257376082575,-0.30061126667837723,0.0005117299129324704,0.003066703764932492,0.003412757989279321,-0.02904745448569658,-0.07417587829563205,0.02790920111087341,0.00033317868633923593,0.0014280213493346229,9.954414936604717e-05,-1.7044370606475592,0.7834851323074187,0.6299378193296802,0.9995732818425191,0.027708287639103733,0.008909345428174795,-0.00247559825616231,0.9998289899546311,0.005442809158471557,0.017673898120297432,-0.004455358335271553,0.9984522444187656,-0.055437039939321926,-0.017948276474539865,0.05534881609929978,0.9983057487203003,0.00019993112736660607,0.07653817682802708,1.0490018851025836e-05,0.034171266475481236,4.79181588905459e-08,0.2421801947376035,0.9096257376082575,-0.30061126667837723,-0.03174250242342526,-0.07578474872683114,0.03491463981425512
308,0.77,20,0.24078220922145682,0.9156824977614167,-0.35214040355505505,0.0013067221455449673,0.0024120265178066117,0.0032554939309273195,-0.03242273596716171,-0.07259725737234271,0.029188130720229126,0.0003599984608978988,0.0014596991471196794,0.00019646412648309752,-1.6876407407325638,0.7893104616446636,0.6394648046778603,0.9995748128724081,0.027679195791863582,0.008835904138594834,-0.002445892364708511,0.9998318888171877,0.005378846246819732,0.017528893784491753,-0.004400563364218515,0.9984557594617118,-0.05537807724915734,-0.01779969511908612,0.0552916305672858,0.9983115778367385,0.0001976221209431426,0.076516632804877,9.475717028521337e-06,0.03417328763852484,5.2352781124901565e-08,0.24078220922145682,0.9156824977614167,-0.35214040355505505,-0.033387170242291764,-0.07575789392972004,0.03487342388154478
309,0.7725,20,0.24139916663883954,0.9243861194684883,-0.4035424813091706,0.0010825061765721868,0.0025743895322156334,0.0035640808978582247,-0.0357601935892544,-0.07100350910119554,0.030490506384328327,0.0003848547002557682,0.0014878620180151841,0.00028357226967523223,-1.6687288110463436,0.7968741355735819,0.6511878320495992,0.9995764193598269,0.027646714769900105,0.008764067889111932,-0.002414981626115826,0.9998347179555611,0.005312512743613895,0.017387178582866335,-0.004343322002996623,0.9984596540523546,-0.05531233843936285,-0.01765424381563343,0.0552276781876739,0.9983177005529337,0.0001952006375761025,0.0764920748859915,8.468578400269113e-06,0.0341754401557182,5.511984917763839e-08,0.24139916663883954,0.9243861194684883,-0.4035424813091706,-0.03444149622311583,-0.07580828986311562,0.033569997061477744
310,0.775,20,0.24543199308509517,0.9219488262115275,-0.45302962974847033,0.0007975699577175915,0.0023104863144479838,0.00408479211245781,-0.03906044383012923,-0.0693913972555125,0.03178530416690485,0.00038916328641677917,0.0015120390388989912,0.00034053094237188254,-1.6501251204374165,0.8060559228415223,0.6473988912882624,0.9995781000917274,0.027610881989387333,0.008693852648132662,-0.00238284261197308,0.9998374779744382,0.005243764460788748,0.017248784652678817,-0.004283584702785895,0.9984639225137094,-0.055239898086721737,-0.017511954197312704,0.055157033756513,0.9983241122438014,0.0001926795318179588,0.07646393498966406,7.476140603892816e-06,0.03417772706065619,5.60226838726443e-08,0.24543199308509517,0.9219488262115275,-0.45302962974847033,-0.03502228695991276,-0.07596489920297234,0.031681088844936825
311,0.7775,20,0.235651124921612,1.0825321341005503,0.16772921358699966,0.001925858431370395,0.004822697683532905,0.0023858409764807745,-0.042812157363094724,-0.06768024571737366,0.0332810432153478,0.00031294778132370885,0.0014854624102831897,0.000377386052755261,-1.8758567664827444,0.8555757690694201,0.7478695242214749,0.9995798537323074,0.027571734487137775,0.008625276769244242,-0.0023494830332723943,0.9998401690602606,0.005172619495409275,0.017113747138052818,-0.004221364131570556,0.9984685587736943,-0.055160830534451616,-0.0173728644275545,0.05507977076874515,0.9983308081160495,0.00019011104242911827,0.07643177005296155,6.506272444395675e-06,0.034180147727677926,5.4896328871090294e-08,0.235651124921612,1.0825321341005503,0.16772921358699966,-0.04262976263665112,-0.07183348855721712,0.033246073222359916
312,0.78,20,0.238279979558702,1.0051695188074021,0.07357518331215962,0.0025611798155843113,0.0027304715172543795,0.002061361727483526,-0.04647126651148003,-0.06599603931045382,0.03489092167759383,0.00025249186277657905,0.0014499453297813247,0.00033471702076729647,-1.8295545741926547,0.8421032034599212,0.8049392311230137,0.9995816921520648,0.027528819063774464,0.008558443834737415,-0.0023147082961827562,0.9998427903292625,0.005098687774661489,0.0169822851692884,-0.00415627236748564,0.9984736124929151,-0.055074227687324756,-0.01723716991277253,0.05499498648353804,0.9983378343201632,0.0001876890707584578,0.07640275176953062,5.613529152690189e-06,0.03418239742485892,5.286710343452234e-08,0.238279979558702,1.0051695188074021,0.07357518331215962,-0.04867413608473224,-0.06837210746316907,0.03636960563369758
313,0.7825,20,0.24938180551997147,0.9678022826350514,-0.006857362194440775,0.0026261618891866892,0.002024179560156824,0.0019204654638212831,-0.05006100297833656,-0.0643060909063078,0.03645063496511663,0.00020038413722801255,0.0014106064409653831,0.00024905285501875435,-1.7948682334282597,0.8449742020730102,0.7798566437614016,0.9995836130072664,0.027482227530181834,0.00849333040094178,-0.002278402075880701,0.9998453444453621,0.005021738034919559,0.016854356648766496,-0.004088075480648789,0.9984790721079199,-0.054980271019447136,-0.01710481890578486,0.05490286613298055,0.9983451810173595,0.00018544417822605094,0.07637551083484531,4.7867636924594794e-06,0.03418458963020937,5.076765600658904e-08,0.24938180551997147,0.9678022826350514,-0.006857362194440775,-0.05346459695919176,-0.06537674313889749,0.03961489635767163
314,0.785,20,0.2605916482118294,0.94630003372277,-0.07825616981369769,0.002602738744791537,0.0014524523461684447,0.0019280662558292586,-0.053592373212912756,-0.06259409822148268,0.03792676880573369,0.00015379006833073273,0.0013689139427098343,0.0001520943705232748,-1.765685117288105,0.855996342412563,0.7380669203085279,0.999585613879146,0.02743203003587719,0.008429940983246528,-0.0022406135277386534,0.9998478314920766,0.004941870885687303,0.016729966310223464,-0.00401686930867494,0.9984849267582601,-0.05487910164633715,-0.016975824620590343,0.054803548687116746,0.9983528396462594,0.0001833916708526921,0.07634886931217863,4.017494191969669e-06,0.03418680044281582,4.892413208874374e-08,0.2605916482118294,0.94630003372277,-0.07825616981369769,-0.05718567971713693,-0.06275402373591848,0.042269137329061596
315,0.7875,20,0.2686052137281275,0.9397768589484171,-0.14316039378453738,0.00217321904619443,0.000698003107307674,0.00178609072242469,-0.05706800364562931,-0.06084817089802514,0.039321126371974977,0.0001242274281122446,0.0013207064363214274,1.3276194689650718e-05,-1.7378152163582783,0.8729636617287702,0.6971787831206449,0.9995876924073831,0.02737828599513103,0.00836829539599835,-0.0022014258599969343,0.9998502507126965,0.0048592555600873106,0.01660914763495449,-0.003942817221513787,0.9984911663603036,-0.054770839803662486,-0.016850232702122783,0.054697151076107106,0.9983608021762682,0.00018153255522869625,0.07632182111879926,3.2990235725032626e-06,0.03418908030233075,4.7449480382385696e-08,0.2686052137281275,0.9397768589484171,-0.14316039378453738,-0.06002883377394227,-0.060410825487325924,0.04377673194755628
316,0.79,20,0.27108376730108186,0.9440093681065715,-0.20491868339909836,0.0015851897554265363,0.001278055339116413,0.0021622812459397905,-0.06048484355449148,-0.05905860188350826,0.04065514132265686,9.245095987187155e-05,0.0012692335881594608,0.00011723768757766612,-1.7084199544310843,0.8947845072584405,0.6670074753409417,0.9995898461873889,0.027321052096773442,0.008308425372833522,-0.0021609209198598283,0.9998526009772043,0.004774059064718271,0.016491958014923123,-0.003866079374904916,0.998497781066207,-0.05465560022658131,-0.016728112547037117,0.05458378482578431,0.9983690603602989,0.00017987077520023492,0.07629352896119893,2.623316412706108e-06,0.03419146023195315,4.693986360985989e-08,0.27108376730108186,0.9440093681065715,-0.20491868339909836,-0.062137962457838515,-0.058273859875925746,0.04398785930265215
317,0.7925,20,0.26899174437727347,0.9520596398306669,-0.2660769766153983,0.0015101857154888366,0.0009619338197910933,0.0023620556377656533,-0.06384907154452131,-0.05721634470123517,0.04192811415707349,6.063476888746608e-05,0.0012172476389377216,0.00023394123784192068,-1.682113995014916,0.9211285911365475,0.6364864172083127,0.9995920726808504,0.02726038779990309,0.00825037295059349,-0.002119159450491683,0.999854881018799,0.004686406707170404,0.016378476579287073,-0.003786773242662368,0.9985047608404446,-0.05453350279759445,-0.016609553013008004,0.05446356737436112,0.99837760520635,0.00017840940785862625,0.07626330087125813,1.9879371661555063e-06,0.03419395843140215,4.726889703183542e-08,0.26899174437727347,0.9520596398306669,-0.2660769766153983,-0.06353783659516615,-0.05629482539045204,0.042917338684027764
318,0.795,20,0.2700552754834162,0.9446548566674228,-0.3268776579133517,0.002008415582354193,0.001464171900033077,0.002745965969597309,-0.06716658446340272,-0.055315769977546,0.043157280437578424,2.6227973493205614e-05,0.0011724710782763758,0.0002569259474074664,-1.658756459440708,0.9502873618445833,0.6145831402524677,0.9995943694279553,0.027196346282464937,0.008194189212583804,-0.002076203256216494,0.9998570892863745,0.004596426184062924,0.01626880051243443,-0.0037050181547450527,0.9985120962578463,-0.05440465483058015,-0.016494661083269812,0.05433660362127927,0.9983864280240653,0.00017714500646175325,0.07623055785530994,1.3905325700290298e-06,0.03419658597403944,4.841196005063179e-08,0.2700552754834162,0.9446548566674228,-0.3268776579133517,-0.06418473456682568,-0.054502762682333075,0.04123058423169064
319,0.7975,20,0.2709301373680174,0.9408132912895374,-0.3842086045559034,0.001986486692229023,0.0008694736587448672,0.0024966147617455593,-0.070437493950942,-0.053354043954824355,0.0443665551237045,2.6440182814412416e-05,0.001125475251645353,0.0002877791948333559,-1.6354547437696336,0.9808630113608264,0.6046373430630384,0.9995967341066765,0.027128974573546672,0.008139931385800159,-0.0020320971651689155,0.9998592241962916,0.004504211362572141,0.01616304023354686,-0.0036208993961889925,0.9985197786393983,-0.05426915102974815,-0.01638355508284623,0.05420298650377313,0.9983955205112447,0.00017603886703467707,0.07619481111156537,8.319536800064571e-07,0.03419935030317644,5.001157869333318e-08,0.2709301373680174,0.9408132912895374,-0.3842086045559034,-0.06419473547867463,-0.05286904393939146,0.038902747805802114
320,0.8,20,0.2753228662064791,0.9437787132190032,-0.4353595049448133,0.002157802471730291,0.0009520230568744676,0.002543257436944824,-0.07366078747696868,-0.051327160949568976,0.0455805818081178,3.937079627809896e-05,0.0010788341685017669,0.0003165738877620903,-1.611646763013337,1.0134415026276837,0.607013342206647,0.9995991644087429,0.027058319308412477,0.008087660233950866,-0.001986862221547776,0.9998612842609055,0.004409808619045296,0.016061314518933282,-0.0035344546467725264,0.9985277994694332,-0.05412708487514723,-0.01627635912858313,0.054062808608829026,0.9984048742162883,0.0001750570325068542,0.07615569642545365,3.1109064998437435e-07,0.0342022512941264,5.2551955303115957e-08,0.2753228662064791,0.9437787132190032,-0.4353595049448133,-0.06379638757792547,-0.05137781511947367,0.0358187872161202
321,0.8025,20,0.24139304788191235,1.1596877773457916,0.2983990856725007,0.0004062973198565954,0.000769113909685659,0.0006886348957598243,-0.07721550381958332,-0.04917456542359975,0.04696151847307954,3.0616955531181556e-05,0.0010861168554276808,0.0002996162047366157,-1.7773581713073279,1.076297762984617,0.6904683324808715,0.999601657996897,0.0269844278696843,0.008037441239061438,-0.0019404949701120069,0.9998632680351992,0.004313215485661761,0.01596375288413195,-0.0034456724721726433,0.9985361502636335,-0.05397855090586214,-0.01617320547034184,0.05391616444867426,0.9984144803817488,0.00017419676406554296,0.07611297109446064,2.282183592472762e-07,0.034205282554246416,5.600064875473448e-08,0.24139304788191235,1.1596877773457916,0.2983990856725007,-0.07322831557436581,-0.04838267622609907,0.0370266896052017
322,0.805,20,0.2463287134890745,1.048643014598769,0.17185699120829537,0.00042633392135243807,0.0005134407412868604,0.0011738377469993665,-0.08069115196610306,-0.04710616065700691,0.048399804046282614,6.366275658855208e-05,0.001096202923964171,0.00025615363740343137,-1.7378240732598709,1.0342023832964178,0.7191427866015405,0.9996042225326578,0.026906967423943644,0.007989404046541373,-0.0018928343585230209,0.9998651732021446,0.004214111703503037,0.01587062317603712,-0.003354229165834988,0.998544864564276,-0.05382288174201231,-0.01607434490573192,0.05376239126807864,0.9984243690540558,0.00017326168100765865,0.0760710393209693,7.648199203359527e-07,0.0342080892376339,6.477469104706474e-08,0.2463287134890745,1.048643014598769,0.17185699120829537,-0.0807816898409166,-0.04590193862924946,0.040786696011097634
323,0.8075,20,0.24673825759451123,0.9855078843815374,0.06225888826576424,0.00042249551838676217,0.0013508392710671253,0.0015319973423692196,-0.08410764006458589,-0.045093148511712096,0.04983750788256099,9.408860129871462e-05,0.0011073357658671326,0.00019903895235362105,-1.708244049241414,1.0065060726474033,0.7188519181391918,0.9996068559634544,0.026826016898205678,0.00794346634609356,-0.001843819579960148,0.9998670033435301,0.00411237251143691,0.01578176216892168,-0.003260006261714374,0.9985539302934675,-0.05366023345683912,-0.01597961150975869,0.05360164818171239,0.9984345323195714,0.00017225100964860502,0.07602908525477012,1.3507070778628767e-06,0.03421083405528719,7.722866459882369e-08,0.24673825759451123,0.9855078843815374,0.06225888826576424,-0.08686940547444116,-0.0437763936321436,0.04572088629210909
324,0.81,20,0.2499540151865533,0.949031386116542,-0.033223590212211815,0.0004180215396326425,0.0015960862979845889,0.0018014101818259781,-0.08747733254369094,-0.04311454627120392,0.05125934594134514,0.00012038017244522945,0.0011182763200964605,0.0001407255728541773,-1.6848462395525274,0.9893011202540918,0.7109190293920726,0.999609556379482,0.026741635785780607,0.007899572889219109,-0.0017934487681332935,0.999868760579368,0.004007992057139548,0.015697057595243636,-0.003163002052872652,0.9985633369140334,-0.05349072432790556,-0.015888896610275146,0.05343405441083777,0.9984449633273371,0.0001711668371882049,0.07598643653402835,1.964052834412055e-06,0.03421362697396742,9.216166770070053e-08,0.2499540151865533,0.949031386116542,-0.033223590212211815,-0.09174304666825242,-0.04191053265109934,0.05063001254312153
325,0.8125,20,0.25440254142014485,0.9257388401007474,-0.11818486579753999,0.0004579591687430224,0.0026508240971947583,0.0017840417456733283,-0.09081070109807605,-0.04115230662929199,0.05265988071243111,0.0001226191705109768,0.0011282996086274485,7.410224490416072e-05,-1.6666842771925545,0.9811198209559628,0.7002673855429852,0.9996123219654154,0.02665387129958005,0.007857688916834934,-0.0017417360714412728,0.9998704461606874,0.0039009973354515726,0.015616437308706491,-0.003063246019045753,0.9985730750004057,-0.05331444839873035,-0.01580213334505062,0.053259704317831884,0.9984556557392633,0.0001700156885875201,0.07594253450372843,2.594901535159682e-06,0.03421654102326207,1.0872298020634663e-07,0.25440254142014485,0.9257388401007474,-0.11818486579753999,-0.09549694636354829,-0.0402360914036909,0.05482113244763711
326,0.815,20,0.2558436654787445,0.9053249985604908,-0.1971505600826891,0.0006076503306576202,0.00305310275272379,0.001949002193626808,-0.09411524294818135,-0.03919172127490107,0.05403952777109772,0.00011973597946779953,0.001138418247894624,3.3618168814683955e-06,-1.6522709250526533,0.9802926771954598,0.6898235293333027,0.999615150995972,0.02656276016154293,0.00781779754612982,-0.0016887016990672157,0.9998720606561986,0.003791428170219149,0.015539864592627574,-0.002960779045381768,0.9985831361183438,-0.05313147887549927,-0.015719290905494423,0.05307867116350282,0.9984666036282561,0.00016883248557154323,0.07589693211379907,3.2397734940457627e-06,0.03421962147373588,1.2714066628647381e-07,0.2558436654787445,0.9053249985604908,-0.1971505600826891,-0.09817989581340553,-0.03870187109210151,0.05818437830870741
327,0.8175,20,0.2556719906487578,0.9034711193677485,-0.27101393855022077,0.0006339360448247604,0.0036062505160779877,0.002157841815444339,-0.09739286161169494,-0.03722184924116021,0.05540966256286889,0.00010983112225751269,0.0011481387139108405,8.389196276846855e-05,-1.6388093317567918,0.9849360168704291,0.6850673958855893,0.9996180417954197,0.02646833151576286,0.007779896646643423,-0.0016343659412459276,0.9998736041122753,0.0036793251307342244,0.015467332223474965,-0.0028556415963273043,0.9985935125494836,-0.0529418738349691,-0.01564036798167884,0.05289101304254635,0.9984778012698784,0.00016762194282779347,0.0758492815598296,3.892177675481513e-06,0.03422289399640781,1.4693684474644435e-07,0.2556719906487578,0.9034711193677485,-0.27101393855022077,-0.10010308100318759,-0.03725240797881137,0.0601476907578144
328,0.82,20,0.25566455475876326,0.9137855039963059,-0.3410938077377243,0.000644328732213235,0.0034458945551868554,0.0022910618417718645,-0.10064281025921998,-0.03523346618464354,0.05679006082143232,0.00010093505718476849,0.0011561924424727042,0.0001607641772065319,-1.6249743237625227,0.9941915282583365,0.6901991292817148,0.9996209926371691,0.02637061244286482,0.007743995390793687,-0.0015787380582321206,0.9998750762430617,0.003564707212188042,0.015398856140080816,-0.0027478516073482346,0.9986041967710634,-0.05274568705366567,-0.015565385298010577,0.05269678409268079,0.9984892426695512,0.00016638784897563626,0.07579930329922738,4.546729549525042e-06,0.03422637370140583,1.6776122144466834e-07,0.25566455475876326,0.9137855039963059,-0.3410938077377243,-0.10141027371993498,-0.03587267952935864,0.06072713170485876
329,0.8225,20,0.2552609537879644,0.9190533127715506,-0.40939377257946796,0.0011924824324932896,0.003824267695221095,0.0019372005834833001,-0.10386735367918448,-0.03322361587652806,0.058179735292607185,9.015592684703759e-05,0.0011668502305880342,0.0002408019389102642,-1.6122717099822426,1.0049251540577344,0.6948372355874264,0.9996240016989016,0.026269630558223293,0.007710112761768653,-0.001521807809663664,0.9998764765243825,0.003447554852653075,0.015334472887056937,-0.002637387597397454,0.9986151812226498,-0.052542973063154336,-0.01549438220281887,0.05249603982389735,0.9985009213430706,0.00016513626728641763,0.07574676950778134,5.199370016449937e-06,0.03423006827630638,1.8938576286652983e-07,0.2552609537879644,0.9190533127715506,-0.40939377257946796,-0.10207626948061639,-0.03456164745256533,0.06026819229019241
330,0.825,20,0.24634845087851764,0.921503642016835,-0.48834365381541034,0.0012706630627074532,0.003951584441938091,0.0018189720627074313,-0.10706631563134464,-0.031197681314257295,0.05957553697642284,7.573102458183122e-05,0.0011767261240392378,0.0003125115289182585,-1.5994809760800808,1.012967281135388,0.6979008419078291,0.9996270671558283,0.026165411194126777,0.007678270692420571,-0.0014635660741910543,0.9998778042670408,0.0033278507445187394,0.015274224809903886,-0.0025242303048107527,0.9986264584627775,-0.05233378181881022,-0.015427404042467816,0.052288831192834694,0.9985128308324324,0.00016386769516701227,0.07569152004151246,5.823836779689503e-06,0.03423397924685613,2.1154647654856084e-07,0.24634845087851764,0.921503642016835,-0.48834365381541034,-0.10213066026967596,-0.03324374675275288,0.05906455743415693
331,0.8275,20,0.2950030573293511,1.0587599817310487,0.3392308852158322,0.001217504876493586,0.004440716867243364,0.0003073291031511911,-0.11063563931514911,-0.02921220359348585,0.06117762363436102,1.547601034421447e-05,0.0011520051779112422,0.00034935605928287277,-1.7846618419022344,0.9927388603857216,0.8010433289690949,0.9996301871777494,0.0260579798644621,0.007648485689285828,-0.00140400677406704,0.9998790588632783,0.003205583280889,0.015218143201917845,-0.0024083669365488536,0.9986380209007233,-0.05211816363021078,-0.015364485522910675,0.052075209527334326,0.9985249647040881,0.00016259612972892404,0.07563415131056339,6.3990572035162566e-06,0.03423809977309848,2.340110961300805e-07,0.2950030573293511,1.0587599817310487,0.3392308852158322,-0.10967133015482056,-0.030760393157618405,0.060680758809133414
332,0.83,20,0.29121969187822316,0.9937757489001731,0.19944319524869067,0.001252928843124995,0.002453016664491535,0.0007238844630696286,-0.11405752801262224,-0.027326784231477556,0.06285889846154322,9.22630669029989e-06,0.0011273792295212364,0.00036117603401869395,-1.7109443487365634,0.9427096810041464,0.8406374135910971,0.9996333708709154,0.02594696482354659,0.007620722362769955,-0.0013429253017694025,0.9998802422846069,0.0030803351226247923,0.015166167096802873,-0.0022893966623175645,0.998649903136159,-0.05189537194261934,-0.015305546439065516,0.051854435699104445,0.9985373592142305,0.000161453748899086,0.07557094329550292,6.9734896786252885e-06,0.03424213480566422,2.5898480069845246e-07,0.29121969187822316,0.9937757489001731,0.19944319524869067,-0.11561837371356569,-0.028396988458767536,0.06345007025962461
333,0.8325,20,0.28711140163264226,0.9587880801049204,0.07313831714670674,0.0012832309984920358,0.0017000679681736593,0.0007153911154981786,-0.11737725674776762,-0.02551725879630409,0.06451841713032153,1.8292365303206606e-05,0.0011013682249912554,0.0003470612352448196,-1.6598643675726885,0.904762717586734,0.829759334389153,0.999636613979,0.025832513062308018,0.007594883231830126,-0.0012802383294641267,0.9998813574770292,0.002951936058089214,0.015118103168127605,-0.002167156376917391,0.9986620845174109,-0.05166569829759014,-0.015250390261602602,0.051626805255105365,0.9985499980351611,0.00016038062244339954,0.07550271012155221,7.541283330155077e-06,0.03424620688290918,2.851264687443519e-07,0.28711140163264226,0.9587880801049204,0.07313831714670674,-0.12042038615287162,-0.026098852411978117,0.06656138619554364
334,0.835,20,0.282971376844696,0.9391002332911027,-0.04043902079598771,0.0013172358048786814,0.0012683831417227753,0.0007554823078371485,-0.12062376176085358,-0.02375367336887311,0.06609223342922407,2.6433131012014306e-05,0.0010744121887959325,0.0003184544986403252,-1.6232525065429826,0.8817927137154884,0.7869081494512761,0.9996399130855294,0.02571472711322824,0.007570892034659392,-0.0012159644925444021,0.9998824060483048,0.0028204201246343112,0.015073795320803373,-0.0020416864339343928,0.9986745484796902,-0.05142934702475323,-0.01519886810122399,0.051392523281189095,0.9985628688065835,0.0001593834295359143,0.07543009151615121,8.104100187328547e-06,0.03425040869215671,3.1260998819213365e-07,0.282971376844696,0.9391002332911027,-0.04043902079598771,-0.1242281390203979,-0.023826096088225647,0.06947349559213867
335,0.8375,20,0.2788810563972769,0.9342000286898017,-0.1431538523555563,0.0013147033558308888,0.00030115785098012966,0.0006251276939397596,-0.12381812345273448,-0.022008906672589715,0.06756815676744764,2.4383921782503863e-05,0.0010442685963781124,0.00023398828358660027,-1.5971808459404504,0.8723833481416973,0.7379616691117757,0.9996432652090232,0.02559368105669127,0.0075487006287372075,-0.0011501873884626496,0.9998833883755782,0.0026859522257787743,0.015033140430841054,-0.0019131560806413947,0.9986872811178795,-0.05118646664098327,-0.01515089054754402,0.05115173695993346,0.9985759612175721,0.00015846494117820474,0.07535363310043311,8.662457419659072e-06,0.03425480233105727,3.4142372681999927e-07,0.2788810563972769,0.9342000286898017,-0.1431538523555563,-0.1271864193592242,-0.02154699125576804,0.07168036752186698
336,0.84,20,0.2749354100242095,0.9423028068084225,-0.23667346557748078,0.0013570867185981911,7.042836513137504e-05,0.0007836065061950361,-0.1269826687544188,-0.02025978221820771,0.06894181986643945,2.4493875927502942e-05,0.0010141925049648613,0.0001595000717840893,-1.5822726508421565,0.8745622271910011,0.6868315494959055,0.9996466676922835,0.025469427959919314,0.007528287595753613,-0.001083003685767111,0.9998843039777845,0.002548724408314308,0.01499608824833856,-0.001781759693987905,0.9987002706848221,-0.050937163902751464,-0.015106422185758448,0.050904551249896596,0.9985892662505402,0.00015764001661255979,0.07527381346038833,9.21854258463222e-06,0.034259425760845216,3.7173246579599466e-07,0.2749354100242095,0.9423028068084225,-0.23667346557748078,-0.1294242126261537,-0.019238533045116628,0.072749320179555
337,0.8425,20,0.2715323607537718,0.9493851730290753,-0.3241349049894147,0.0013938696396723887,0.00018581268346721847,0.0009328425514820916,-0.13014009715091682,-0.018486858258727108,0.07020453420664878,2.629354631301624e-05,0.0009840588921147676,9.29143187269293e-05,-1.5787141982490067,0.8864619797403042,0.6313571701046714,0.9996501182693421,0.02534199856213042,0.007509654577952076,-0.0010145151981159595,0.9998851516940652,0.002408939786598443,0.01496263448863957,-0.0016477011645322128,0.9987135077355795,-0.05068150103703421,-0.015065473859407227,0.050651026402226476,0.9986027763939936,0.00015690420763565935,0.0751910579863206,9.770255160553395e-06,0.034264298250135355,4.0319698653490023e-07,0.2715323607537718,0.9493851730290753,-0.3241349049894147,-0.1309679543916238,-0.01690654716736773,0.0727606899298469
338,0.845,20,0.2633013097345005,0.952628159253185,-0.40883017128438537,0.001449196160150745,0.001483669788892867,0.001269227252455403,-0.13329828749317435,-0.01667308638624119,0.07137207637614951,3.576389790533553e-05,0.0009568771179076414,8.998244522880479e-05,-1.5790951711287673,0.9068859362429597,0.5837710847503588,0.9996536150910431,0.025211400939534685,0.007492822464697683,-0.000944833100167956,0.9998859298038507,0.002266820751133641,0.01493281299592228,-0.0015112025458286582,0.9987269851061578,-0.05041949511478779,-0.015028095260359394,0.05039117724807448,0.9986164857483572,0.00015625409301293442,0.07510572459791158,1.031595475369841e-05,0.03426942619698607,4.3560806434240596e-07,0.2633013097345005,0.952628159253185,-0.40883017128438537,-0.1317867581931921,-0.014538781203601919,0.0719057021138598
339,0.8475,20,0.24942972541156397,0.95147008438061,-0.49033350396821956,0.007751887907320573,0.0012225390476623941,0.0005353784882190613,-0.13645614728054015,-0.014801527640913654,0.07247242217488135,4.5159043015099226e-05,0.0008031574158568652,7.211748584030005e-05,-1.5789298936829017,0.9357793726637662,0.5501728993659216,0.9996571563840191,0.025077635136991606,0.00747782969918876,-0.0008740532836579943,0.9998866361876945,0.002122559809764961,0.014906693567354272,-0.0013724546705136992,0.9987406964935865,-0.0501511469029684,-0.01499437032470573,0.05012500281655556,0.9986303885578517,0.00015566241696405626,0.07501811020795109,1.0853303822914743e-05,0.034274805874030465,4.686086756856253e-07,0.24942972541156397,0.95147008438061,-0.49033350396821956,-0.13190014638607983,-0.012295906211908224,0.07041374812636254
340,0.85,20,0.22906739661546652,0.9530068854874679,-0.568406716929349,0.005264775459496268,0.0012005576427834665,0.00021029307068086284,-0.13961415565299382,-0.012857996933986185,0.0735268827430777,5.3228363512527885e-05,0.000702311204203074,5.173438609480454e-05,-1.5790041862268378,0.9717653534637345,0.5272302840981722,0.9996607402286218,0.024940702055289875,0.007464732479335999,-0.0008022440807855575,0.9998872683468936,0.00197629516066337,0.014884382930614335,-0.0012315924859051125,0.9987546355708482,-0.04987645843171756,-0.014964417052992304,0.04985250428193279,0.9986444783000024,0.00015521121677212964,0.07492846426698194,1.1386235061744714e-05,0.0342804234417137,5.017242782653129e-07,0.22906739661546652,0.9530068854874679,-0.568406716929349,-0.131372936474038,-0.010324418131705154,0.06821458316593094
341,0.8525,20,0.3631244837842182,1.0405269030099027,0.43131730554276404,0.00034842851712851884,0.00017399571257100904,0.001147708928114772,-0.14302036027219334,-0.011024605627085588,0.0746921299848813,2.6639073785245133e-05,0.0007166359406837353,3.215179962541797e-05,-1.7031023095997557,0.9166956534502984,0.5826236209017989,0.9996643646054303,0.02480060194410121,0.0074536017970469985,-0.0007294528653772447,0.9998878234375365,0.0018281236927907077,0.014866018468631352,-0.0010887084479171073,0.9987687960834549,-0.04959543007094074,-0.014938381949236171,0.04957368186618779,0.9986587479269226,0.000154860607488797,0.07483701012369647,1.1910953326239166e-05,0.03428625587742727,5.355165016729315e-07,0.3631244837842182,1.0405269030099027,0.43131730554276404,-0.13875218493781932,-0.009682782983273354,0.0694626070328222
342,0.855,20,0.34114228259482277,0.9940504513446266,0.23780964033753013,0.0033703561878929036,0.0013870205189177643,0.0016959259235465268,-0.14630761422843552,-0.00931021015911449,0.0758369376889419,1.340864801694614e-05,0.0006696556521597273,5.526586552023982e-05,-1.643626978121094,0.8571977339855492,0.5724038520302996,0.9996680350452867,0.02465708592138222,0.007444330271056597,-0.0006555679802207759,0.9998883043548775,0.0016778116914929991,0.014851389236559367,-0.0009435897270106427,0.9987831966889777,-0.04930756179506172,-0.01491604682062181,0.04928804073682214,0.9986732201213621,0.00015447476925258913,0.07472960550976551,1.2493170375851802e-05,0.034291976770941236,5.739913560726652e-07,0.34114228259482277,0.9940504513446266,0.23780964033753013,-0.14508797822130146,-0.008788869623924916,0.0723334609760278
343,0.8575,20,0.30474385072199506,0.9716252569085961,0.0617525856518367,0.00499969725896325,0.0013797753394600865,0.002030935385022333,-0.149539715002537,-0.007668356491201349,0.07689855092586691,2.227580058054761e-05,0.0005970245703388157,9.273343230322746e-05,-1.6160503870507426,0.8209268339565708,0.5308066184625099,0.9996717478394109,0.024510273183411622,0.007436798846496785,-0.0005806057945298913,0.9998887138396562,0.001525386361522206,0.014840253789143512,-0.0007962744761713394,0.9987978188107718,-0.049013090963571135,-0.01489717701568671,0.04899581956955902,0.9986878810627825,0.0001540756907446841,0.07460924099657978,1.3123786670052438e-05,0.034297725934548356,6.152614751508342e-07,0.30474385072199506,0.9716252569085961,0.0617525856518367,-0.1504959932789695,-0.00790190449060663,0.07563658805544207
344,0.86,20,0.28131401005320394,0.9603014217865218,-0.09359354187803852,0.0001595269512091409,0.001649808957194576,0.000416347798145057,-0.15275580247458326,-0.006061500394300374,0.07784570931104647,3.6698505583066345e-05,0.0006175208150165489,0.0001349400207130133,-1.6080437360231368,0.8034280484504872,0.47357919258977604,0.9996755004817538,0.024360219628436132,0.007430933158782333,-0.0005046470046042139,0.9998890531275809,0.0013710048213730036,0.014832457025370394,-0.0006469281662043384,0.9988126500621102,-0.04871212949412465,-0.01488163027283836,0.04869712950148468,0.9987027218640881,0.00015366605215488764,0.07447845970433757,1.3795664310193312e-05,0.03430359640672333,6.583229981791224e-07,0.28131401005320394,0.9603014217865218,-0.09359354187803852,-0.15504601074924648,-0.006741099656093067,0.07877102856906269
345,0.8625,20,0.2699003097368122,0.9522706579704524,-0.23094637599381765,8.546841203343728e-05,0.0020076686640782236,0.00015815287947780447,-0.15598589342460967,-0.004457939404758917,0.07867063943339153,4.709272133088431e-05,0.0006367223404370587,0.00017872014774668037,-1.6150454750131935,0.8017804947707285,0.4124650611725406,0.9996792911343346,0.024206942267170066,0.0074266955193780715,-0.0004278047343337594,0.9998893223535434,0.001214890246472241,0.01482791573555354,-0.0004957798877784987,0.9988276818583663,-0.04840471212335596,-0.014869339113576097,0.048392003421341374,0.9987177362794727,0.00015319929395891265,0.07433944319204373,1.4495564504202773e-05,0.0343096481508839,7.026853827925559e-07,0.2699003097368122,0.9522706579704524,-0.23094637599381765,-0.15882464219775136,-0.005270432029148067,0.08162440264581611
346,0.865,20,0.2597929391926855,0.9583336507812824,-0.3544951163137564,0.0001258007776272605,0.0023032109741217464,5.713668967380516e-05,-0.1592523337340198,-0.0028275735501769716,0.07938158606071366,5.412785667863583e-05,0.000654968874952446,0.00022382906699040543,-1.6332201547050835,0.8151829272909732,0.35547331366106,0.9996831184453588,0.02405042816781486,0.0074240797196452385,-0.0003502008338300298,0.9998895207993846,0.0010572843153096561,0.014826609371447119,-0.0003430751312718205,0.9988429085286415,-0.048090813899311,-0.014860299291440471,0.048080414223678036,0.9987329198905223,0.00015268573910925633,0.07419406394452568,1.5215313387474234e-05,0.034315913544846435,7.473552313963123e-07,0.2597929391926855,0.9583336507812824,-0.3544951163137564,-0.16195239769891884,-0.003504477861668856,0.08366805752646515
347,0.8675,20,0.25095822819375324,0.969760562352129,-0.4667880329425588,0.00015694152175541317,0.002355323304064961,0.00021281375401833565,-0.1625695652138122,-0.0011422699939555585,0.08000127430985075,5.9468832404518897e-05,0.0006718038799895342,0.0002623037096226013,-1.658615739896178,0.8426517781107066,0.30984412456855037,0.9996869813633195,0.023890642008058963,0.007423109891946404,-0.00027194975457769005,0.9998896469657261,0.0008984149805024786,0.014828578531954602,-0.00018904353644258747,0.9988583265355475,-0.04777036500956299,-0.014854566748877784,0.04776229015790972,0.9987482693279497,0.00015213288429898717,0.07404394104583381,1.5948093791985528e-05,0.03432240151407591,7.915927222267551e-07,0.25095822819375324,0.969760562352129,-0.4667880329425588,-0.1644858921398638,-0.0014704679430087388,0.0847013794531036
348,0.87,20,0.24075854078637032,0.9822001057650052,-0.5712461174747225,5.937831640626741e-05,0.0025977047474726738,7.752994297684634e-05,-0.16595001676527243,0.0006220050532410924,0.08055070180490659,6.284415161021076e-05,0.0006974613800836325,0.0003005142905525216,-1.690225775730125,0.8821375235983252,0.2747137475279184,0.9996908789455322,0.023727533873792332,0.00742383895234198,-0.00019314395416326378,0.9998896986212453,0.000738467279031524,0.014833922515403811,-3.3869718170430904e-05,0.998873933663362,-0.04744326612622334,-0.01485225383426352,0.047437530647782035,0.9987637815029554,0.00015154993429462765,0.07389045357733122,1.668849887657467e-05,0.0343291053053821,8.348738982075072e-07,0.24075854078637032,0.9822001057650052,-0.5712461174747225,-0.16642507819059585,0.0008368013433929332,0.08466607631732948
349,0.8725,20,0.2318522333983181,0.987229491728644,-0.6694976121442362,0.00012874126886036817,0.003109699902079976,0.00034488611187473244,-0.16940479181898394,0.0024834332882771593,0.08105873227736721,6.160506824350556e-05,0.0007206906327394797,0.0003505491775121267,-1.7273875268557708,0.9307141175180333,0.2540152362303122,0.9996948103188071,0.023561041289252578,0.007426344452974902,-0.00011385550556183179,0.9998896728899792,0.0005775863326422817,0.014842790910022639,0.00012230330049673238,0.99888972874058,-0.047109392465550216,-0.014853521127092841,0.04710601034474154,0.9987794534828638,0.0001509381733197216,0.07373475594664988,1.7432246793265733e-05,0.0343360075120523,8.766995625508205e-07,0.2318522333983181,0.987229491728644,-0.6694976121442362,-0.16772532925461686,0.0034300541225195436,0.08383439347822748
350,0.875,20,0.22556607685990326,0.9873497758403976,-0.7584738251157928,0.0001225654985431744,0.0030017644211880077,0.0005855677546671468,-0.1729445888761174,0.004463014398781696,0.08153872998519408,5.941607377019305e-05,0.0007408478945584377,0.00039011490373195304,-1.769898528566725,0.9897905552522691,0.23999885391343637,0.9996987746709638,0.02339109048847956,0.007430722872484053,-3.412808114393593e-05,0.9998895663857328,0.0004158610240131064,0.01485537251501515,0.0002793898204072505,0.9989057114420676,-0.0467685961917276,-0.014858565687152096,0.046767581806475,0.9987952824867042,0.00015030250033903415,0.07357778962424517,1.81747806955311e-05,0.03434308350760031,9.166359782737289e-07,0.22556607685990326,0.9873497758403976,-0.7584738251157928,-0.16839444530214362,0.00625249739291152,0.08241186422231564
351,0.8775,20,0.4132358630240633,0.9206402626890101,0.41227473626185757,0.0013419413030985963,0.002423588610404397,0.0012406553818871174,-0.17669265477851914,0.006206551777465315,0.08207872478861225,4.548801587342152e-05,0.0007331352542106223,0.0004074062238050675,-1.874032951200859,0.8717686893418093,0.2699974017090805,0.9997027711964727,0.0232175969304388,0.007437092051373115,4.60074778646543e-05,0.9998893750902628,0.00025335520493259187,0.014871899432955622,0.000437330417400813,0.9989218821521754,-0.04642070766006891,-0.01486762670064823,0.04642207630746063,0.9988112657091902,0.00014965438363027722,0.07342032388140597,1.891336924623023e-05,0.03435030185765198,9.54486644973181e-07,0.4132358630240633,0.9206402626890101,0.41227473626185757,-0.1736609572728657,0.005257470692159647,0.08353474951203248
352,0.88,20,0.36478237564910515,0.9460171232238762,0.16426589432207414,0.0012326956894223085,0.0018497122661015305,0.0009728238455185758,-0.18029605869454648,0.007847885880609582,0.08255437537181999,3.203057875408395e-05,0.0007251903279892442,0.000391206992908725,-1.8017019580136708,0.820667051572134,0.23782529160387594,0.9997068044613693,0.023040351879011153,0.007445217766018501,0.00012661494970501053,0.9998891054021422,8.992522075659701e-05,0.014891904228759434,0.0005962365278231294,0.9989382523078917,-0.04606530774951752,-0.014880235216782048,0.04606907845300946,0.9988274218354158,0.00014904228553891218,0.07323390862768477,1.969626208747288e-05,0.03435743587157712,9.976199503268075e-07,0.36478237564910515,0.9460171232238762,0.16426589432207414,-0.17870366323590647,0.005241911669774666,0.084721720594406
353,0.8825,20,0.32915664797966826,0.9708845159303932,-0.051380713228566674,0.0005095608333730365,0.0018227937606296177,0.0001418924664161493,-0.1838194838325533,0.009437586765463859,0.08291821552819019,1.8942315621844418e-05,0.0007151893631938997,0.00036640341960500293,-1.7617125690034006,0.794850442427138,0.1819200781850921,0.9997108697795116,0.022859500340830417,0.007454996798315152,0.00020763332329189383,0.9998887598222803,-7.431157674274961e-05,0.014915175454943348,0.0007559815841506493,0.9989548002651413,-0.04570268612539251,-0.014896189878845114,0.04570887774843396,0.9988437325338093,0.00014848525787160502,0.07302469434276873,2.0515544152542533e-05,0.034364602963625625,1.0524451628723838e-06,0.32915664797966826,0.9708845159303932,-0.051380713228566674,-0.18349248996969686,0.00608193856740844,0.08574394823505002
354,0.885,20,0.30750910873834264,0.9931438004284591,-0.23891465191655623,0.0005562315173552037,0.0019565945530400017,0.00021381316690062514,-0.18731297460233953,0.01102932934752519,0.08315470109101923,1.4242587498851883e-05,0.0007047577586546967,0.0003413661026735623,-1.746745384893111,0.7958712910306669,0.11824278141450542,0.9997149636481859,0.02267512307652012,0.0074663751417587835,0.0002889526149990479,0.9998883394972576,-0.00023913855544994137,0.014941597979070973,0.0009163424565493444,0.9989715105997019,-0.04533300482707935,-0.014915389834637431,0.04534163454156646,0.9988601840714144,0.00014799108869738826,0.0727979216549267,2.136363539426027e-05,0.03437189944149531,1.1231145121673079e-06,0.30750910873834264,0.9931438004284591,-0.23891465191655623,-0.18795822306584334,0.007645125622942349,0.08645171228431422
355,0.8875,20,0.28862955202508933,1.0122741801155433,-0.4055410362894989,0.0006236527529398003,0.002247725653943197,0.00042065377765281074,-0.19081861003862208,0.012660932580014557,0.08326712520253919,3.138800153304506e-05,0.0006954422333799963,0.0003164029990767349,-1.75281771814128,0.8158016162446827,0.05621205575999216,0.999719083346141,0.022487250987746468,0.007479352009010535,0.00037044580030758025,0.9998878441268687,-0.0004043033401211921,0.014971162484320007,0.0010770636035304947,0.9989883726258463,-0.044956326499807485,-0.014937841253564513,0.04496740927797053,0.9988767656730788,0.0001475628377720639,0.07255804308466768,2.2232528618570446e-05,0.03437939663791085,1.2051982776124854e-06,0.28862955202508933,1.0122741801155433,-0.4055410362894989,-0.19206004897095202,0.009848684692144952,0.08679702816138538
356,0.89,20,0.27067448071314987,1.0330034218532615,-0.5559491446139031,0.00043353220175034146,0.0024618150015788425,0.00016399372790859435,-0.19437042166479604,0.014367932303607306,0.08325866072569676,5.6723184901217125e-05,0.000690166162933636,0.0002910316904534833,-1.7759058130869767,0.8534998617963748,-0.004232238421213218,0.999723226824383,0.022295872953026524,0.007493964495396073,0.00045198810566081686,0.9998872724057881,-0.0005695570543472592,0.015003935672849626,0.0012378949755626287,0.9990053795120297,-0.044572629741299996,-0.014963625795329255,0.044586178472564644,0.9988934690908085,0.000147211141401552,0.07230883815577019,2.311485778364964e-05,0.03438714677358098,1.305080795152718e-06,0.27067448071314987,1.0330034218532615,-0.5559491446139031,-0.19578166585683773,0.012690691690452841,0.08661024669563151
357,0.8925,20,0.2539890723585345,1.053355291154174,-0.6925339454417362,4.890087018861668e-05,0.0022656798729546006,0.00010527507557783575,-0.19799361570160215,0.016178337689361007,0.08315417211242696,8.304034423717828e-05,0.0006854533829622129,0.00025623435818424495,-1.8115970184030445,0.9052026928768505,-0.05224430663489882,0.999727392501346,0.02210094388038986,0.0075102853249228345,0.0005334570215078131,0.9998866220758889,-0.0007346544052634107,0.015040055737042347,0.0013985919832307512,0.9990225274064041,-0.04418182516584125,-0.01499289612226257,0.044197850823601684,0.9989102877878682,0.0001469397588099336,0.07205349691048535,2.4005181948610253e-05,0.03439519207197305,1.4174498237056335e-06,0.2539890723585345,1.053355291154174,-0.6925339454417362,-0.19908607370179318,0.01615284163553305,0.0857627734114341
358,0.895,20,0.24165246058283257,1.0698953689661916,-0.8137016970956203,0.0002744956117034509,0.0026654360766482444,0.0001289226760754829,-0.20170850990967462,0.01811361879579726,0.08298744905804474,0.00011225670804833318,0.0006781978984678202,0.00023414553963971605,-1.8574471040362337,0.967640553218125,-0.08336152719110936,0.9997315790733553,0.021902393364275043,0.007528415879905744,0.0006147542202264916,0.9998858900631757,-0.0008993977626349783,0.015079719368585683,0.00155895906668118,0.9990398144843305,-0.04378377235623735,-0.01502586101357069,0.043802284857972516,0.9989272162385114,0.00014675324839252024,0.0717946922711009,2.4898735680422226e-05,0.0344035448937067,1.5378199369735185e-06,0.24165246058283257,1.0698953689661916,-0.8137016970956203,-0.20195743697228905,0.020143228823761926,0.08429866732601947
359,0.8975,20,0.23336952193659627,1.0748233508899239,-0.9206328221484483,0.000699727634102865,0.003878746582913304,0.00017856782716586477,-0.20553383902154232,0.020187823771760673,0.08279462656478971,0.0001488445350207943,0.0006694872116721542,0.00025560485659965545,-1.912664555933864,1.0371024879817061,-0.09641124662751285,0.9997357854101884,0.02170013050002196,0.007548479881464607,0.000695814655561823,0.9998850725868884,-0.0010636556253468933,0.015123169463557089,0.0017188676193651822,0.9990572403564942,-0.0433782893320286,-0.01506277238823901,0.04339929870374355,0.9989442495755223,0.00014665036399733625,0.071534642488543,2.5791105579011995e-05,0.03441219432904542,1.6625931390729951e-06,0.23336952193659627,1.0748233508899239,-0.9206328221484483,-0.20433703432113445,0.02455121173215548,0.0825743420355329
360,0.9,20,0.22609341496673624,1.08026486987475,-1.0082710370348094,0.0005885224473515458,0.0032888201274008065,0.00019839577694498247,-0.20948907408894807,0.02240821165634687,0.08259403833616887,0.00018227465879175643,0.0006582066868255492,0.0002538546097496133,-1.9776175337028599,1.1101939422930986,-0.10029411431042752,0.9997400105337111,0.021494045442558674,0.007570616019026161,0.0007766090786601514,0.9998841653028628,-0.0012273680074783289,0.015170680418871443,0.0018782606664427728,0.9990748057777044,-0.042965155616048495,-0.015103910535560143,0.0429886732525742,0.9989613835672114,0.00014662272633364577,0.0712751478866481,2.667726805758078e-05,0.03442111524730936,1.7886845312132185e-06,0.22609341496673624,1.08026486987475,-1.0082710370348094,-0.20623588458588232,0.029275297108687065,0.08049369999072689
361,0.9025,20,0.41989329933552105,0.9008895354625253,0.3245980352207236,0.0014798028510625675,0.0013705802092147952,0.003015256543003395,-0.21344019451237864,0.0242653856213853,0.08239551039326846,0.00016547776843746576,0.0006592830373269438,0.0002823705123044565,-1.975560211715295,0.928586982519217,-0.0992639714502004,0.9997442536585287,0.02128400879717726,0.0075949707465904175,0.0008571263802995866,0.9998831635074532,-0.001390511498357824,0.01522254289205397,0.0020371171950967614,0.9990925126077798,-0.042544111280022064,-0.015149570550379613,0.04257015067916008,0.9989786147777603,0.00014667681248723677,0.07101767484267335,2.7556592896779092e-05,0.03443027180595204,1.9142494326061215e-06,0.41989329933552105,0.9008895354625253,0.3245980352207236,-0.2100823204244741,0.026289866820650837,0.07955447403771232
362,0.905,20,0.3621062783157612,0.9478335107908986,0.016420226617902767,0.0012025477298690424,0.001650043320265022,0.0029716829584738357,-0.21725311477898632,0.02603364135866789,0.08205075217696679,0.00015537794294932116,0.0006588611215770096,0.00030512021597830927,-1.906460133303837,0.884127868641294,-0.17237910815083057,0.9997485148756863,0.021070024298779272,0.0076211813974135165,0.0009373761338177291,0.9998820778401829,-0.0015531238408705598,0.015278030643158013,0.002195437749786189,0.9991103508040652,-0.042115163175091536,-0.01519902849149147,0.04214373882930526,0.9989959433403132,0.00014669888557953804,0.07071903565860638,2.8515406562166014e-05,0.03443944152606297,2.045294704293594e-06,0.3621062783157612,0.9478335107908986,0.016420226617902767,-0.21442366717439348,0.02478523318275628,0.07945126928018499
363,0.9075,20,0.3135899762175179,0.9871241294119433,-0.25188196520364975,0.0007275500024750397,0.0021701868809325467,0.0027710423914679093,-0.22099983907336768,0.027751060861801385,0.0815433051766835,0.00014883754463312356,0.0006564630499621213,0.0003384439726981562,-1.8733621471906905,0.8587097515667487,-0.253723500141657,0.9997527895163878,0.020852230975441918,0.007649156299149061,0.0010172145591659592,0.9998809113649036,-0.0017149222382914755,0.015336953080920868,0.0023529301339599265,0.9991282994757749,-0.04167859050437051,-0.015252108309163626,0.041709713836981833,0.999013349742516,0.00014670530782901059,0.07038869083584043,2.953679494045897e-05,0.03444874911760938,2.1779701155728978e-06,0.3135899762175179,0.9871241294119433,-0.25188196520364975,-0.2190799061194443,0.024594848958014875,0.07997410425980164
364,0.91,20,0.2834435990363908,1.0260623736980263,-0.48155144533986965,0.0007342594787507778,0.002383776299213109,0.0027210373161090096,-0.2247350081969537,0.029452481108961884,0.08088561352450951,0.00014740035776037946,0.000653493876220212,0.00036685479701681215,-1.867584561792999,0.8507101235802484,-0.3288458260869923,0.9997570742431211,0.02063069613941709,0.0076788416137489775,0.0010964803274694274,0.9998796662447249,-0.0018755882322400153,0.01539919475559375,0.0025092676243838805,0.9991463442153891,-0.0412345294263505,-0.015308710145758268,0.041268208221419425,0.999030819536548,0.0001466986815450273,0.07003468703892804,3.0606453479046175e-05,0.034458275108402145,2.309333129333104e-06,0.2834435990363908,1.0260623736980263,-0.48155144533986965,-0.22385929944448013,0.02552468973268137,0.08060278487485131
365,0.9125,20,0.25763354828705687,1.0624693721488778,-0.6796815153444082,0.000572163399034368,0.002818793318857483,0.0029383534242845297,-0.2285045684001274,0.031173675840639903,0.08012432446697078,0.0001514717877720938,0.0006598294354418304,0.0003975629978937671,-1.884780101586855,0.8605973658390098,-0.38064452876935906,0.9997613666125537,0.020405432515332004,0.007710218692112724,0.0011750236513336143,0.9998783436942772,-0.0020348258085180187,0.015464711284658962,0.0026641471973194494,0.999164475286562,-0.04078300681705675,-0.015368803821374132,0.0408192455743375,0.999048341703164,0.00014669190858894403,0.06966384001206957,3.171156556555892e-05,0.03446806470705839,2.4371059629995312e-06,0.25763354828705687,1.0624693721488778,-0.6796815153444082,-0.22866435491118026,0.027522568226183607,0.08113193491098236
366,0.915,20,0.2389985984527226,1.0948409561311565,-0.8612568459378505,0.0005200805869095215,0.002868805729268023,0.002733451281868979,-0.23234920552489233,0.03294481915688724,0.07931043349785098,0.00015968123157566859,0.0006637790867614382,0.0004199587048860014,-1.922318562382461,0.8855716581236648,-0.4069454845599002,0.999765664779986,0.02017640665752194,0.007743305663208658,0.001252740527495808,0.9998769437171537,-0.0021924297646685725,0.015533533872583096,0.0028173581004061346,0.9991826865111222,-0.04032395652401533,-0.015432430663306641,0.04036275793529969,0.9990659076635928,0.00014669384154553455,0.06928191161774945,3.2841652265964927e-05,0.03447813596744466,2.5594555849536647e-06,0.2389985984527226,1.0948409561311565,-0.8612568459378505,-0.23341268634740442,0.030576562166299677,0.08144664863212514
367,0.9175,20,0.22193274817360575,1.1228178331544216,-1.0181377201805322,0.0005597479859289547,0.002947245431408384,0.002498312714704654,-0.23630507160629294,0.03478474741782647,0.07850298229510211,0.00017177800389164813,0.0006647759756744355,0.0004361190409179624,-1.9779330407003153,0.9199641304696149,-0.40372560137443525,0.9997699673544795,0.019943544156508876,0.007778151894179915,0.0013295772303255128,0.9998754651549994,-0.002348294936800374,0.015605758295049843,0.002968790599830815,0.999200974541732,-0.03985722967326597,-0.015499692366239902,0.03989859628787603,0.9990835107991769,0.0001467178353330513,0.06889372303679682,3.398775022202216e-05,0.03448847592678926,2.6751301184687995e-06,0.22193274817360575,1.1228178331544216,-1.0181377201805322,-0.23803947247184673,0.03451403523915887,0.08147379664779941
368,0.92,20,0.20454797342936848,1.1459936923903808,-1.153146999589135,0.0009127823557537733,0.002805645993819903,0.002309082216872861,-0.2404048394901109,0.03670374495622545,0.07775331745504649,0.00018807332120969299,0.0006622297710296227,0.00043713668561740467,-2.0498839419089827,0.959498769199488,-0.37483242002781214,0.9997742733111719,0.019706734085829892,0.007814826805767758,0.0014055386100775634,0.9998739058864229,-0.0025024332574260194,0.015681522732850586,0.003118452112578342,0.9992193381857719,-0.03938260341838101,-0.015570728430305925,0.039426539581607314,0.9991011462273325,0.00014677548184604,0.06850327246313956,3.514237865336678e-05,0.03449905340402219,2.7833510854931005e-06,0.20454797342936848,1.1459936923903808,-1.153146999589135,-0.24249867050938567,0.039170435292152514,0.08120019531107701
369,0.9225,20,0.18691437017929965,1.1650645536019675,-1.268501837513401,0.000934438032349641,0.002882143645642549,0.0020535054101276625,-0.24467752488144262,0.03870774395167503,0.0770992381470587,0.00020765790780486972,0.0006570904947146276,0.0004338774085093253,-2.136342695665871,1.0019994977247966,-0.3270396539938985,0.9997785819279592,0.019465832524407187,0.007853411185990164,0.001480680584861818,0.9998722630354988,-0.0026549590970592384,0.015760989958226956,0.003266451844626401,0.9992377778982747,-0.03889978808766186,-0.015645699237078713,0.03894630166153399,0.999118810593751,0.00014688227866012157,0.0681138359291274,3.629898853381841e-05,0.03450982416962761,2.88367197168138e-06,0.18691437017929965,1.1650645536019675,-1.268501837513401,-0.24675698953981812,0.04439510583862459,0.08061680395897391
370,0.925,20,0.17240444917810288,1.18274558502018,-1.3655696575286485,0.0009486380479423794,0.002948756113968003,0.0017931511272997276,-0.24915124761636653,0.0407999413846792,0.0765521691884443,0.00023023565589739192,0.0006494334827572494,0.00042683379741691104,-2.236861367461947,1.0460987165020814,-0.2735344793071918,0.9997828927034502,0.01922066630284071,0.007893992569639286,0.001555096687261628,0.9998705331112075,-0.0028060625348916846,0.015844337441496034,0.0034129737228042476,0.9992562953223362,-0.038408434868495,-0.015724777463517997,0.03845753855527226,0.9991365017363707,0.00014704657040364612,0.06772805435019064,3.745263747659583e-05,0.034520735453725845,2.975967064288333e-06,0.17240444917810288,1.18274558502018,-1.3655696575286485,-0.25078526567013704,0.050058199698829686,0.0796220406771895
371,0.9275,20,0.3538288897326141,0.8018608597340894,0.05428902670942888,0.0020356540693624685,0.0018118197763843614,0.005057307154702834,-0.2534704825957651,0.04235412927727841,0.07599815056665828,0.00022849212344939465,0.0006312241003569905,0.0004362452315284843,-2.1596174896992695,0.7770939462996089,-0.2770093108930193,0.9997872053464839,0.01897103408642782,0.007936661948835185,0.0016288917303084857,0.9998687122176817,-0.002955956852986625,0.015931749660288982,0.0035582235904418526,0.9992748931548451,-0.03790813837757569,-0.01580814261813385,0.03795985022963454,0.999154218525603,0.0001472755328775368,0.06734800774329369,3.8599375223901484e-05,0.03453172994564807,3.060333939699295e-06,0.3538288897326141,0.8018608597340894,0.05428902670942888,-0.25136797419418594,0.04525315065871864,0.07824277742140723
372,0.93,20,0.2900921212663645,0.9368329844924794,-0.3115255338366351,0.0019291994575264123,0.0021063102423922045,0.0050413629532687475,-0.2577105423965609,0.04383989641373693,0.07524429236227541,0.00023390919272478296,0.0006124607971977392,0.00044409973419957504,-2.120029900397894,0.7428835682292623,-0.37692910219143233,0.9997915177875689,0.018717089578677543,0.007980881886524313,0.0017020699299294447,0.9998668169645339,-0.0031046723948756397,0.016022151619918244,0.0037021879196233224,0.9992935470313148,-0.03739920675871707,-0.015894720438527594,0.03745354283501056,0.9991719521640342,0.00014751556085683485,0.06691418030746658,3.981910713778519e-05,0.034543108596427376,3.145755342704798e-06,0.2900921212663645,0.9368329844924794,-0.3115255338366351,-0.25373228287162686,0.04239084117509399,0.0762948269696976
373,0.9325,20,0.2253371180581464,1.0420725696147755,-0.6279699951119548,0.001765285470532229,0.003158929592672863,0.0048383972015798695,-0.2619733816019251,0.04527675696107629,0.07419715886839479,0.00024345980892215093,0.0005939521986798891,0.000488757972737671,-2.131419602682129,0.7184302736696792,-0.523566746940311,0.9997958261094788,0.018458913259455773,0.008026581173149762,0.0017744323079952132,0.9998648507693103,-0.0032518160992045424,0.01611539289380423,0.003844463961785151,0.9993122398225285,-0.03688180361272883,-0.01598437652557199,0.03693877411255436,0.9991896850319014,0.00014778050548248448,0.06643986467263055,4.109413866922969e-05,0.03455484273684789,3.2305059992950843e-06,0.2253371180581464,1.0420725696147755,-0.6279699951119548,-0.2573848734179155,0.041307721235578125,0.07406533358845642
374,0.935,20,0.18356586852264178,1.1198785300405774,-0.8965562353634962,0.0012695801065553398,0.002493179829055148,0.004814407588859176,-0.2663394486068477,0.04668821588543848,0.07283018846980736,0.00025685591175421456,0.0005793059558609995,0.000489754268165154,-2.1830335024612775,0.70572946218109,-0.6834851992937085,0.9998001283526459,0.01819648458692097,0.00807370666580885,0.0018456856139034154,0.9998628174105783,-0.0033968072695511097,0.016211355901165993,0.0039844595851659574,0.9993309627865852,-0.03635589220265314,-0.016077015941863212,0.03641549829962897,0.9992074064187049,0.00014806460973473,0.06593627231384724,4.2409458890983786e-05,0.03456690246153253,3.313270015157012e-06,0.18356586852264178,1.1198785300405774,-0.8965562353634962,-0.26193104156500285,0.04181176375777888,0.07193242353939636
375,0.9375,20,0.15941406330301866,1.1707836241023628,-1.1272800146094997,0.000891499570474271,0.0024467012672233722,0.00459624409964554,-0.2708856001674857,0.048089668729398204,0.07118536451259967,0.0002761348683383837,0.0005650400504450937,0.00047939511509056607,-2.2730757803189907,0.7007264219798647,-0.8224119786038515,0.9998044238656423,0.01792970295609081,0.008122228436136102,0.001915509287046026,0.9998607204588049,-0.00353901103188581,0.01630996886924512,0.004121527604691547,0.9993497131521552,-0.03582127626019109,-0.016172590819139646,0.03588350907619481,0.9992251103142752,0.0001483912700058175,0.06541279256123099,4.375498263948716e-05,0.03457925435279195,3.3934325084861022e-06,0.15941406330301866,1.1707836241023628,-1.1272800146094997,-0.2671189873324913,0.04379021498818075,0.07046464207600114
376,0.94,20,0.1394431022391683,1.2085740303437338,-1.3230013482756324,0.0015770854539738724,0.002225356862120065,0.00440464194386487,-0.2756724608454133,0.049485980330563735,0.06936900217188206,0.0003023901197489202,0.0005466933447302561,0.000448621204410901,-2.3934303389638263,0.698155800582766,-0.9081811703587965,0.9998087130640848,0.017658390683848932,0.008172132828295531,0.001983624115600019,0.9998585629608094,-0.0036778759200371772,0.01641119443130017,0.004255102776846577,0.9993684929476492,-0.035277604849295464,-0.01627108399288749,0.03534244660831184,0.9992427949669865,0.00014877509975727088,0.06487725251872084,4.511969905809437e-05,0.03459185429027194,3.470102415580283e-06,0.1394431022391683,1.2085740303437338,-1.3230013482756324,-0.2727974285910154,0.04704269433333887,0.06970531780986956
377,0.9425,20,0.11341635653550511,1.2366890341815449,-1.4873374500827254,0.001572799289170043,0.0024490970830278336,0.004053955141612388,-0.28075201195695754,0.050874516230203656,0.06747951514402399,0.000333926926042282,0.0005260881732909299,0.00041847678514698414,-2.53977555577209,0.6942679498199564,-0.944743513929035,0.9998129969713434,0.01738230865404834,0.008223412910741372,0.002049856857321061,0.9998563471339279,-0.003813063252952474,0.016515012704423487,0.0043848308585692445,0.9993873068654398,-0.034724402580678645,-0.016372487726061195,0.03479182985806131,0.9992604616519097,0.00014923493537104916,0.06433615530548471,4.6494087526210725e-05,0.03460464417597945,3.5428864697893758e-06,0.11341635653550511,1.2366890341815449,-1.4873374500827254,-0.27885485356625095,0.051329185170176664,0.06965377143790522
378,0.945,20,0.09184079219278593,1.2628571382048845,-1.6220527070406774,0.0015600430950361728,0.0026278435206550195,0.0037058382422053195,-0.2861618509606485,0.052212106877788614,0.06557406603855082,0.00037013872380721935,0.0005031861491621653,0.00038825718493795257,-2.704919501845496,0.6687953237924786,-0.9527245527365901,0.9998172770146976,0.017101164994743963,0.008276060800891483,0.0021141325308793113,0.9998540745225236,-0.003944431898018731,0.016621405407173447,0.0045105530230690445,0.9994061611989289,-0.03416108705891455,-0.016476788890248152,0.03423107381638135,0.9992781139468849,0.00014977882694000046,0.06379483922790422,4.787134593266875e-05,0.034617561236958534,3.6120426386067045e-06,0.09184079219278593,1.2628571382048845,-1.6220527070406774,-0.2851811992619705,0.05645178994191156,0.07001981177026602
379,0.9475,20,0.07445827171448857,1.2870791558854937,-1.7305564704790115,0.0015398488054407032,0.0027701203739001375,0.0033651529912005077,-0.2919404734905078,0.05349433049662637,0.0637116495009132,0.0004104562986331771,0.00047798516849269766,0.0003575151338715621,-2.88931126492966,0.6411118094188779,-0.9312082688188074,0.9998215550903329,0.01681462968864921,0.008330026469065444,0.0021764338277717177,0.999851747589636,-0.004071958287719886,0.016730271894200954,0.004632223529215812,0.9994250627284539,-0.03358699890435965,-0.01658388817877763,0.033659517909933684,0.9992957577749165,0.0001504138550790285,0.06325760635461487,4.924612347363321e-05,0.0346305432153359,3.6778564987777316e-06,0.07445827171448857,1.2870791558854937,-1.7305564704790115,-0.2916838301902556,0.06222720772820341,0.07056300185827574
380,0.95,20,0.06100742909207872,1.3093843550478454,-1.8159275636806058,0.0015132442095812464,0.0028826681935711605,0.0030358608309754695,-0.2981252294450795,0.05471557095815876,0.06193723215724939,0.000454345132842727,0.000450516270103303,0.0003259899456786316,-3.0923779772858495,0.6106202307661935,-0.887208671831909,0.9998258331714538,0.016522333740733867,0.008385256471314315,0.002236802333352437,0.9998493683784636,-0.004195737501326497,0.01684150646490372,0.004749913525009312,0.9994440184061626,-0.033001399874050534,-0.016693677686248916,0.03307642451901371,0.9993133999233402,0.00015114610609070217,0.06272785327341199,5.0614315574219534e-05,0.034643529980924584,3.7406239542606372e-06,0.06100742909207872,1.3093843550478454,-1.8159275636806058,-0.2982852117545363,0.06848735782524289,0.07108589390463085
381,0.9525,20,0.18968770456735856,0.8287174165071673,-0.09259739582378135,0.0032341101427715425,0.004582178330292835,0.0007301021423770372,-0.3041278696592522,0.05526102952223951,0.05998019599723784,0.00047529197284675387,0.00045592215598722156,0.0003753113094016344,-3.0013201070863174,0.2727292820403782,-0.9785180800057738,0.9998301132398415,0.016223870425876516,0.008441692526836823,0.002295324485215095,0.9998469386255798,-0.004315955228488598,0.016954994884153314,0.00486378293141056,0.9994630350278239,-0.03240347556307825,-0.016806038696019425,0.03248098125729228,0.9993310477113735,0.00015198066515636647,0.06220818919489195,5.1972878345195306e-05,0.03465646474836527,3.8006396666075007e-06,0.18968770456735856,0.8287174165071673,-0.09259739582378135,-0.2969398191532516,0.061913242853270656,0.06885930893322005
382,0.955,20,0.10796850529641841,1.082918444096587,-0.5339344598093549,0.0027961468553185575,0.005599655744281092,0.00029206318496794456,-0.3104112866816266,0.055694725698781714,0.05748738839134316,0.0005128650551684999,0.00044979148293827406,0.0004403395064516068,-3.1417085111872014,0.21684808827110189,-1.2464038029473399,0.9998343931478477,0.01591942204643659,0.008498657421368959,0.002351829589263091,0.9998444834392346,-0.004432292791698323,0.017069379506557323,0.0049734676489737355,0.999482081798581,-0.031793596574141623,-0.016919620435306214,0.03187354615011196,0.9993486896474832,0.00015285267734374352,0.06161967270155274,5.3434011615618796e-05,0.03467597609844215,3.99533602978969e-06,0.10796850529641841,1.082918444096587,-0.5339344598093549,-0.29912357624118574,0.05749097668627985,0.06372345174567215
383,0.9575,20,0.046120143017592104,1.2594178780916983,-0.8963483429521887,0.0016065673177525276,0.0061106018758347305,0.0005526637764434426,-0.3171191187913253,0.05598898234553502,0.05442670420661157,0.0005792864859574285,0.00043400872551640736,0.0005129432962209358,-3.3539160548493383,0.14712832337664858,-1.5303420923657955,0.9998386742935856,0.015608712172863734,0.008556033964901465,0.0024057792794400677,0.9998420130177001,-0.0045436849877978835,0.017184409546004385,0.0050778796737954565,0.9995011606607266,-0.03117122031423857,-0.017034205080707507,0.03125355603114635,0.9993663247741923,0.00015379131885272907,0.060980415698766666,5.496624923630573e-05,0.03470123660767695,4.302810730516195e-06,0.046120143017592104,1.2594178780916983,-0.8963483429521887,-0.303943290487043,0.05495930467688283,0.057461465908691924
384,0.96,20,0.007100987960753038,1.39270649960342,-1.196433315177832,0.0015967708748703283,0.005877217956204489,0.00018891454598404792,-0.32436816832776455,0.0561182997073288,0.05090800849362543,0.0006344652128742262,0.0004127788557391596,0.0005557095576930541,-3.6245247682196453,0.0646586808968946,-1.7593478564930645,0.9998429602492613,0.015291321132260564,0.008613677617065853,0.0024566025184073323,0.9998395393239516,-0.0046490044471757174,0.017299779250566423,0.0051758624894649935,0.9995202812041932,-0.03053551880974931,-0.01714952045855328,0.030620160338256642,0.9993839601118787,0.00015485258568920747,0.06030550595433572,5.6537909806950715e-05,0.03473160230165094,4.699571401559873e-06,0.007100987960753038,1.39270649960342,-1.196433315177832,-0.310767313222818,0.05423548636962065,0.0512677258894659
385,0.9625,20,-0.019516860551921197,1.4834886522036763,-1.4469495438669977,0.0015490263940932862,0.006414011447090498,0.00040861731952913374,-0.33225421218096957,0.056050866770015126,0.047085101129543,0.000699984976062055,0.000383558723143465,0.0006144200371813128,-3.9430219266025013,-0.03371646865683933,-1.9114536820412158,0.9998472557410285,0.014966711524627651,0.008671420290559135,0.002503837737834022,0.9998370745334542,-0.00474734528999314,0.017415139996038522,0.005266475873983546,0.9995394566854423,-0.02988542723200492,-0.017265243127531967,0.029972274549461407,0.9994016080325662,0.00015602292707117142,0.059607427325204,5.814069994123615e-05,0.034766547799249446,5.176691589450026e-06,-0.019516860551921197,1.4834886522036763,-1.4469495438669977,-0.31932848221787785,0.05495519945583569,0.04606148177348953
386,0.965,20,-0.046252633289356554,1.5246659395627857,-1.6510120807188826,0.0017619609019889429,0.006280718894990755,0.00043727567320534666,-0.34085417790630934,0.055746992302998656,0.04316494934548396,0.0007706584658634117,0.0003454654432908837,0.0006709273968717849,-4.299982862669906,-0.1519372335082337,-1.9600758920295214,0.9998515660280078,0.014634248770066586,0.008729064305645337,0.0025471769910918496,0.999834630651448,-0.004838111209829944,0.017530089275415404,0.005349084404144834,0.9995587013046238,-0.029219684157282846,-0.017380985188419296,0.02930862204429525,0.9994192843985674,0.0001573195848892416,0.05889658303658152,5.9757319394158064e-05,0.03480553917243647,5.719255993457942e-06,-0.046252633289356554,1.5246659395627857,-1.6510120807188826,-0.3291884291476609,0.05684511185065978,0.0429883257559129
387,0.9675,20,-0.06582651261557015,1.5514486256272346,-1.8184858244081916,0.0015772337524842673,0.006059120725822695,0.000506074819302551,-0.35023541724082186,0.05517004426389938,0.039267243461537926,0.0008453693781682311,0.0003009851449446771,0.000711461711372194,-4.690619667256245,-0.2884740195496339,-1.9488529419730223,0.9998558963251823,0.01429321937521362,0.00878637475446266,0.0025865193469868674,0.9998322190726836,-0.004921122076331212,0.01764415658803387,0.005423464403844707,0.9995780275951194,-0.028536867082968764,-0.017496277834255,0.02862777159613794,0.9994370069971323,0.0001587540455492544,0.058181447975617494,6.137619464447284e-05,0.03484810333333158,6.315731092546192e-06,-0.06582651261557015,1.5514486256272346,-1.8184858244081916,-0.3400832596898321,0.059735816058737845,0.041767421047105686
388,0.97,20,-0.09683818740085978,1.5800134305248332,-1.9452105390681091,0.001418817130537055,0.005865769029225138,0.0005703315834176872,-0.3604442821636357,0.0542916438041295,0.035433420760236006,0.0009229558564892521,0.000250939540698995,0.0007392930816651586,-5.1044324614069385,-0.4392002298849393,-1.9169113506509607,0.9998602516430823,0.013942841284780766,0.008843081335422512,0.0026218836043475345,0.9998298512777207,-0.004996439041787188,0.017756804072596766,0.005489629759900002,0.9995974458065453,-0.027835414531310398,-0.01761057804474642,0.02792815665117142,0.999454794178805,0.000160338099817935,0.05746887193634607,6.298811371890639e-05,0.03489377484365409,6.955411561212469e-06,-0.09683818740085978,1.5800134305248332,-1.9452105390681091,-0.3516460915493576,0.06260343883844297,0.04145936543286262
389,0.9725,20,-0.10698298906840228,1.6030902997967522,-2.048387218516498,0.0013520966714597443,0.0065375717979637895,0.0035356385076438226,-0.37151908058666483,0.05308424978572673,0.03170617705554929,0.0010321582523374268,0.00019889234985217855,0.0007418597982453403,-5.537399211514539,-0.6036970092013891,-1.8636218523433594,0.9998646364341053,0.013582285608083278,0.008898885643984741,0.002653330068070855,0.9998275393476903,-0.0050642073948821455,0.017867438691777073,0.0055476762205232365,0.9996169627144207,-0.027113670761237718,-0.01772328554458886,0.027208117484643753,0.9994726627039114,0.00016207976759757803,0.05676380963909498,6.458632436073466e-05,0.03494213301703654,7.628873218291245e-06,-0.10698298906840228,1.6030902997967522,-2.048387218516498,-0.36384974363643136,0.06609713128774539,0.0420894480206871
390,0.975,20,-0.11317891948570599,1.6271963123170454,-2.1085939975283976,0.0010917119328860546,0.006171317437937667,0.003564339896439927,-0.38348972214200583,0.05151804674424381,0.028140291495902227,0.0011434669837626045,0.00013967266928673896,0.0007259775007907789,-5.985559443894915,-0.781561500652826,-1.7830511700492766,0.9998690437407647,0.013210772692555613,0.008953445408181016,0.0026845240019809174,0.999825258292411,-0.005131781029314211,0.017975475069681945,0.005604908757724951,0.9996365376314968,-0.026370013840167,-0.017833616524170426,0.026466156796561748,0.9994906226003767,0.00016404504591288458,0.05607053036171054,6.616057661492472e-05,0.03499278122591576,8.37934937355283e-06,-0.11317891948570599,1.6271963123170454,-2.1085939975283976,-0.37663686458582385,0.07004115553080471,0.04335403974203375
391,0.9775,20,-0.13583840005998704,1.1916617197396389,-0.2927377143551723,0.002628065715131012,0.006719225959329111,0.00414999224851302,-0.3955618346265425,0.04927567191370309,0.024278802637025695,0.0012025156178160888,0.00015212291899924438,0.0007810638103255219,-6.036144711631797,-1.1168626653693252,-1.930852819664018,0.9998734728110974,0.012827267829375589,0.009006467947903421,0.0027171867459713124,0.9998230008625818,-0.005202629142812355,0.018080364933930074,0.0056647426490701305,0.999656156192442,-0.025602345151799558,-0.017940948605398056,0.025700234173143793,0.9995086894702737,0.00016623846002225974,0.05539224579978543,6.770680397387573e-05,0.035045549337474266,9.197066871459032e-06,-0.13583840005998704,1.1916617197396389,-0.2927377143551723,-0.3768407101677623,0.06151282954452558,0.038524281316947
392,0.98,20,-0.2220691175045803,1.6048105428097774,-0.8230082476309413,0.0025948259163129806,0.006392773757885222,0.004680217378889323,-0.40852763292360766,0.04697271544122948,0.019269976368098508,0.0012775093777011913,0.00014560874412225728,0.0007923730408888504,-6.482987617896089,-1.1471534863357706,-2.504521524689342,0.9998779319692647,0.012431719214607246,0.009057236313632101,0.0027459039668021354,0.9998208529635283,-0.0052659435220018015,0.018180534043473903,0.005716331596847476,0.9996758247375486,-0.024810662796004395,-0.018043988815051662,0.024910144000491862,0.9995268376554564,0.00016856124890305085,0.05463118894508351,6.927876661691496e-05,0.03511903491898636,1.0141846067424242e-05,-0.2220691175045803,1.6048105428097774,-0.8230082476309413,-0.3833197316640485,0.05436077036610491,0.02589381769761893
393,0.9825,20,-0.26074983889143866,1.8366452892555951,-1.249544071170861,0.0017953482550570766,0.0069595795428229,0.004872550732888321,-0.4225207061962797,0.04450532539970288,0.013087168514858687,0.0013651694094220903,0.00012598072656715863,0.0008245127814374262,-6.996625105699502,-1.2293702708622645,-3.091512316845662,0.9998824220317527,0.012023243711878526,0.009105684678632415,0.0027695178450644264,0.9998188325548784,-0.005319424689456927,0.018275825277488014,0.00575734415367579,0.9996955427631012,-0.02399322337420428,-0.01814263092542559,0.024094096799040288,0.9995450562343562,0.0001710475607788765,0.05381096878106193,7.085674322558413e-05,0.035210415134044125,1.1193155992900796e-05,-0.26074983889143866,1.8366452892555951,-1.249544071170861,-0.39459675717529913,0.04857023075691323,0.012020459090334178
394,0.985,20,-0.26802087537604813,1.966152232298537,-1.5908639397367181,0.001244072546757717,0.006873916523447673,0.004847073028851059,-0.4376360072987381,0.04178006734741638,0.00601160307301142,0.0014605636264375123,9.253607488959799e-05,0.000853558147200536,-7.557739020592722,-1.3583042762422137,-3.5378911111493823,0.9998869444885876,0.01160082482656152,0.009151644949801084,0.0027868439734181354,0.9998169617907612,-0.00536072455081993,0.018365879989311204,0.0057853910705700454,0.9997153087280225,-0.023148018165605463,-0.018236561234292875,0.023250034991906327,0.9995633365161124,0.00017371959739543365,0.052950883576914444,7.242825850689968e-05,0.03531739003231781,1.2333042166736976e-05,-0.26802087537604813,1.966152232298537,-1.5908639397367181,-0.4096149136831405,0.04402338583324769,0.00017272361574769516
395,0.9875,20,-0.27111387734365794,2.0407484797861795,-1.8539807598334708,0.0007109977998414652,0.005816665104537882,0.0047032925682729465,-0.45394515736963303,0.038705965400940415,-0.0016465308579593635,0.001558280874608693,4.806609281890412e-05,0.0008344138852106296,-8.154663504810962,-1.532726223336942,-3.8291753557111416,0.9998914996800854,0.011163348320018753,0.009194858786264472,0.0027969793879378925,0.9998152629564082,-0.005388061006790103,0.018450169592592113,0.005798642652327924,0.9997351131211788,-0.022272838525309063,-0.01832527497198626,0.022375709847309785,0.9995816684523732,0.00017659178459671952,0.05206665060625994,7.398614121956534e-05,0.03543800966771846,1.3546343598175001e-05,-0.27111387734365794,2.0407484797861795,-1.8539807598334708,-0.42753796248230785,0.04039567207419163,-0.008348631106334714
396,0.99,20,-0.28946272775155873,2.0537665126283837,-2.0589794255440417,0.0009725308940364886,0.005150838585025197,0.004688637657283308,-0.47149215990558024,0.035208955525093004,-0.009692696936666875,0.001661177877758077,1.9017316055664033e-05,0.0007888531047183959,-8.77358973733714,-1.744180188022665,-4.023191429579505,0.999896086014277,0.010709625187138071,0.009234979359193235,0.002799331690938239,0.9998137577966387,-0.005400275267353914,0.018527999017728756,0.005795887937545578,0.9997549353408702,-0.021365321073827853,-0.018408079844991054,0.02146872815536925,0.9996000381691725,0.00017966822170957744,0.051170927903316996,7.552841245014863e-05,0.03557062032396602,1.4820423779825703e-05,-0.28946272775155873,2.0537665126283837,-2.0589794255440417,-0.4477182675646273,0.03740885118083494,-0.01185854538923875
397,0.9925,20,-0.3047977899235124,2.0760196143301863,-2.219345130921941,0.000568062363902478,0.006208533431783513,0.004677084675094388,-0.4903016011663582,0.031220239802925622,-0.01785344852490376,0.0017716511179832195,7.619443305635042e-05,0.0008142891334416126,-9.404809099752454,-1.9900331111826528,-4.080484184344192,0.9999006994532187,0.010238420373923583,0.009271586707656963,0.0027935033798882846,0.999812468037578,-0.005396599162457904,0.01859853419189327,0.005776304771443,0.9997747421742268,-0.020423006968755014,-0.018484129944216176,0.020526607803974084,0.9996184248563385,0.00018295554781393302,0.05027380545473999,7.705329163988712e-05,0.03571377817747521,1.6143445813932535e-05,-0.3047977899235124,2.0760196143301863,-2.219345130921941,-0.46980345461577766,0.03492678551225425,-0.012146505752997357
398,0.995,20,-0.31105903039002236,2.1085409962932027,-2.3325254876720356,0.00043866943363263526,0.005308481105487099,0.004588812432365481,-0.5102526872618228,0.02674410776672833,-0.025897290521542583,0.0018850257853655816,0.00014778589982490314,0.0008072688808076817,-9.975631517095813,-2.233741268197615,-4.0220293885451595,0.9999053327204752,0.009748471407192837,0.009304192631347482,0.0027793707665289893,0.9998114141952419,-0.0053768119904520515,0.01866081289038079,0.005739618613786873,0.9997944848067306,-0.01944337748983894,-0.018552434424590807,0.019546816693861827,0.9996367986094038,0.00018646729560244555,0.04938325856626797,7.855985005801406e-05,0.03586616129445195,1.7504254590138285e-05,-0.31105903039002236,2.1085409962932027,-2.3325254876720356,-0.4932410169453424,0.03288277551500922,-0.010856505289435131
399,0.9975,20,-0.3094263607034276,2.12407676822178,-2.413137744471069,0.00038477040233496373,0.004513460953253929,0.004328874334818181,-0.5311050952753802,0.021773013672880086,-0.03373883286265803,0.0019942780324913425,0.0002253623541934583,0.0007821103238829275,-10.426292476142216,-2.481222297023086,-3.9208795607834745,0.9999099730917579,0.009238634369110835,0.009332312714404713,0.002757042987451233,0.9998106133067318,-0.005341153908817186,0.01871388773449054,0.005686025208763544,0.9998140926979184,-0.018424146112192504,-0.018612002486086607,0.018527064461496313,0.9996551111487889,0.00019020790428484825,0.04850529455624239,8.005006343162674e-05,0.036026618969613504,1.8894068471945655e-05,-0.3094263607034276,2.12407676822178,-2.413137744471069,-0.5177519661455813,0.03109651555545321,-0.008252306028155089
